<?xml version="1.0" encoding="UTF-8"?>
<osm version="0.6" generator="openstreetmap-cgimap 2.1.0 (908582 spike-06.openstreetmap.org)" copyright="OpenStreetMap and contributors" attribution="http://www.openstreetmap.org/copyright" license="http://opendatacommons.org/licenses/odbl/1-0/">
 <bounds minlat="53.2268000" minlon="10.3971000" maxlat="53.2302000" maxlon="10.4054900"/>
 <node id="170815406" visible="true" version="5" changeset="164444059" timestamp="2025-04-03T01:39:06Z" user="hotteliene" uid="1913655" lat="53.2181182" lon="10.4011899"/>
 <node id="170815408" visible="true" version="3" changeset="31443069" timestamp="2015-05-25T11:57:22Z" user="Swen Wacker" uid="327655" lat="53.2211719" lon="10.4056826"/>
 <node id="175237700" visible="true" version="28" changeset="68812806" timestamp="2019-04-02T20:35:40Z" user="hotteliene" uid="1913655" lat="53.2302690" lon="10.4053882"/>
 <node id="270540950" visible="true" version="18" changeset="154825601" timestamp="2024-08-04T18:35:13Z" user="OSM_RogerWilco" uid="10114909" lat="53.2301200" lon="10.4053990">
  <tag k="crossing" v="traffic_signals"/>
  <tag k="highway" v="crossing"/>
  <tag k="tactile_paving" v="no"/>
 </node>
 <node id="270544778" visible="true" version="21" changeset="149491400" timestamp="2024-04-02T17:08:54Z" user="Karten-Wiesel" uid="21225296" lat="53.2300910" lon="10.4052614">
  <tag k="bench" v="no"/>
  <tag k="bin" v="no"/>
  <tag k="bus" v="yes"/>
  <tag k="highway" v="bus_stop"/>
  <tag k="name" v="Universitätsallee"/>
  <tag k="network" v="Hamburger Verkehrsverbund"/>
  <tag k="network:short" v="HVV"/>
  <tag k="network:wikidata" v="Q896916"/>
  <tag k="network:wikipedia" v="de:Hamburger Verkehrsverbund"/>
  <tag k="operator" v="KVG"/>
  <tag k="public_transport" v="platform"/>
  <tag k="ref_name" v="Lüneburg, Scharnhorststraße (Ost)"/>
  <tag k="shelter" v="no"/>
  <tag k="tactile_paving" v="yes"/>
  <tag k="wheelchair" v="yes"/>
 </node>
 <node id="272605390" visible="true" version="5" changeset="154317001" timestamp="2024-07-23T17:16:21Z" user="hotteliene" uid="1913655" lat="53.2297309" lon="10.4030968"/>
 <node id="273106543" visible="true" version="7" changeset="89378247" timestamp="2020-08-13T22:56:22Z" user="hotteliene" uid="1913655" lat="53.2298407" lon="10.3966897"/>
 <node id="273106544" visible="true" version="5" changeset="75187125" timestamp="2019-10-02T12:24:55Z" user="aseidel" uid="9616280" lat="53.2295629" lon="10.4048639"/>
 <node id="273106548" visible="true" version="6" changeset="31443069" timestamp="2015-05-25T11:57:22Z" user="Swen Wacker" uid="327655" lat="53.2276090" lon="10.4054543"/>
 <node id="273106552" visible="true" version="8" changeset="62424640" timestamp="2018-09-09T13:17:35Z" user="hotteliene" uid="1913655" lat="53.2273814" lon="10.3982007"/>
 <node id="273706980" visible="true" version="11" changeset="89378247" timestamp="2020-08-13T22:56:22Z" user="hotteliene" uid="1913655" lat="53.2277027" lon="10.4027617"/>
 <node id="273712606" visible="true" version="5" changeset="10809765" timestamp="2012-02-27T15:43:13Z" user="rundus" uid="43816" lat="53.2274638" lon="10.4034151"/>
 <node id="273712613" visible="true" version="9" changeset="155469026" timestamp="2024-08-19T16:18:28Z" user="oz42" uid="20098342" lat="53.2266714" lon="10.4035829">
  <tag k="highway" v="crossing"/>
 </node>
 <node id="274058480" visible="true" version="9" changeset="89378247" timestamp="2020-08-13T22:56:22Z" user="hotteliene" uid="1913655" lat="53.2301484" lon="10.4020104"/>
 <node id="274097005" visible="true" version="6" changeset="133409475" timestamp="2023-03-07T16:19:55Z" user="aseidel" uid="9616280" lat="53.2286509" lon="10.4039177"/>
 <node id="274097006" visible="true" version="9" changeset="154317001" timestamp="2024-07-23T17:16:21Z" user="hotteliene" uid="1913655" lat="53.2286475" lon="10.4031886"/>
 <node id="274098134" visible="true" version="8" changeset="89378247" timestamp="2020-08-13T22:56:22Z" user="hotteliene" uid="1913655" lat="53.2294589" lon="10.4047959"/>
 <node id="274227868" visible="true" version="7" changeset="89378247" timestamp="2020-08-13T22:56:22Z" user="hotteliene" uid="1913655" lat="53.2297163" lon="10.4047618"/>
 <node id="274228100" visible="true" version="4" changeset="121727329" timestamp="2022-05-30T15:57:03Z" user="KTim" uid="75623" lat="53.2297861" lon="10.4024549"/>
 <node id="274228101" visible="true" version="7" changeset="121727329" timestamp="2022-05-30T15:57:03Z" user="KTim" uid="75623" lat="53.2293735" lon="10.4024957"/>
 <node id="274229128" visible="true" version="3" changeset="6813055" timestamp="2010-12-30T19:16:39Z" user="ebe" uid="112608" lat="53.2300599" lon="10.4026676"/>
 <node id="274229129" visible="true" version="3" changeset="6813055" timestamp="2010-12-30T19:16:30Z" user="ebe" uid="112608" lat="53.2300658" lon="10.4029255"/>
 <node id="274229131" visible="true" version="4" changeset="6813055" timestamp="2010-12-30T19:16:32Z" user="ebe" uid="112608" lat="53.2295623" lon="10.4029581"/>
 <node id="274229132" visible="true" version="5" changeset="6813055" timestamp="2010-12-30T19:16:35Z" user="ebe" uid="112608" lat="53.2295563" lon="10.4027002"/>
 <node id="275121499" visible="true" version="4" changeset="62802969" timestamp="2018-09-21T16:13:10Z" user="ma-rt-in" uid="1431737" lat="53.2287663" lon="10.4021257">
  <tag k="amenity" v="studio"/>
  <tag k="name" v="Radio Zusa"/>
  <tag k="studio" v="radio"/>
 </node>
 <node id="275907691" visible="true" version="6" changeset="147237385" timestamp="2024-02-09T00:26:49Z" user="hotteliene" uid="1913655" lat="53.2267454" lon="10.4022109"/>
 <node id="275907701" visible="true" version="5" changeset="147237385" timestamp="2024-02-09T00:26:49Z" user="hotteliene" uid="1913655" lat="53.2268110" lon="10.4021568"/>
 <node id="275907705" visible="true" version="5" changeset="89356037" timestamp="2020-08-13T12:09:47Z" user="hotteliene" uid="1913655" lat="53.2275010" lon="10.4021019"/>
 <node id="275907710" visible="true" version="12" changeset="89356037" timestamp="2020-08-13T12:09:47Z" user="hotteliene" uid="1913655" lat="53.2274944" lon="10.4019046">
  <tag k="barrier" v="bollard"/>
  <tag k="bicycle" v="yes"/>
  <tag k="bollard" v="rising"/>
  <tag k="bus" v="yes"/>
  <tag k="foot" v="yes"/>
 </node>
 <node id="275907714" visible="true" version="9" changeset="89356037" timestamp="2020-08-13T12:09:47Z" user="hotteliene" uid="1913655" lat="53.2274971" lon="10.4019859"/>
 <node id="275907728" visible="true" version="7" changeset="89378247" timestamp="2020-08-13T22:56:22Z" user="hotteliene" uid="1913655" lat="53.2297155" lon="10.4017518"/>
 <node id="275907747" visible="true" version="10" changeset="154317001" timestamp="2024-07-23T17:16:21Z" user="hotteliene" uid="1913655" lat="53.2293494" lon="10.4018474"/>
 <node id="275907753" visible="true" version="8" changeset="154317001" timestamp="2024-07-23T17:16:21Z" user="hotteliene" uid="1913655" lat="53.2285168" lon="10.4019096"/>
 <node id="275907785" visible="true" version="9" changeset="153146348" timestamp="2024-06-25T08:50:09Z" user="aseidel" uid="9616280" lat="53.2276094" lon="10.4019775">
  <tag k="bicycle" v="yes"/>
  <tag k="bollard" v="removable"/>
  <tag k="foot" v="yes"/>
  <tag k="maxwidth:physical" v="1.3"/>
  <tag k="removed:barrier" v="bollard"/>
 </node>
 <node id="275907791" visible="true" version="14" changeset="89343585" timestamp="2020-08-13T08:32:03Z" user="hotteliene" uid="1913655" lat="53.2292535" lon="10.4027519"/>
 <node id="275907797" visible="true" version="10" changeset="89343585" timestamp="2020-08-13T08:32:03Z" user="hotteliene" uid="1913655" lat="53.2292619" lon="10.4030205"/>
 <node id="275907802" visible="true" version="13" changeset="89343585" timestamp="2020-08-13T08:32:03Z" user="hotteliene" uid="1913655" lat="53.2286740" lon="10.4028029"/>
 <node id="275907806" visible="true" version="12" changeset="89343585" timestamp="2020-08-13T08:32:03Z" user="hotteliene" uid="1913655" lat="53.2286824" lon="10.4030715"/>
 <node id="276782685" visible="true" version="4" changeset="128254644" timestamp="2022-10-30T16:30:26Z" user="KTim" uid="75623" lat="53.2330902" lon="10.4091309"/>
 <node id="276915516" visible="true" version="8" changeset="89378247" timestamp="2020-08-13T22:56:22Z" user="hotteliene" uid="1913655" lat="53.2299765" lon="10.3971986">
  <tag k="bus" v="yes"/>
  <tag k="name" v="Scharnhorststraße/DJH"/>
  <tag k="public_transport" v="stop_position"/>
  <tag k="ref_name" v="Lüneburg, Scharnhorststraße/DJH"/>
 </node>
 <node id="276915518" visible="true" version="8" changeset="146720482" timestamp="2024-01-26T18:21:28Z" user="hotteliene" uid="1913655" lat="53.2299542" lon="10.3965663"/>
 <node id="276915523" visible="true" version="5" changeset="25145117" timestamp="2014-08-31T18:49:15Z" user="hotteliene" uid="1913655" lat="53.2265752" lon="10.3994731"/>
 <node id="276915524" visible="true" version="6" changeset="152883066" timestamp="2024-06-19T08:40:18Z" user="carlottacordes" uid="21551910" lat="53.2275110" lon="10.3992314">
  <tag k="barrier" v="bollard"/>
  <tag k="bicycle" v="yes"/>
  <tag k="bollard" v="removable"/>
  <tag k="foot" v="yes"/>
  <tag k="material" v="metal"/>
  <tag k="maxwidth:physical" v="1.6"/>
 </node>
 <node id="276915527" visible="true" version="3" changeset="15565730" timestamp="2013-04-01T10:33:20Z" user="KartoGrapHiti" uid="57645" lat="53.2281967" lon="10.3991471"/>
 <node id="276915528" visible="true" version="6" changeset="156109193" timestamp="2024-09-02T17:18:17Z" user="hotteliene" uid="1913655" lat="53.2298577" lon="10.3990871"/>
 <node id="276915529" visible="true" version="3" changeset="6813055" timestamp="2010-12-30T19:16:23Z" user="ebe" uid="112608" lat="53.2273453" lon="10.3992944"/>
 <node id="276915530" visible="true" version="6" changeset="89378247" timestamp="2020-08-13T22:56:22Z" user="hotteliene" uid="1913655" lat="53.2292635" lon="10.3991761"/>
 <node id="276915534" visible="true" version="5" changeset="89378247" timestamp="2020-08-13T22:56:22Z" user="hotteliene" uid="1913655" lat="53.2293036" lon="10.4004248"/>
 <node id="276915535" visible="true" version="6" changeset="155898966" timestamp="2024-08-28T20:05:52Z" user="Till_btn" uid="16371836" lat="53.2299507" lon="10.4003684"/>
 <node id="276915536" visible="true" version="6" changeset="89378247" timestamp="2020-08-13T22:56:22Z" user="hotteliene" uid="1913655" lat="53.2296669" lon="10.4003931"/>
 <node id="277126892" visible="true" version="6" changeset="133409475" timestamp="2023-03-07T16:19:55Z" user="aseidel" uid="9616280" lat="53.2277414" lon="10.3981093"/>
 <node id="277126896" visible="true" version="5" changeset="15565730" timestamp="2013-04-01T10:33:20Z" user="KartoGrapHiti" uid="57645" lat="53.2277807" lon="10.3991925"/>
 <node id="277126901" visible="true" version="9" changeset="154317001" timestamp="2024-07-23T17:16:21Z" user="hotteliene" uid="1913655" lat="53.2281190" lon="10.4005186"/>
 <node id="277126904" visible="true" version="7" changeset="154317001" timestamp="2024-07-23T17:16:21Z" user="hotteliene" uid="1913655" lat="53.2291881" lon="10.4018595"/>
 <node id="277126908" visible="true" version="7" changeset="15557189" timestamp="2013-03-30T22:02:31Z" user="KartoGrapHiti" uid="57645" lat="53.2274709" lon="10.3984103"/>
 <node id="277126911" visible="true" version="6" changeset="15557189" timestamp="2013-03-30T22:02:31Z" user="KartoGrapHiti" uid="57645" lat="53.2275033" lon="10.3991104"/>
 <node id="277126915" visible="true" version="6" changeset="15557189" timestamp="2013-03-30T22:02:32Z" user="KartoGrapHiti" uid="57645" lat="53.2277573" lon="10.3990239"/>
 <node id="277126929" visible="true" version="6" changeset="15557189" timestamp="2013-03-30T22:02:32Z" user="KartoGrapHiti" uid="57645" lat="53.2277273" lon="10.3983772"/>
 <node id="277126932" visible="true" version="4" changeset="15557541" timestamp="2013-03-30T22:38:27Z" user="KartoGrapHiti" uid="57645" lat="53.2290638" lon="10.3976683"/>
 <node id="277126935" visible="true" version="5" changeset="54102507" timestamp="2017-11-26T18:44:34Z" user="frink" uid="56557" lat="53.2281724" lon="10.3981908"/>
 <node id="277126939" visible="true" version="6" changeset="54102507" timestamp="2017-11-26T18:44:34Z" user="frink" uid="56557" lat="53.2282370" lon="10.3991172"/>
 <node id="277126940" visible="true" version="4" changeset="15557541" timestamp="2013-03-30T22:38:27Z" user="KartoGrapHiti" uid="57645" lat="53.2291131" lon="10.3990912"/>
 <node id="277126946" visible="true" version="6" changeset="27986480" timestamp="2015-01-07T22:09:15Z" user="Swen Wacker" uid="327655" lat="53.2294120" lon="10.3986778"/>
 <node id="277126948" visible="true" version="5" changeset="27986480" timestamp="2015-01-07T22:09:15Z" user="Swen Wacker" uid="327655" lat="53.2295603" lon="10.3986671"/>
 <node id="277126952" visible="true" version="5" changeset="27986480" timestamp="2015-01-07T22:09:15Z" user="Swen Wacker" uid="327655" lat="53.2295398" lon="10.3978750"/>
 <node id="277126954" visible="true" version="6" changeset="24960696" timestamp="2014-08-23T17:21:21Z" user="Moonwalker" uid="166598" lat="53.2284340" lon="10.3973924"/>
 <node id="277126961" visible="true" version="4" changeset="24960696" timestamp="2014-08-23T17:21:21Z" user="Moonwalker" uid="166598" lat="53.2282627" lon="10.3976996"/>
 <node id="277126964" visible="true" version="5" changeset="24960696" timestamp="2014-08-23T17:21:21Z" user="Moonwalker" uid="166598" lat="53.2282270" lon="10.3974819"/>
 <node id="277126967" visible="true" version="6" changeset="24960696" timestamp="2014-08-23T17:21:21Z" user="Moonwalker" uid="166598" lat="53.2284680" lon="10.3976112"/>
 <node id="277126983" visible="true" version="4" changeset="154317001" timestamp="2024-07-23T17:16:21Z" user="hotteliene" uid="1913655" lat="53.2296664" lon="10.4016023"/>
 <node id="277126987" visible="true" version="4" changeset="154317001" timestamp="2024-07-23T17:16:21Z" user="hotteliene" uid="1913655" lat="53.2296691" lon="10.4017306"/>
 <node id="277126989" visible="true" version="4" changeset="154317001" timestamp="2024-07-23T17:16:21Z" user="hotteliene" uid="1913655" lat="53.2293707" lon="10.4017486"/>
 <node id="277126990" visible="true" version="4" changeset="154317001" timestamp="2024-07-23T17:16:21Z" user="hotteliene" uid="1913655" lat="53.2293679" lon="10.4016204"/>
 <node id="277127006" visible="true" version="3" changeset="15557541" timestamp="2013-03-30T22:38:27Z" user="KartoGrapHiti" uid="57645" lat="53.2293049" lon="10.4020999"/>
 <node id="277127009" visible="true" version="3" changeset="15557541" timestamp="2013-03-30T22:38:27Z" user="KartoGrapHiti" uid="57645" lat="53.2293339" lon="10.4029261"/>
 <node id="277127013" visible="true" version="3" changeset="15557541" timestamp="2013-03-30T22:38:27Z" user="KartoGrapHiti" uid="57645" lat="53.2292963" lon="10.4029298"/>
 <node id="277127016" visible="true" version="3" changeset="15557541" timestamp="2013-03-30T22:38:27Z" user="KartoGrapHiti" uid="57645" lat="53.2292673" lon="10.4021036"/>
 <node id="277127030" visible="true" version="6" changeset="179746110" timestamp="2026-03-12T09:42:56Z" user="uebelhacker" uid="2047374" lat="53.2299054" lon="10.3973564">
  <tag k="amenity" v="recycling"/>
  <tag k="check_date:recycling" v="2026-03-04"/>
  <tag k="recycling:clothes" v="yes"/>
  <tag k="recycling:glass_bottles" v="yes"/>
  <tag k="recycling:paper" v="yes"/>
  <tag k="recycling:shoes" v="yes"/>
  <tag k="recycling_type" v="container"/>
 </node>
 <node id="277127032" visible="true" version="5" changeset="89378247" timestamp="2020-08-13T22:56:22Z" user="hotteliene" uid="1913655" lat="53.2301307" lon="10.4015167">
  <tag k="amenity" v="taxi"/>
  <tag k="name" v="Taxistand UNI"/>
 </node>
 <node id="277696603" visible="true" version="5" changeset="89378247" timestamp="2020-08-13T22:56:22Z" user="hotteliene" uid="1913655" lat="53.2281791" lon="10.4032279"/>
 <node id="277697077" visible="true" version="8" changeset="156109193" timestamp="2024-09-02T17:18:17Z" user="hotteliene" uid="1913655" lat="53.2300461" lon="10.3991464"/>
 <node id="287752991" visible="true" version="6" changeset="154317001" timestamp="2024-07-23T17:16:21Z" user="hotteliene" uid="1913655" lat="53.2293958" lon="10.4031252"/>
 <node id="294888995" visible="true" version="19" changeset="164957961" timestamp="2025-04-14T21:15:45Z" user="woderkant" uid="22297938" lat="53.2296613" lon="10.3988148">
  <tag k="addr:city" v="Lüneburg"/>
  <tag k="addr:country" v="DE"/>
  <tag k="addr:housenumber" v="1"/>
  <tag k="addr:postcode" v="21335"/>
  <tag k="addr:street" v="Scharnhorststraße"/>
  <tag k="amenity" v="workshop"/>
  <tag k="bicycle:repair" v="yes"/>
  <tag k="description" v="KonRad bietet Studierenden die Möglichkeit, ihre Fahrräder in einer gut ausgerüsteten Werkstatt zu reparieren und zu überholen, allein oder mit fachkundiger Hilfe. Außerdem können Fahrrad-Ersatzteile gekauft und Fahrräder und Anhänger geliehen werden."/>
  <tag k="email" v="konrad@asta-luenburg.de"/>
  <tag k="level" v="0"/>
  <tag k="name" v="KonRad Fahrrad-Selbsthilfe-Werkstatt"/>
  <tag k="name:en" v="KonRad – Bicycle self-repair workshop"/>
  <tag k="note" v="Gebäude 28"/>
  <tag k="opening_hours" v="Mo-Th 12:15-18:00; PH off"/>
  <tag k="operator" v="AStA Lüneburg"/>
  <tag k="phone" v="+49 4131 677 1540"/>
  <tag k="repair" v="assisted_self_service"/>
  <tag k="second_hand" v="yes"/>
  <tag k="service:bicycle:diy" v="yes"/>
  <tag k="service:bicycle:parts" v="yes"/>
  <tag k="service:bicycle:pump" v="yes"/>
  <tag k="service:bicycle:rental" v="yes"/>
  <tag k="service:bicycle:repair" v="yes"/>
  <tag k="service:bicycle:second_hand" v="yes"/>
  <tag k="shop" v="bicycle"/>
  <tag k="short_name" v="KonRad"/>
  <tag k="source" v="survey;local knowledge"/>
  <tag k="stroller" v="yes"/>
  <tag k="website" v="https://www.asta-lueneburg.de/service/konrad/"/>
  <tag k="wheelchair" v="yes"/>
 </node>
 <node id="305382786" visible="true" version="2" changeset="154305349" timestamp="2024-07-23T12:34:34Z" user="hotteliene" uid="1913655" lat="53.2301253" lon="10.4055591"/>
 <node id="322048059" visible="true" version="2" changeset="176966564" timestamp="2026-01-08T02:16:01Z" user="hotteliene" uid="1913655" lat="53.2282536" lon="10.3966845"/>
 <node id="322048060" visible="true" version="1" changeset="633498" timestamp="2008-12-27T15:54:34Z" user="Bitnik" uid="40381" lat="53.2283719" lon="10.3972089"/>
 <node id="322048066" visible="true" version="1" changeset="633498" timestamp="2008-12-27T15:54:35Z" user="Bitnik" uid="40381" lat="53.2271132" lon="10.3964651"/>
 <node id="322048067" visible="true" version="1" changeset="633498" timestamp="2008-12-27T15:54:36Z" user="Bitnik" uid="40381" lat="53.2271541" lon="10.3967185"/>
 <node id="322048068" visible="true" version="1" changeset="633498" timestamp="2008-12-27T15:54:36Z" user="Bitnik" uid="40381" lat="53.2271459" lon="10.3968983"/>
 <node id="322048069" visible="true" version="1" changeset="633498" timestamp="2008-12-27T15:54:36Z" user="Bitnik" uid="40381" lat="53.2271459" lon="10.3971762"/>
 <node id="322048070" visible="true" version="1" changeset="633498" timestamp="2008-12-27T15:54:36Z" user="Bitnik" uid="40381" lat="53.2272194" lon="10.3976911"/>
 <node id="322048072" visible="true" version="12" changeset="155898176" timestamp="2024-08-28T19:44:20Z" user="Till_btn" uid="16371836" lat="53.2268409" lon="10.3977920">
  <tag k="disused:highway" v="bus_stop"/>
  <tag k="disused:public_transport" v="platform"/>
  <tag k="old_name" v="Wichernstraße"/>
 </node>
 <node id="322051834" visible="true" version="2" changeset="147237385" timestamp="2024-02-09T00:26:49Z" user="hotteliene" uid="1913655" lat="53.2244874" lon="10.4032300"/>
 <node id="357367437" visible="true" version="9" changeset="146720482" timestamp="2024-01-26T18:21:28Z" user="hotteliene" uid="1913655" lat="53.2302599" lon="10.4051845">
  <tag k="direction" v="forward"/>
  <tag k="highway" v="stop"/>
 </node>
 <node id="370660701" visible="true" version="22" changeset="155570485" timestamp="2024-08-21T17:28:15Z" user="oz42" uid="20098342" lat="53.2300297" lon="10.3971229">
  <tag k="bench" v="no"/>
  <tag k="bin" v="yes"/>
  <tag k="bus" v="yes"/>
  <tag k="highway" v="bus_stop"/>
  <tag k="lit" v="no"/>
  <tag k="name" v="Scharnhorststraße/DJH"/>
  <tag k="network" v="Hamburger Verkehrsverbund"/>
  <tag k="network:short" v="HVV"/>
  <tag k="network:wikidata" v="Q896916"/>
  <tag k="network:wikipedia" v="de:Hamburger Verkehrsverbund"/>
  <tag k="operator" v="KVG"/>
  <tag k="public_transport" v="platform"/>
  <tag k="ref_name" v="Lüneburg, Scharnhorststraße/DJH"/>
  <tag k="shelter" v="no"/>
  <tag k="tactile_paving" v="yes"/>
 </node>
 <node id="386910203" visible="true" version="3" changeset="31443069" timestamp="2015-05-25T11:57:23Z" user="Swen Wacker" uid="327655" lat="53.2322098" lon="10.3999494"/>
 <node id="386910205" visible="true" version="7" changeset="127478220" timestamp="2022-10-13T15:57:56Z" user="KTim" uid="75623" lat="53.2320251" lon="10.3959654"/>
 <node id="386925601" visible="true" version="10" changeset="179655992" timestamp="2026-03-10T19:41:49Z" user="NGL-engel" uid="1957590" lat="53.2278023" lon="10.4057225"/>
 <node id="386925640" visible="true" version="5" changeset="89378247" timestamp="2020-08-13T22:56:22Z" user="hotteliene" uid="1913655" lat="53.2300073" lon="10.4047843"/>
 <node id="391475466" visible="true" version="7" changeset="89378247" timestamp="2020-08-13T22:56:22Z" user="hotteliene" uid="1913655" lat="53.2300803" lon="10.4001048"/>
 <node id="395336849" visible="true" version="6" changeset="156109193" timestamp="2024-09-02T17:18:17Z" user="hotteliene" uid="1913655" lat="53.2303778" lon="10.4019888"/>
 <node id="395336850" visible="true" version="8" changeset="156109193" timestamp="2024-09-02T17:18:17Z" user="hotteliene" uid="1913655" lat="53.2303171" lon="10.4000826"/>
 <node id="395336851" visible="true" version="3" changeset="10867130" timestamp="2012-03-04T11:28:02Z" user="rundus" uid="43816" lat="53.2302595" lon="10.4004380"/>
 <node id="395336852" visible="true" version="3" changeset="10867130" timestamp="2012-03-04T11:28:02Z" user="rundus" uid="43816" lat="53.2301136" lon="10.4004522"/>
 <node id="395336853" visible="true" version="2" changeset="10867130" timestamp="2012-03-04T11:28:02Z" user="rundus" uid="43816" lat="53.2301541" lon="10.4016166"/>
 <node id="395336854" visible="true" version="2" changeset="10867130" timestamp="2012-03-04T11:28:02Z" user="rundus" uid="43816" lat="53.2303000" lon="10.4016024"/>
 <node id="415916350" visible="true" version="4" changeset="62424640" timestamp="2018-09-09T13:17:36Z" user="hotteliene" uid="1913655" lat="53.2300377" lon="10.4021561"/>
 <node id="415916351" visible="true" version="4" changeset="62424640" timestamp="2018-09-09T13:17:36Z" user="hotteliene" uid="1913655" lat="53.2294714" lon="10.4022056"/>
 <node id="415916352" visible="true" version="4" changeset="62424640" timestamp="2018-09-09T13:17:36Z" user="hotteliene" uid="1913655" lat="53.2294638" lon="10.4019601"/>
 <node id="415916353" visible="true" version="4" changeset="62424640" timestamp="2018-09-09T13:17:36Z" user="hotteliene" uid="1913655" lat="53.2300301" lon="10.4019106"/>
 <node id="415916790" visible="true" version="7" changeset="89343585" timestamp="2020-08-13T08:32:03Z" user="hotteliene" uid="1913655" lat="53.2290702" lon="10.4023843"/>
 <node id="415916791" visible="true" version="7" changeset="89343585" timestamp="2020-08-13T08:32:03Z" user="hotteliene" uid="1913655" lat="53.2290782" lon="10.4026626"/>
 <node id="415916792" visible="true" version="7" changeset="89343585" timestamp="2020-08-13T08:32:03Z" user="hotteliene" uid="1913655" lat="53.2289267" lon="10.4026749"/>
 <node id="415916793" visible="true" version="8" changeset="89343585" timestamp="2020-08-13T08:32:03Z" user="hotteliene" uid="1913655" lat="53.2289187" lon="10.4023965"/>
 <node id="415917739" visible="true" version="5" changeset="89343585" timestamp="2020-08-13T08:32:03Z" user="hotteliene" uid="1913655" lat="53.2292285" lon="10.4019832"/>
 <node id="415917740" visible="true" version="5" changeset="89343585" timestamp="2020-08-13T08:32:03Z" user="hotteliene" uid="1913655" lat="53.2292380" lon="10.4022550"/>
 <node id="415917741" visible="true" version="5" changeset="89343585" timestamp="2020-08-13T08:32:03Z" user="hotteliene" uid="1913655" lat="53.2286876" lon="10.4023084"/>
 <node id="415917742" visible="true" version="5" changeset="89343585" timestamp="2020-08-13T08:32:03Z" user="hotteliene" uid="1913655" lat="53.2286781" lon="10.4020366"/>
 <node id="415919790" visible="true" version="4" changeset="154317001" timestamp="2024-07-23T17:16:21Z" user="hotteliene" uid="1913655" lat="53.2284838" lon="10.4020368"/>
 <node id="415919791" visible="true" version="3" changeset="154317001" timestamp="2024-07-23T17:16:21Z" user="hotteliene" uid="1913655" lat="53.2284932" lon="10.4022850"/>
 <node id="415919792" visible="true" version="3" changeset="154317001" timestamp="2024-07-23T17:16:21Z" user="hotteliene" uid="1913655" lat="53.2276227" lon="10.4023768"/>
 <node id="415919793" visible="true" version="3" changeset="154317001" timestamp="2024-07-23T17:16:21Z" user="hotteliene" uid="1913655" lat="53.2276133" lon="10.4021286"/>
 <node id="415919794" visible="true" version="2" changeset="6813055" timestamp="2010-12-30T19:16:33Z" user="ebe" uid="112608" lat="53.2281027" lon="10.4029615"/>
 <node id="415919795" visible="true" version="2" changeset="6813055" timestamp="2010-12-30T19:16:23Z" user="ebe" uid="112608" lat="53.2281073" lon="10.4031205"/>
 <node id="415919796" visible="true" version="2" changeset="6813055" timestamp="2010-12-30T19:16:28Z" user="ebe" uid="112608" lat="53.2276474" lon="10.4031583"/>
 <node id="415919797" visible="true" version="2" changeset="6813055" timestamp="2010-12-30T19:16:38Z" user="ebe" uid="112608" lat="53.2276428" lon="10.4029992"/>
 <node id="415922469" visible="true" version="5" changeset="89343585" timestamp="2020-08-13T08:32:03Z" user="hotteliene" uid="1913655" lat="53.2278702" lon="10.4037512"/>
 <node id="415922470" visible="true" version="5" changeset="89343585" timestamp="2020-08-13T08:32:03Z" user="hotteliene" uid="1913655" lat="53.2278883" lon="10.4044717"/>
 <node id="415922471" visible="true" version="5" changeset="89343585" timestamp="2020-08-13T08:32:03Z" user="hotteliene" uid="1913655" lat="53.2276902" lon="10.4044856"/>
 <node id="415922472" visible="true" version="5" changeset="89343585" timestamp="2020-08-13T08:32:03Z" user="hotteliene" uid="1913655" lat="53.2276721" lon="10.4037651"/>
 <node id="415922473" visible="true" version="3" changeset="15557189" timestamp="2013-03-30T22:02:32Z" user="KartoGrapHiti" uid="57645" lat="53.2301241" lon="10.4048666"/>
 <node id="415922474" visible="true" version="3" changeset="15557189" timestamp="2013-03-30T22:02:32Z" user="KartoGrapHiti" uid="57645" lat="53.2301318" lon="10.4051130"/>
 <node id="415922479" visible="true" version="3" changeset="15557189" timestamp="2013-03-30T22:02:32Z" user="KartoGrapHiti" uid="57645" lat="53.2296478" lon="10.4051552"/>
 <node id="415922483" visible="true" version="3" changeset="15557189" timestamp="2013-03-30T22:02:33Z" user="KartoGrapHiti" uid="57645" lat="53.2296401" lon="10.4049088"/>
 <node id="415922489" visible="true" version="3" changeset="89343585" timestamp="2020-08-13T08:32:03Z" user="hotteliene" uid="1913655" lat="53.2293382" lon="10.4049167"/>
 <node id="415922490" visible="true" version="3" changeset="89343585" timestamp="2020-08-13T08:32:03Z" user="hotteliene" uid="1913655" lat="53.2293473" lon="10.4051830"/>
 <node id="415922491" visible="true" version="3" changeset="89343585" timestamp="2020-08-13T08:32:03Z" user="hotteliene" uid="1913655" lat="53.2288384" lon="10.4052314"/>
 <node id="415922492" visible="true" version="3" changeset="89343585" timestamp="2020-08-13T08:32:03Z" user="hotteliene" uid="1913655" lat="53.2288294" lon="10.4049651"/>
 <node id="415922501" visible="true" version="5" changeset="75966359" timestamp="2019-10-20T22:36:06Z" user="hotteliene" uid="1913655" lat="53.2297433" lon="10.4035313"/>
 <node id="415922502" visible="true" version="5" changeset="75966359" timestamp="2019-10-20T22:36:06Z" user="hotteliene" uid="1913655" lat="53.2297694" lon="10.4043282"/>
 <node id="415922503" visible="true" version="5" changeset="75966359" timestamp="2019-10-20T22:36:06Z" user="hotteliene" uid="1913655" lat="53.2296054" lon="10.4043432"/>
 <node id="415922504" visible="true" version="5" changeset="75966359" timestamp="2019-10-20T22:36:06Z" user="hotteliene" uid="1913655" lat="53.2295794" lon="10.4035463"/>
 <node id="416366029" visible="true" version="4" changeset="75443471" timestamp="2019-10-09T07:39:36Z" user="aseidel" uid="9616280" lat="53.2301218" lon="10.4031946"/>
 <node id="416366030" visible="true" version="4" changeset="75443471" timestamp="2019-10-09T07:39:36Z" user="aseidel" uid="9616280" lat="53.2301634" lon="10.4045405"/>
 <node id="416366031" visible="true" version="4" changeset="75443471" timestamp="2019-10-09T07:39:36Z" user="aseidel" uid="9616280" lat="53.2298437" lon="10.4045681"/>
 <node id="416366032" visible="true" version="4" changeset="75443471" timestamp="2019-10-09T07:39:36Z" user="aseidel" uid="9616280" lat="53.2298019" lon="10.4032222"/>
 <node id="416366033" visible="true" version="4" changeset="75391826" timestamp="2019-10-07T19:38:02Z" user="Weasel-Wiesel" uid="2414126" lat="53.2276454" lon="10.4024310"/>
 <node id="416366034" visible="true" version="3" changeset="54283409" timestamp="2017-12-02T22:11:10Z" user="frink" uid="56557" lat="53.2276609" lon="10.4028942"/>
 <node id="416366035" visible="true" version="2" changeset="6813055" timestamp="2010-12-30T19:16:36Z" user="ebe" uid="112608" lat="53.2281067" lon="10.4028599"/>
 <node id="416366036" visible="true" version="2" changeset="6813055" timestamp="2010-12-30T19:16:38Z" user="ebe" uid="112608" lat="53.2281121" lon="10.4030851"/>
 <node id="416366037" visible="true" version="3" changeset="75391826" timestamp="2019-10-07T19:38:02Z" user="Weasel-Wiesel" uid="2414126" lat="53.2285815" lon="10.4030503"/>
 <node id="416366038" visible="true" version="3" changeset="75391826" timestamp="2019-10-07T19:38:02Z" user="Weasel-Wiesel" uid="2414126" lat="53.2285061" lon="10.4023617"/>
 <node id="417279249" visible="true" version="8" changeset="154317001" timestamp="2024-07-23T17:16:21Z" user="hotteliene" uid="1913655" lat="53.2281641" lon="10.4019365"/>
 <node id="417279646" visible="true" version="7" changeset="133939018" timestamp="2023-03-21T12:36:17Z" user="aseidel" uid="9616280" lat="53.2295924" lon="10.4039459">
  <tag k="door" v="automatic"/>
  <tag k="entrance" v="yes"/>
  <tag k="wheelchair" v="yes"/>
 </node>
 <node id="417279701" visible="true" version="3" changeset="121727329" timestamp="2022-05-30T15:57:03Z" user="KTim" uid="75623" lat="53.2296863" lon="10.4024616"/>
 <node id="427525337" visible="true" version="3" changeset="62424212" timestamp="2018-09-09T13:02:23Z" user="hotteliene" uid="1913655" lat="53.2294288" lon="10.4039575"/>
 <node id="448934303" visible="true" version="3" changeset="10860230" timestamp="2012-03-03T17:38:55Z" user="rundus" uid="43816" lat="53.2298331" lon="10.3970794"/>
 <node id="448934304" visible="true" version="3" changeset="10860230" timestamp="2012-03-03T17:38:55Z" user="rundus" uid="43816" lat="53.2293745" lon="10.3972710"/>
 <node id="448934305" visible="true" version="3" changeset="10860230" timestamp="2012-03-03T17:38:55Z" user="rundus" uid="43816" lat="53.2293389" lon="10.3970336"/>
 <node id="448934307" visible="true" version="3" changeset="10860230" timestamp="2012-03-03T17:38:55Z" user="rundus" uid="43816" lat="53.2297976" lon="10.3968420"/>
 <node id="448935702" visible="true" version="4" changeset="161016947" timestamp="2025-01-05T11:42:04Z" user="Till_btn" uid="16371836" lat="53.2290611" lon="10.3974224"/>
 <node id="448935705" visible="true" version="4" changeset="161016947" timestamp="2025-01-05T11:42:04Z" user="Till_btn" uid="16371836" lat="53.2285927" lon="10.3976221"/>
 <node id="448935707" visible="true" version="4" changeset="161016947" timestamp="2025-01-05T11:42:04Z" user="Till_btn" uid="16371836" lat="53.2285535" lon="10.3973661"/>
 <node id="448935708" visible="true" version="4" changeset="161016947" timestamp="2025-01-05T11:42:04Z" user="Till_btn" uid="16371836" lat="53.2290220" lon="10.3971664"/>
 <node id="448938478" visible="true" version="4" changeset="24960696" timestamp="2014-08-23T17:21:21Z" user="Moonwalker" uid="166598" lat="53.2280904" lon="10.3977769"/>
 <node id="448938479" visible="true" version="4" changeset="24960696" timestamp="2014-08-23T17:21:21Z" user="Moonwalker" uid="166598" lat="53.2276767" lon="10.3979578"/>
 <node id="448938482" visible="true" version="4" changeset="24960696" timestamp="2014-08-23T17:21:21Z" user="Moonwalker" uid="166598" lat="53.2276451" lon="10.3977558"/>
 <node id="448938484" visible="true" version="4" changeset="24960696" timestamp="2014-08-23T17:21:21Z" user="Moonwalker" uid="166598" lat="53.2280592" lon="10.3975778"/>
 <node id="448939448" visible="true" version="4" changeset="176966564" timestamp="2026-01-08T02:16:01Z" user="hotteliene" uid="1913655" lat="53.2274675" lon="10.3979850"/>
 <node id="448939449" visible="true" version="4" changeset="176966564" timestamp="2026-01-08T02:16:01Z" user="hotteliene" uid="1913655" lat="53.2271244" lon="10.3981335"/>
 <node id="448939450" visible="true" version="4" changeset="176966564" timestamp="2026-01-08T02:16:01Z" user="hotteliene" uid="1913655" lat="53.2271024" lon="10.3979916"/>
 <node id="448939451" visible="true" version="4" changeset="176966564" timestamp="2026-01-08T02:16:01Z" user="hotteliene" uid="1913655" lat="53.2274455" lon="10.3978431"/>
 <node id="448939840" visible="true" version="5" changeset="176966564" timestamp="2026-01-08T02:16:01Z" user="hotteliene" uid="1913655" lat="53.2268352" lon="10.3982792"/>
 <node id="448939841" visible="true" version="5" changeset="176966564" timestamp="2026-01-08T02:16:01Z" user="hotteliene" uid="1913655" lat="53.2266599" lon="10.3983602"/>
 <node id="448939843" visible="true" version="4" changeset="176966564" timestamp="2026-01-08T02:16:01Z" user="hotteliene" uid="1913655" lat="53.2266290" lon="10.3981741"/>
 <node id="448939844" visible="true" version="4" changeset="176966564" timestamp="2026-01-08T02:16:01Z" user="hotteliene" uid="1913655" lat="53.2268044" lon="10.3980931"/>
 <node id="448940584" visible="true" version="5" changeset="89378247" timestamp="2020-08-13T22:56:22Z" user="hotteliene" uid="1913655" lat="53.2299188" lon="10.3992052"/>
 <node id="448940587" visible="true" version="5" changeset="89378247" timestamp="2020-08-13T22:56:22Z" user="hotteliene" uid="1913655" lat="53.2294498" lon="10.3992392"/>
 <node id="448940588" visible="true" version="5" changeset="89378247" timestamp="2020-08-13T22:56:22Z" user="hotteliene" uid="1913655" lat="53.2294565" lon="10.3994980"/>
 <node id="448940590" visible="true" version="4" changeset="89378247" timestamp="2020-08-13T22:56:22Z" user="hotteliene" uid="1913655" lat="53.2299256" lon="10.3994639"/>
 <node id="448940727" visible="true" version="7" changeset="89343585" timestamp="2020-08-13T08:32:03Z" user="hotteliene" uid="1913655" lat="53.2299509" lon="10.3999902"/>
 <node id="448940728" visible="true" version="7" changeset="89343585" timestamp="2020-08-13T08:32:03Z" user="hotteliene" uid="1913655" lat="53.2294203" lon="10.4000378"/>
 <node id="448940729" visible="true" version="7" changeset="89343585" timestamp="2020-08-13T08:32:03Z" user="hotteliene" uid="1913655" lat="53.2294284" lon="10.4002900"/>
 <node id="448940730" visible="true" version="7" changeset="89343585" timestamp="2020-08-13T08:32:03Z" user="hotteliene" uid="1913655" lat="53.2299590" lon="10.4002424"/>
 <node id="448941333" visible="true" version="6" changeset="89378247" timestamp="2020-08-13T22:56:22Z" user="hotteliene" uid="1913655" lat="53.2292824" lon="10.3997640"/>
 <node id="448941428" visible="true" version="10" changeset="133939018" timestamp="2023-03-21T12:36:17Z" user="aseidel" uid="9616280" lat="53.2297991" lon="10.4000038">
  <tag k="door" v="automatic"/>
  <tag k="entrance" v="yes"/>
  <tag k="wheelchair" v="yes"/>
 </node>
 <node id="448941497" visible="true" version="7" changeset="133939018" timestamp="2023-03-21T12:36:17Z" user="aseidel" uid="9616280" lat="53.2296855" lon="10.3994813">
  <tag k="door" v="automatic"/>
  <tag k="entrance" v="yes"/>
  <tag k="wheelchair" v="yes"/>
 </node>
 <node id="448942176" visible="true" version="8" changeset="75966359" timestamp="2019-10-20T22:36:06Z" user="hotteliene" uid="1913655" lat="53.2289892" lon="10.3995617">
  <tag k="automatic_door" v="yes"/>
  <tag k="entrance" v="yes"/>
  <tag k="wheelchair" v="yes"/>
 </node>
 <node id="448942686" visible="true" version="5" changeset="75966359" timestamp="2019-10-20T22:36:06Z" user="hotteliene" uid="1913655" lat="53.2289938" lon="10.3998051"/>
 <node id="448942687" visible="true" version="11" changeset="89343585" timestamp="2020-08-13T08:32:03Z" user="hotteliene" uid="1913655" lat="53.2289950" lon="10.4000734">
  <tag k="automatic_door" v="yes"/>
  <tag k="entrance" v="yes"/>
  <tag k="wheelchair" v="yes"/>
 </node>
 <node id="474727922" visible="true" version="6" changeset="89378247" timestamp="2020-08-13T22:56:22Z" user="hotteliene" uid="1913655" lat="53.2302462" lon="10.4047507"/>
 <node id="521090866" visible="true" version="2" changeset="10796859" timestamp="2012-02-26T11:28:41Z" user="rundus" uid="43816" lat="53.2267530" lon="10.4008662"/>
 <node id="521090869" visible="true" version="2" changeset="10796859" timestamp="2012-02-26T11:28:42Z" user="rundus" uid="43816" lat="53.2266841" lon="10.4008368"/>
 <node id="521090876" visible="true" version="7" changeset="66451260" timestamp="2019-01-19T11:42:09Z" user="hotteliene" uid="1913655" lat="53.2274575" lon="10.4008094"/>
 <node id="521090879" visible="true" version="4" changeset="25145117" timestamp="2014-08-31T18:49:15Z" user="hotteliene" uid="1913655" lat="53.2274102" lon="10.3994066"/>
 <node id="521090881" visible="true" version="3" changeset="147237385" timestamp="2024-02-09T00:26:49Z" user="hotteliene" uid="1913655" lat="53.2267863" lon="10.4034512"/>
 <node id="521090885" visible="true" version="3" changeset="10809765" timestamp="2012-02-27T15:43:14Z" user="rundus" uid="43816" lat="53.2268075" lon="10.4018250"/>
 <node id="555939019" visible="true" version="7" changeset="89343585" timestamp="2020-08-13T08:32:03Z" user="hotteliene" uid="1913655" lat="53.2290828" lon="10.4022701">
  <tag k="entrance" v="yes"/>
  <tag k="wheelchair" v="no"/>
 </node>
 <node id="555939022" visible="true" version="5" changeset="144811127" timestamp="2023-12-06T01:35:34Z" user="jp_spino" uid="20650565" lat="53.2296741" lon="10.4021879">
  <tag k="entrance" v="main"/>
 </node>
 <node id="555939025" visible="true" version="6" changeset="133939018" timestamp="2023-03-21T12:36:17Z" user="aseidel" uid="9616280" lat="53.2297932" lon="10.4026849">
  <tag k="door" v="automatic"/>
  <tag k="entrance" v="yes"/>
  <tag k="wheelchair" v="yes"/>
 </node>
 <node id="555939028" visible="true" version="7" changeset="133939018" timestamp="2023-03-21T12:36:17Z" user="aseidel" uid="9616280" lat="53.2290979" lon="10.4027655">
  <tag k="door" v="automatic"/>
  <tag k="entrance" v="yes"/>
  <tag k="wheelchair" v="yes"/>
 </node>
 <node id="710910014" visible="true" version="2" changeset="6660102" timestamp="2010-12-14T16:53:50Z" user="holzheizer" uid="162161" lat="53.2255268" lon="10.3977001"/>
 <node id="710910015" visible="true" version="2" changeset="8717769" timestamp="2011-07-13T23:50:28Z" user="Skow" uid="237334" lat="53.2215530" lon="10.4022587"/>
 <node id="710910016" visible="true" version="2" changeset="6660102" timestamp="2010-12-14T16:53:50Z" user="holzheizer" uid="162161" lat="53.2249484" lon="10.3961443"/>
 <node id="710910017" visible="true" version="3" changeset="15268391" timestamp="2013-03-06T10:12:26Z" user="Der Landvermesser" uid="12966" lat="53.2201729" lon="10.4020540"/>
 <node id="710910021" visible="true" version="3" changeset="10790800" timestamp="2012-02-25T18:45:30Z" user="rundus" uid="43816" lat="53.2230681" lon="10.3992921"/>
 <node id="710910023" visible="true" version="2" changeset="8717769" timestamp="2011-07-13T23:50:28Z" user="Skow" uid="237334" lat="53.2227573" lon="10.4011110"/>
 <node id="710910025" visible="true" version="2" changeset="6660102" timestamp="2010-12-14T16:53:51Z" user="holzheizer" uid="162161" lat="53.2247227" lon="10.3961910"/>
 <node id="710910026" visible="true" version="3" changeset="15268391" timestamp="2013-03-06T10:12:26Z" user="Der Landvermesser" uid="12966" lat="53.2199597" lon="10.4005204"/>
 <node id="710910027" visible="true" version="2" changeset="8717769" timestamp="2011-07-13T23:50:28Z" user="Skow" uid="237334" lat="53.2230113" lon="10.4005313"/>
 <node id="710910028" visible="true" version="4" changeset="27776882" timestamp="2014-12-29T13:39:34Z" user="Swen Wacker" uid="327655" lat="53.2286163" lon="10.3963218"/>
 <node id="710910029" visible="true" version="4" changeset="147186286" timestamp="2024-02-07T17:50:40Z" user="hotteliene" uid="1913655" lat="53.2241492" lon="10.3987516"/>
 <node id="710910032" visible="true" version="3" changeset="10790800" timestamp="2012-02-25T18:45:31Z" user="rundus" uid="43816" lat="53.2222608" lon="10.4020665"/>
 <node id="728600106" visible="true" version="5" changeset="154317001" timestamp="2024-07-23T17:16:21Z" user="hotteliene" uid="1913655" lat="53.2274715" lon="10.4079241"/>
 <node id="766573090" visible="true" version="14" changeset="154305891" timestamp="2024-07-23T12:46:15Z" user="hotteliene" uid="1913655" lat="53.2266610" lon="10.4055117">
  <tag k="crossing" v="traffic_signals"/>
  <tag k="highway" v="crossing"/>
  <tag k="tactile_paving" v="no"/>
 </node>
 <node id="870822237" visible="true" version="10" changeset="173362027" timestamp="2025-10-16T11:47:49Z" user="Ræume" uid="21522606" lat="53.2272156" lon="10.4014979">
  <tag k="addr:city" v="Lüneburg"/>
  <tag k="addr:country" v="DE"/>
  <tag k="addr:housenumber" v="36"/>
  <tag k="addr:postcode" v="21335"/>
  <tag k="addr:street" v="Heinrich-Böll-Straße"/>
  <tag k="brand" v="Penny"/>
  <tag k="brand:wikidata" v="Q284688"/>
  <tag k="brand:wikipedia" v="en:Penny (supermarket)"/>
  <tag k="name" v="PENNY"/>
  <tag k="opening_hours" v="Mo-Sa 08:00-22:00"/>
  <tag k="shop" v="supermarket"/>
  <tag k="wheelchair" v="yes"/>
 </node>
 <node id="1038354711" visible="true" version="2" changeset="31443069" timestamp="2015-05-25T11:57:21Z" user="Swen Wacker" uid="327655" lat="53.2243462" lon="10.3986150"/>
 <node id="1038354754" visible="true" version="2" changeset="31443069" timestamp="2015-05-25T11:57:21Z" user="Swen Wacker" uid="327655" lat="53.2242611" lon="10.3970396"/>
 <node id="1046267266" visible="true" version="2" changeset="15557189" timestamp="2013-03-30T22:02:28Z" user="KartoGrapHiti" uid="57645" lat="53.2269256" lon="10.4055386"/>
 <node id="1046267280" visible="true" version="6" changeset="66451260" timestamp="2019-01-19T11:42:09Z" user="hotteliene" uid="1913655" lat="53.2267446" lon="10.4052579"/>
 <node id="1046267306" visible="true" version="3" changeset="154317001" timestamp="2024-07-23T17:16:21Z" user="hotteliene" uid="1913655" lat="53.2271375" lon="10.4056525"/>
 <node id="1046267363" visible="true" version="5" changeset="147237385" timestamp="2024-02-09T00:26:49Z" user="hotteliene" uid="1913655" lat="53.2267967" lon="10.4053834">
  <tag k="highway" v="give_way"/>
 </node>
 <node id="1046267420" visible="true" version="8" changeset="154305891" timestamp="2024-07-23T12:46:15Z" user="hotteliene" uid="1913655" lat="53.2268529" lon="10.4054701">
  <tag k="crossing" v="uncontrolled"/>
  <tag k="crossing_ref" v="zebra"/>
  <tag k="highway" v="crossing"/>
  <tag k="tactile_paving" v="no"/>
 </node>
 <node id="1073593893" visible="true" version="3" changeset="15557189" timestamp="2013-03-30T22:02:28Z" user="KartoGrapHiti" uid="57645" lat="53.2294572" lon="10.4008632"/>
 <node id="1073593897" visible="true" version="5" changeset="154317001" timestamp="2024-07-23T17:16:21Z" user="hotteliene" uid="1913655" lat="53.2286088" lon="10.4019028"/>
 <node id="1073593907" visible="true" version="3" changeset="27986480" timestamp="2015-01-07T22:09:00Z" user="Swen Wacker" uid="327655" lat="53.2293446" lon="10.3978891"/>
 <node id="1073593909" visible="true" version="3" changeset="27986480" timestamp="2015-01-07T22:09:00Z" user="Swen Wacker" uid="327655" lat="53.2293988" lon="10.3989919"/>
 <node id="1073593915" visible="true" version="3" changeset="27986480" timestamp="2015-01-07T22:09:00Z" user="Swen Wacker" uid="327655" lat="53.2293915" lon="10.3978857"/>
 <node id="1073593920" visible="true" version="3" changeset="27986480" timestamp="2015-01-07T22:09:00Z" user="Swen Wacker" uid="327655" lat="53.2293642" lon="10.3989944"/>
 <node id="1073593922" visible="true" version="3" changeset="27986480" timestamp="2015-01-07T22:09:00Z" user="Swen Wacker" uid="327655" lat="53.2294106" lon="10.3986254"/>
 <node id="1073593925" visible="true" version="3" changeset="27986480" timestamp="2015-01-07T22:09:00Z" user="Swen Wacker" uid="327655" lat="53.2293894" lon="10.3986269"/>
 <node id="1073593934" visible="true" version="3" changeset="15557189" timestamp="2013-03-30T22:02:29Z" user="KartoGrapHiti" uid="57645" lat="53.2294751" lon="10.4013801"/>
 <node id="1073593936" visible="true" version="3" changeset="27986480" timestamp="2015-01-07T22:09:00Z" user="Swen Wacker" uid="327655" lat="53.2291812" lon="10.3976128"/>
 <node id="1073593937" visible="true" version="3" changeset="15557189" timestamp="2013-03-30T22:02:29Z" user="KartoGrapHiti" uid="57645" lat="53.2296232" lon="10.4008472"/>
 <node id="1073593940" visible="true" version="3" changeset="27986480" timestamp="2015-01-07T22:09:00Z" user="Swen Wacker" uid="327655" lat="53.2293417" lon="10.3977754"/>
 <node id="1073593944" visible="true" version="3" changeset="27986480" timestamp="2015-01-07T22:09:00Z" user="Swen Wacker" uid="327655" lat="53.2293606" lon="10.3988556"/>
 <node id="1073593951" visible="true" version="3" changeset="27986480" timestamp="2015-01-07T22:09:00Z" user="Swen Wacker" uid="327655" lat="53.2292495" lon="10.3988636"/>
 <node id="1073593964" visible="true" version="3" changeset="15557189" timestamp="2013-03-30T22:02:29Z" user="KartoGrapHiti" uid="57645" lat="53.2296411" lon="10.4013640"/>
 <node id="1181281054" visible="true" version="3" changeset="155898176" timestamp="2024-08-28T19:44:20Z" user="Till_btn" uid="16371836" lat="53.2266326" lon="10.3979450">
  <tag k="bus" v="yes"/>
  <tag k="fixme" v="hier fährt nur noch die Linie 5919"/>
  <tag k="name" v="Wichernstraße"/>
  <tag k="public_transport" v="stop_position"/>
 </node>
 <node id="1187269492" visible="true" version="7" changeset="89356037" timestamp="2020-08-13T12:09:47Z" user="hotteliene" uid="1913655" lat="53.2274839" lon="10.4015929">
  <tag k="bus" v="yes"/>
  <tag k="name" v="Carl-von-Ossietzky-Straße"/>
  <tag k="public_transport" v="stop_position"/>
 </node>
 <node id="1187269501" visible="true" version="9" changeset="155570481" timestamp="2024-08-21T17:28:25Z" user="oz42" uid="20098342" lat="53.2275296" lon="10.4015929">
  <tag k="bench" v="yes"/>
  <tag k="bin" v="yes"/>
  <tag k="bus" v="yes"/>
  <tag k="highway" v="bus_stop"/>
  <tag k="lit" v="yes"/>
  <tag k="name" v="Carl-von-Ossietzky-Straße"/>
  <tag k="network" v="Hamburger Verkehrsverbund"/>
  <tag k="network:short" v="HVV"/>
  <tag k="network:wikidata" v="Q896916"/>
  <tag k="network:wikipedia" v="de:Hamburger Verkehrsverbund"/>
  <tag k="operator" v="KVG"/>
  <tag k="public_transport" v="platform"/>
  <tag k="ref_name" v="Lüneburg, Carl-von-Ossietzky-Straße"/>
  <tag k="shelter" v="yes"/>
  <tag k="tactile_paving" v="no"/>
  <tag k="wheelchair:description" v="Kein Kasseler Bord"/>
 </node>
 <node id="1305725801" visible="true" version="2" changeset="10809765" timestamp="2012-02-27T15:43:10Z" user="rundus" uid="43816" lat="53.2268421" lon="10.4022996"/>
 <node id="1305725805" visible="true" version="3" changeset="24960696" timestamp="2014-08-23T17:21:21Z" user="Moonwalker" uid="166598" lat="53.2279098" lon="10.3971927"/>
 <node id="1305725810" visible="true" version="2" changeset="10860230" timestamp="2012-03-03T17:38:45Z" user="rundus" uid="43816" lat="53.2301268" lon="10.3979888"/>
 <node id="1305725819" visible="true" version="2" changeset="10809765" timestamp="2012-02-27T15:43:10Z" user="rundus" uid="43816" lat="53.2267946" lon="10.3999164"/>
 <node id="1305725821" visible="true" version="2" changeset="10809765" timestamp="2012-02-27T15:43:10Z" user="rundus" uid="43816" lat="53.2272869" lon="10.4025528"/>
 <node id="1305725822" visible="true" version="2" changeset="24960696" timestamp="2014-08-23T17:21:21Z" user="Moonwalker" uid="166598" lat="53.2282860" lon="10.3970369"/>
 <node id="1305725824" visible="true" version="2" changeset="27986480" timestamp="2015-01-07T22:09:00Z" user="Swen Wacker" uid="327655" lat="53.2273412" lon="10.4040023"/>
 <node id="1305725830" visible="true" version="2" changeset="10860230" timestamp="2012-03-03T17:38:45Z" user="rundus" uid="43816" lat="53.2272138" lon="10.3974217"/>
 <node id="1305725833" visible="true" version="2" changeset="10809765" timestamp="2012-02-27T15:43:10Z" user="rundus" uid="43816" lat="53.2267653" lon="10.3997365"/>
 <node id="1305725836" visible="true" version="2" changeset="10809765" timestamp="2012-02-27T15:43:10Z" user="rundus" uid="43816" lat="53.2272263" lon="10.4030471"/>
 <node id="1305725837" visible="true" version="2" changeset="10860230" timestamp="2012-03-03T17:38:46Z" user="rundus" uid="43816" lat="53.2301911" lon="10.3973806"/>
 <node id="1305725848" visible="true" version="2" changeset="10809765" timestamp="2012-02-27T15:43:10Z" user="rundus" uid="43816" lat="53.2271480" lon="10.3998703"/>
 <node id="1305725850" visible="true" version="2" changeset="10860230" timestamp="2012-03-03T17:38:46Z" user="rundus" uid="43816" lat="53.2302104" lon="10.3979805"/>
 <node id="1305725854" visible="true" version="3" changeset="27986480" timestamp="2015-01-07T22:09:00Z" user="Swen Wacker" uid="327655" lat="53.2267837" lon="10.3976058"/>
 <node id="1305725860" visible="true" version="2" changeset="10809765" timestamp="2012-02-27T15:43:10Z" user="rundus" uid="43816" lat="53.2271437" lon="10.4004825"/>
 <node id="1305725861" visible="true" version="2" changeset="27986480" timestamp="2015-01-07T22:09:00Z" user="Swen Wacker" uid="327655" lat="53.2274784" lon="10.4039919"/>
 <node id="1305725865" visible="true" version="3" changeset="27986480" timestamp="2015-01-07T22:09:00Z" user="Swen Wacker" uid="327655" lat="53.2271031" lon="10.3974973"/>
 <node id="1305725870" visible="true" version="2" changeset="10809765" timestamp="2012-02-27T15:43:10Z" user="rundus" uid="43816" lat="53.2274103" lon="10.4028634"/>
 <node id="1305725877" visible="true" version="2" changeset="10860230" timestamp="2012-03-03T17:38:47Z" user="rundus" uid="43816" lat="53.2303717" lon="10.3994272"/>
 <node id="1305725879" visible="true" version="2" changeset="10860230" timestamp="2012-03-03T17:38:47Z" user="rundus" uid="43816" lat="53.2275398" lon="10.3973313"/>
 <node id="1305725885" visible="true" version="2" changeset="10860230" timestamp="2012-03-03T17:38:47Z" user="rundus" uid="43816" lat="53.2300890" lon="10.3968957"/>
 <node id="1305725896" visible="true" version="2" changeset="10809765" timestamp="2012-02-27T15:43:10Z" user="rundus" uid="43816" lat="53.2268482" lon="10.4024954"/>
 <node id="1305725905" visible="true" version="3" changeset="24960696" timestamp="2014-08-23T17:21:21Z" user="Moonwalker" uid="166598" lat="53.2278664" lon="10.3970308"/>
 <node id="1305725908" visible="true" version="2" changeset="10809765" timestamp="2012-02-27T15:43:10Z" user="rundus" uid="43816" lat="53.2273311" lon="10.4002642"/>
 <node id="1305725917" visible="true" version="2" changeset="10860230" timestamp="2012-03-03T17:38:48Z" user="rundus" uid="43816" lat="53.2301087" lon="10.3974798"/>
 <node id="1305725931" visible="true" version="2" changeset="10809765" timestamp="2012-02-27T15:43:10Z" user="rundus" uid="43816" lat="53.2269271" lon="10.3999052"/>
 <node id="1305725933" visible="true" version="2" changeset="10809765" timestamp="2012-02-27T15:43:11Z" user="rundus" uid="43816" lat="53.2272971" lon="10.4028735"/>
 <node id="1305725936" visible="true" version="2" changeset="24960696" timestamp="2014-08-23T17:21:21Z" user="Moonwalker" uid="166598" lat="53.2282461" lon="10.3968837"/>
 <node id="1305725938" visible="true" version="2" changeset="10809765" timestamp="2012-02-27T15:43:11Z" user="rundus" uid="43816" lat="53.2273253" lon="10.4006595"/>
 <node id="1305725940" visible="true" version="2" changeset="27986480" timestamp="2015-01-07T22:09:00Z" user="Swen Wacker" uid="327655" lat="53.2273292" lon="10.4035613"/>
 <node id="1305725967" visible="true" version="2" changeset="10809765" timestamp="2012-02-27T15:43:11Z" user="rundus" uid="43816" lat="53.2267603" lon="10.3995531"/>
 <node id="1305725970" visible="true" version="2" changeset="10809765" timestamp="2012-02-27T15:43:11Z" user="rundus" uid="43816" lat="53.2272317" lon="10.4032182"/>
 <node id="1305726001" visible="true" version="2" changeset="10860230" timestamp="2012-03-03T17:38:49Z" user="rundus" uid="43816" lat="53.2301836" lon="10.3996693"/>
 <node id="1305726006" visible="true" version="2" changeset="10809765" timestamp="2012-02-27T15:43:11Z" user="rundus" uid="43816" lat="53.2271608" lon="10.4002805"/>
 <node id="1305726024" visible="true" version="2" changeset="10809765" timestamp="2012-02-27T15:43:11Z" user="rundus" uid="43816" lat="53.2273941" lon="10.4022517"/>
 <node id="1305726036" visible="true" version="3" changeset="24960696" timestamp="2014-08-23T17:21:21Z" user="Moonwalker" uid="166598" lat="53.2276183" lon="10.3974106"/>
 <node id="1305726038" visible="true" version="2" changeset="10809765" timestamp="2012-02-27T15:43:11Z" user="rundus" uid="43816" lat="53.2273188" lon="10.4004661"/>
 <node id="1305726058" visible="true" version="3" changeset="27986480" timestamp="2015-01-07T22:09:00Z" user="Swen Wacker" uid="327655" lat="53.2270565" lon="10.3973246"/>
 <node id="1305726061" visible="true" version="2" changeset="10809765" timestamp="2012-02-27T15:43:11Z" user="rundus" uid="43816" lat="53.2268063" lon="10.4003073"/>
 <node id="1305726074" visible="true" version="2" changeset="10809765" timestamp="2012-02-27T15:43:11Z" user="rundus" uid="43816" lat="53.2274001" lon="10.4025428"/>
 <node id="1305726076" visible="true" version="2" changeset="24960696" timestamp="2014-08-23T17:21:21Z" user="Moonwalker" uid="166598" lat="53.2279894" lon="10.3972525"/>
 <node id="1305726089" visible="true" version="2" changeset="10860230" timestamp="2012-03-03T17:38:50Z" user="rundus" uid="43816" lat="53.2302773" lon="10.3996593"/>
 <node id="1305726094" visible="true" version="2" changeset="10860230" timestamp="2012-03-03T17:38:50Z" user="rundus" uid="43816" lat="53.2275032" lon="10.3971987"/>
 <node id="1305726096" visible="true" version="2" changeset="10809765" timestamp="2012-02-27T15:43:11Z" user="rundus" uid="43816" lat="53.2269410" lon="10.3997230"/>
 <node id="1305726104" visible="true" version="2" changeset="10809765" timestamp="2012-02-27T15:43:12Z" user="rundus" uid="43816" lat="53.2274042" lon="10.4030316"/>
 <node id="1305726105" visible="true" version="2" changeset="10860230" timestamp="2012-03-03T17:38:50Z" user="rundus" uid="43816" lat="53.2301762" lon="10.3968883"/>
 <node id="1305726114" visible="true" version="3" changeset="27986480" timestamp="2015-01-07T22:09:00Z" user="Swen Wacker" uid="327655" lat="53.2267667" lon="10.3975430"/>
 <node id="1305726123" visible="true" version="2" changeset="10809765" timestamp="2012-02-27T15:43:12Z" user="rundus" uid="43816" lat="53.2274002" lon="10.4024476"/>
 <node id="1305726138" visible="true" version="3" changeset="24960696" timestamp="2014-08-23T17:21:21Z" user="Moonwalker" uid="166598" lat="53.2275749" lon="10.3972487"/>
 <node id="1305726141" visible="true" version="2" changeset="10809765" timestamp="2012-02-27T15:43:12Z" user="rundus" uid="43816" lat="53.2273207" lon="10.3998596"/>
 <node id="1305726152" visible="true" version="2" changeset="10860230" timestamp="2012-03-03T17:38:51Z" user="rundus" uid="43816" lat="53.2301924" lon="10.3974715"/>
 <node id="1305726185" visible="true" version="2" changeset="10809765" timestamp="2012-02-27T15:43:12Z" user="rundus" uid="43816" lat="53.2269395" lon="10.4002960"/>
 <node id="1305726192" visible="true" version="2" changeset="24960696" timestamp="2014-08-23T17:21:21Z" user="Moonwalker" uid="166598" lat="53.2279495" lon="10.3970994"/>
 <node id="1305726194" visible="true" version="2" changeset="10809765" timestamp="2012-02-27T15:43:12Z" user="rundus" uid="43816" lat="53.2271502" lon="10.4006760"/>
 <node id="1305726197" visible="true" version="2" changeset="27986480" timestamp="2015-01-07T22:09:00Z" user="Swen Wacker" uid="327655" lat="53.2274664" lon="10.4035509"/>
 <node id="1305726213" visible="true" version="3" changeset="27986480" timestamp="2015-01-07T22:09:00Z" user="Swen Wacker" uid="327655" lat="53.2268134" lon="10.3977157"/>
 <node id="1305726222" visible="true" version="2" changeset="10809765" timestamp="2012-02-27T15:43:12Z" user="rundus" uid="43816" lat="53.2269360" lon="10.3995397"/>
 <node id="1305726263" visible="true" version="2" changeset="10860230" timestamp="2012-03-03T17:38:53Z" user="rundus" uid="43816" lat="53.2301751" lon="10.3994482"/>
 <node id="1305726265" visible="true" version="2" changeset="10860230" timestamp="2012-03-03T17:38:53Z" user="rundus" uid="43816" lat="53.2272505" lon="10.3975544"/>
 <node id="1305726267" visible="true" version="2" changeset="10809765" timestamp="2012-02-27T15:43:12Z" user="rundus" uid="43816" lat="53.2274095" lon="10.4032027"/>
 <node id="1305726275" visible="true" version="2" changeset="10860230" timestamp="2012-03-03T17:38:53Z" user="rundus" uid="43816" lat="53.2301039" lon="10.3973880"/>
 <node id="1361067100" visible="true" version="2" changeset="10790800" timestamp="2012-02-25T18:45:30Z" user="rundus" uid="43816" lat="53.2225365" lon="10.4014976"/>
 <node id="1361067101" visible="true" version="3" changeset="31443069" timestamp="2015-05-25T11:57:22Z" user="Swen Wacker" uid="327655" lat="53.2225461" lon="10.4019539"/>
 <node id="1361067106" visible="true" version="1" changeset="8717769" timestamp="2011-07-13T23:49:51Z" user="Skow" uid="237334" lat="53.2231007" lon="10.3998408"/>
 <node id="1424891651" visible="true" version="2" changeset="15268496" timestamp="2013-03-06T10:20:59Z" user="Der Landvermesser" uid="12966" lat="53.2235097" lon="10.4078294"/>
 <node id="1474926793" visible="true" version="3" changeset="24960696" timestamp="2014-08-23T17:21:21Z" user="Moonwalker" uid="166598" lat="53.2278927" lon="10.3978634">
  <tag k="entrance" v="yes"/>
 </node>
 <node id="1474926800" visible="true" version="3" changeset="176966564" timestamp="2026-01-08T02:16:01Z" user="hotteliene" uid="1913655" lat="53.2273728" lon="10.3980260">
  <tag k="addr:city" v="Lüneburg"/>
  <tag k="addr:country" v="DE"/>
  <tag k="addr:housenumber" v="21"/>
  <tag k="addr:postcode" v="21335"/>
  <tag k="addr:street" v="Wichernstraße"/>
  <tag k="entrance" v="yes"/>
 </node>
 <node id="1474926803" visible="true" version="5" changeset="176966564" timestamp="2026-01-08T02:16:01Z" user="hotteliene" uid="1913655" lat="53.2267496" lon="10.3983187">
  <tag k="addr:city" v="Lüneburg"/>
  <tag k="addr:country" v="DE"/>
  <tag k="addr:housenumber" v="27"/>
  <tag k="addr:postcode" v="21335"/>
  <tag k="addr:street" v="Wichernstraße"/>
  <tag k="entrance" v="yes"/>
 </node>
 <node id="1474926807" visible="true" version="4" changeset="161016947" timestamp="2025-01-05T11:42:04Z" user="Till_btn" uid="16371836" lat="53.2287999" lon="10.3975337">
  <tag k="addr:city" v="Lüneburg"/>
  <tag k="addr:country" v="DE"/>
  <tag k="addr:housenumber" v="5"/>
  <tag k="addr:postcode" v="21335"/>
  <tag k="addr:street" v="Wichernstraße"/>
  <tag k="entrance" v="yes"/>
 </node>
 <node id="1474926814" visible="true" version="5" changeset="175187442" timestamp="2025-11-27T08:47:41Z" user="Ræume" uid="21522606" lat="53.2273509" lon="10.3979374">
  <tag k="amenity" v="kindergarten"/>
  <tag k="check_date" v="2023-12-05"/>
  <tag k="contact:email" v="kita-campus@stw-on.de"/>
  <tag k="contact:fax" v="+49 4131 2213673"/>
  <tag k="contact:phone" v="+49 4131 733847"/>
  <tag k="contact:website" v="http://www.stw-on.de/lueneburg/kinder/kita-campus"/>
  <tag k="education" v="kindergarten"/>
  <tag k="name" v="Kindertagesstätte Campus"/>
  <tag k="opening_hours" v="Mo-Fr 08:00-16:00"/>
  <tag k="operator" v="Studierendenwerk OstNiedersachsen"/>
  <tag k="operator:wikidata" v="Q29015688"/>
 </node>
 <node id="1474926818" visible="true" version="3" changeset="176966564" timestamp="2026-01-08T02:16:01Z" user="hotteliene" uid="1913655" lat="53.2267836" lon="10.3985369"/>
 <node id="1474926820" visible="true" version="3" changeset="176966564" timestamp="2026-01-08T02:16:01Z" user="hotteliene" uid="1913655" lat="53.2274062" lon="10.3982545"/>
 <node id="1474926823" visible="true" version="2" changeset="25135561" timestamp="2014-08-31T11:21:32Z" user="hotteliene" uid="1913655" lat="53.2279147" lon="10.3980398"/>
 <node id="1474926825" visible="true" version="3" changeset="75966359" timestamp="2019-10-20T22:36:06Z" user="hotteliene" uid="1913655" lat="53.2288265" lon="10.3976504"/>
 <node id="1583774800" visible="true" version="3" changeset="173362027" timestamp="2025-10-16T11:47:49Z" user="Ræume" uid="21522606" lat="53.2270721" lon="10.4017932"/>
 <node id="1583774802" visible="true" version="3" changeset="31169670" timestamp="2015-05-15T11:47:16Z" user="Swen Wacker" uid="327655" lat="53.2271417" lon="10.4009790"/>
 <node id="1583774804" visible="true" version="3" changeset="31169670" timestamp="2015-05-15T11:47:16Z" user="Swen Wacker" uid="327655" lat="53.2274355" lon="10.4015637"/>
 <node id="1583774819" visible="true" version="3" changeset="31169670" timestamp="2015-05-15T11:47:16Z" user="Swen Wacker" uid="327655" lat="53.2274199" lon="10.4010299"/>
 <node id="1583774833" visible="true" version="3" changeset="31169670" timestamp="2015-05-15T11:47:16Z" user="Swen Wacker" uid="327655" lat="53.2271595" lon="10.4015862"/>
 <node id="1583774836" visible="true" version="3" changeset="31169670" timestamp="2015-05-15T11:47:16Z" user="Swen Wacker" uid="327655" lat="53.2273671" lon="10.4010342"/>
 <node id="1583774841" visible="true" version="4" changeset="173362027" timestamp="2025-10-16T11:47:49Z" user="Ræume" uid="21522606" lat="53.2270779" lon="10.4019882"/>
 <node id="1583774854" visible="true" version="4" changeset="173362027" timestamp="2025-10-16T11:47:49Z" user="Ræume" uid="21522606" lat="53.2268664" lon="10.4020058"/>
 <node id="1583774871" visible="true" version="3" changeset="31169670" timestamp="2015-05-15T11:47:16Z" user="Swen Wacker" uid="327655" lat="53.2273649" lon="10.4009608"/>
 <node id="1583774873" visible="true" version="3" changeset="173362027" timestamp="2025-10-16T11:47:49Z" user="Ræume" uid="21522606" lat="53.2268506" lon="10.4018117"/>
 <node id="1584670743" visible="true" version="3" changeset="147237385" timestamp="2024-02-09T00:26:49Z" user="hotteliene" uid="1913655" lat="53.2260278" lon="10.4040561"/>
 <node id="1584670790" visible="true" version="1" changeset="10351872" timestamp="2012-01-10T14:44:21Z" user="flor!an" uid="561067" lat="53.2275275" lon="10.4054603"/>
 <node id="1584670800" visible="true" version="4" changeset="35505368" timestamp="2015-11-22T10:35:21Z" user="Swen Wacker" uid="327655" lat="53.2275851" lon="10.4040378"/>
 <node id="1584670822" visible="true" version="3" changeset="62424640" timestamp="2018-09-09T13:17:36Z" user="hotteliene" uid="1913655" lat="53.2267129" lon="10.4035075"/>
 <node id="1584670826" visible="true" version="2" changeset="27986480" timestamp="2015-01-07T22:09:01Z" user="Swen Wacker" uid="327655" lat="53.2273300" lon="10.4034212"/>
 <node id="1602186811" visible="true" version="4" changeset="75966359" timestamp="2019-10-20T22:36:06Z" user="hotteliene" uid="1913655" lat="53.2285089" lon="10.3992672"/>
 <node id="1602186812" visible="true" version="5" changeset="89378247" timestamp="2020-08-13T22:56:22Z" user="hotteliene" uid="1913655" lat="53.2285202" lon="10.4004931"/>
 <node id="1602186813" visible="true" version="11" changeset="163183503" timestamp="2025-03-04T02:11:47Z" user="bwbuz" uid="2807324" lat="53.2279407" lon="10.3994181">
  <tag k="addr:city" v="Lüneburg"/>
  <tag k="addr:country" v="DE"/>
  <tag k="addr:housenumber" v="1"/>
  <tag k="addr:postcode" v="21335"/>
  <tag k="addr:street" v="Scharnhorststraße"/>
  <tag k="leisure" v="sports_centre"/>
  <tag k="name" v="Studio 21"/>
  <tag k="phone" v="+49 4131 6771106"/>
  <tag k="sport" v="multi"/>
  <tag k="toilets:wheelchair" v="no"/>
  <tag k="website" v="https://www.leuphana.de/hochschulsport"/>
  <tag k="wheelchair" v="limited"/>
 </node>
 <node id="1602190903" visible="true" version="3" changeset="133409475" timestamp="2023-03-07T16:19:55Z" user="aseidel" uid="9616280" lat="53.2281122" lon="10.4000143"/>
 <node id="1602190904" visible="true" version="4" changeset="133409475" timestamp="2023-03-07T16:19:55Z" user="aseidel" uid="9616280" lat="53.2281190" lon="10.4004350"/>
 <node id="1602194727" visible="true" version="5" changeset="75391826" timestamp="2019-10-07T19:38:02Z" user="Weasel-Wiesel" uid="2414126" lat="53.2279741" lon="10.3984066"/>
 <node id="1602194728" visible="true" version="5" changeset="75391826" timestamp="2019-10-07T19:38:02Z" user="Weasel-Wiesel" uid="2414126" lat="53.2279936" lon="10.3989998"/>
 <node id="1602194729" visible="true" version="4" changeset="54102507" timestamp="2017-11-26T18:44:35Z" user="frink" uid="56557" lat="53.2281757" lon="10.3984053"/>
 <node id="1602194730" visible="true" version="4" changeset="54102507" timestamp="2017-11-26T18:44:35Z" user="frink" uid="56557" lat="53.2282019" lon="10.3990493"/>
 <node id="1602194731" visible="true" version="5" changeset="160465021" timestamp="2024-12-21T10:53:59Z" user="Till_btn" uid="16371836" lat="53.2284510" lon="10.3991959"/>
 <node id="1602194732" visible="true" version="4" changeset="48101601" timestamp="2017-04-24T19:55:05Z" user="KR-KRKR-KR" uid="4847896" lat="53.2285732" lon="10.3987037"/>
 <node id="1602194733" visible="true" version="4" changeset="27986480" timestamp="2015-01-07T22:09:01Z" user="Swen Wacker" uid="327655" lat="53.2287153" lon="10.3991324"/>
 <node id="1602194734" visible="true" version="4" changeset="48101601" timestamp="2017-04-24T19:55:05Z" user="KR-KRKR-KR" uid="4847896" lat="53.2286973" lon="10.3986958"/>
 <node id="1602198223" visible="true" version="5" changeset="89378247" timestamp="2020-08-13T22:56:22Z" user="hotteliene" uid="1913655" lat="53.2291557" lon="10.4004377"/>
 <node id="1602198229" visible="true" version="4" changeset="154317001" timestamp="2024-07-23T17:16:21Z" user="hotteliene" uid="1913655" lat="53.2289491" lon="10.4016670"/>
 <node id="1602198232" visible="true" version="4" changeset="154317001" timestamp="2024-07-23T17:16:21Z" user="hotteliene" uid="1913655" lat="53.2289523" lon="10.4017878"/>
 <node id="1602198234" visible="true" version="5" changeset="154317001" timestamp="2024-07-23T17:16:21Z" user="hotteliene" uid="1913655" lat="53.2291555" lon="10.4016494"/>
 <node id="1602198236" visible="true" version="5" changeset="154317001" timestamp="2024-07-23T17:16:21Z" user="hotteliene" uid="1913655" lat="53.2291587" lon="10.4017702"/>
 <node id="1602226009" visible="true" version="3" changeset="27986480" timestamp="2015-01-07T22:09:02Z" user="Swen Wacker" uid="327655" lat="53.2294021" lon="10.3982961"/>
 <node id="1602226010" visible="true" version="3" changeset="27986480" timestamp="2015-01-07T22:09:02Z" user="Swen Wacker" uid="327655" lat="53.2294044" lon="10.3983827"/>
 <node id="1602226011" visible="true" version="3" changeset="27986480" timestamp="2015-01-07T22:09:02Z" user="Swen Wacker" uid="327655" lat="53.2294617" lon="10.3983786"/>
 <node id="1602226012" visible="true" version="3" changeset="27986480" timestamp="2015-01-07T22:09:02Z" user="Swen Wacker" uid="327655" lat="53.2294594" lon="10.3982920"/>
 <node id="1602390447" visible="true" version="5" changeset="155570506" timestamp="2024-08-21T17:28:24Z" user="oz42" uid="20098342" lat="53.2271030" lon="10.4011478">
  <tag k="addr:city" v="Lüneburg"/>
  <tag k="addr:country" v="DE"/>
  <tag k="addr:housenumber" v="21"/>
  <tag k="addr:postcode" v="21335"/>
  <tag k="addr:street" v="Carl-von-Ossietzky-Straße"/>
  <tag k="female:signed" v="no"/>
  <tag k="male:signed" v="no"/>
  <tag k="name" v="HairNews"/>
  <tag k="shop" v="hairdresser"/>
 </node>
 <node id="1602390455" visible="true" version="12" changeset="161166019" timestamp="2025-01-09T11:34:14Z" user="jp_spino" uid="20650565" lat="53.2270159" lon="10.4011557">
  <tag k="addr:city" v="Lüneburg"/>
  <tag k="addr:country" v="DE"/>
  <tag k="addr:housenumber" v="21"/>
  <tag k="addr:postcode" v="21335"/>
  <tag k="addr:street" v="Carl-von-Ossietzky-Straße"/>
  <tag k="indoor_seating" v="yes"/>
  <tag k="name" v="Kruse - Der Lecker Bäcker"/>
  <tag k="opening_hours" v="Mo-Fr 06:15-18:00; Sa 06:15-14:00"/>
  <tag k="operator" v="Bäckerei Kruse"/>
  <tag k="outdoor_seating" v="yes"/>
  <tag k="payment:apple_pay" v="yes"/>
  <tag k="payment:cash" v="yes"/>
  <tag k="payment:contactless" v="yes"/>
  <tag k="payment:credit_cards" v="yes"/>
  <tag k="payment:girocard" v="yes"/>
  <tag k="payment:google_pay" v="yes"/>
  <tag k="payment:mastercard" v="yes"/>
  <tag k="payment:visa" v="yes"/>
  <tag k="phone" v="+494131799102"/>
  <tag k="shop" v="bakery"/>
  <tag k="website" v="https://www.der-lecker-baecker.de/"/>
  <tag k="wheelchair" v="yes"/>
 </node>
 <node id="1602390461" visible="true" version="4" changeset="167576032" timestamp="2025-06-13T13:33:58Z" user="Marvk" uid="4109209" lat="53.2269822" lon="10.4011678">
  <tag k="name" v="Alexander Fritz GmbH"/>
  <tag k="opening_hours" v="Mo-Fr 08:00-13:00,15:00-18:00; Sa 08:00-13:00"/>
  <tag k="shop" v="kiosk"/>
 </node>
 <node id="1650431183" visible="true" version="3" changeset="147237385" timestamp="2024-02-09T00:26:49Z" user="hotteliene" uid="1913655" lat="53.2266993" lon="10.4010202"/>
 <node id="1650431184" visible="true" version="3" changeset="147237385" timestamp="2024-02-09T00:26:49Z" user="hotteliene" uid="1913655" lat="53.2267047" lon="10.4012038"/>
 <node id="1650431186" visible="true" version="3" changeset="147237385" timestamp="2024-02-09T00:26:49Z" user="hotteliene" uid="1913655" lat="53.2267062" lon="10.4012522"/>
 <node id="1650431187" visible="true" version="3" changeset="147237385" timestamp="2024-02-09T00:26:49Z" user="hotteliene" uid="1913655" lat="53.2267258" lon="10.4020160"/>
 <node id="1650431202" visible="true" version="1" changeset="10809765" timestamp="2012-02-27T15:42:57Z" user="rundus" uid="43816" lat="53.2267609" lon="10.3995739"/>
 <node id="1650431205" visible="true" version="1" changeset="10809765" timestamp="2012-02-27T15:42:57Z" user="rundus" uid="43816" lat="53.2267633" lon="10.3996621"/>
 <node id="1650431208" visible="true" version="1" changeset="10809765" timestamp="2012-02-27T15:42:57Z" user="rundus" uid="43816" lat="53.2267749" lon="10.4012619"/>
 <node id="1650431210" visible="true" version="1" changeset="10809765" timestamp="2012-02-27T15:42:57Z" user="rundus" uid="43816" lat="53.2267826" lon="10.4000690"/>
 <node id="1650431211" visible="true" version="1" changeset="10809765" timestamp="2012-02-27T15:42:57Z" user="rundus" uid="43816" lat="53.2267855" lon="10.4001656"/>
 <node id="1650431212" visible="true" version="1" changeset="10809765" timestamp="2012-02-27T15:42:58Z" user="rundus" uid="43816" lat="53.2267881" lon="10.4017213"/>
 <node id="1650431213" visible="true" version="1" changeset="10809765" timestamp="2012-02-27T15:42:58Z" user="rundus" uid="43816" lat="53.2267940" lon="10.4005202"/>
 <node id="1650431222" visible="true" version="1" changeset="10809765" timestamp="2012-02-27T15:42:58Z" user="rundus" uid="43816" lat="53.2267949" lon="10.4005471"/>
 <node id="1650431224" visible="true" version="1" changeset="10809765" timestamp="2012-02-27T15:42:58Z" user="rundus" uid="43816" lat="53.2267976" lon="10.4006345"/>
 <node id="1650431226" visible="true" version="1" changeset="10809765" timestamp="2012-02-27T15:42:58Z" user="rundus" uid="43816" lat="53.2267976" lon="10.4013752"/>
 <node id="1650431228" visible="true" version="1" changeset="10809765" timestamp="2012-02-27T15:42:58Z" user="rundus" uid="43816" lat="53.2267992" lon="10.4000676"/>
 <node id="1650431230" visible="true" version="1" changeset="10809765" timestamp="2012-02-27T15:42:58Z" user="rundus" uid="43816" lat="53.2268001" lon="10.4007137"/>
 <node id="1650431231" visible="true" version="1" changeset="10809765" timestamp="2012-02-27T15:42:58Z" user="rundus" uid="43816" lat="53.2268020" lon="10.4001642"/>
 <node id="1650431232" visible="true" version="1" changeset="10809765" timestamp="2012-02-27T15:42:58Z" user="rundus" uid="43816" lat="53.2268031" lon="10.4016207"/>
 <node id="1650431233" visible="true" version="3" changeset="147237385" timestamp="2024-02-09T00:26:49Z" user="hotteliene" uid="1913655" lat="53.2268238" lon="10.4010098"/>
 <node id="1650431234" visible="true" version="3" changeset="147237385" timestamp="2024-02-09T00:26:49Z" user="hotteliene" uid="1913655" lat="53.2268307" lon="10.4012418"/>
 <node id="1650431235" visible="true" version="2" changeset="173362027" timestamp="2025-10-16T11:47:49Z" user="Ræume" uid="21522606" lat="53.2268538" lon="10.4019184"/>
 <node id="1650431242" visible="true" version="1" changeset="10809765" timestamp="2012-02-27T15:42:58Z" user="rundus" uid="43816" lat="53.2268547" lon="10.4026457"/>
 <node id="1650431244" visible="true" version="1" changeset="10809765" timestamp="2012-02-27T15:42:58Z" user="rundus" uid="43816" lat="53.2268601" lon="10.4031267"/>
 <node id="1650431246" visible="true" version="1" changeset="10809765" timestamp="2012-02-27T15:42:58Z" user="rundus" uid="43816" lat="53.2268617" lon="10.4029078"/>
 <node id="1650431248" visible="true" version="1" changeset="10809765" timestamp="2012-02-27T15:42:58Z" user="rundus" uid="43816" lat="53.2268630" lon="10.4032178"/>
 <node id="1650431250" visible="true" version="2" changeset="173362027" timestamp="2025-10-16T11:47:49Z" user="Ræume" uid="21522606" lat="53.2268638" lon="10.4019175"/>
 <node id="1650431252" visible="true" version="1" changeset="10809765" timestamp="2012-02-27T15:42:59Z" user="rundus" uid="43816" lat="53.2268817" lon="10.4030813"/>
 <node id="1650431254" visible="true" version="1" changeset="10809765" timestamp="2012-02-27T15:42:59Z" user="rundus" uid="43816" lat="53.2268831" lon="10.4031247"/>
 <node id="1650431255" visible="true" version="1" changeset="10809765" timestamp="2012-02-27T15:42:59Z" user="rundus" uid="43816" lat="53.2268859" lon="10.4032158"/>
 <node id="1650431256" visible="true" version="1" changeset="10809765" timestamp="2012-02-27T15:42:59Z" user="rundus" uid="43816" lat="53.2268870" lon="10.4032525"/>
 <node id="1650431257" visible="true" version="1" changeset="10809765" timestamp="2012-02-27T15:42:59Z" user="rundus" uid="43816" lat="53.2269280" lon="10.3999362"/>
 <node id="1650431258" visible="true" version="1" changeset="10809765" timestamp="2012-02-27T15:42:59Z" user="rundus" uid="43816" lat="53.2269308" lon="10.4000418"/>
 <node id="1650431262" visible="true" version="1" changeset="10809765" timestamp="2012-02-27T15:42:59Z" user="rundus" uid="43816" lat="53.2269337" lon="10.4001393"/>
 <node id="1650431264" visible="true" version="1" changeset="10809765" timestamp="2012-02-27T15:42:59Z" user="rundus" uid="43816" lat="53.2269351" lon="10.3995059"/>
 <node id="1650431266" visible="true" version="1" changeset="10809765" timestamp="2012-02-27T15:42:59Z" user="rundus" uid="43816" lat="53.2269384" lon="10.4002608"/>
 <node id="1650431268" visible="true" version="1" changeset="10809765" timestamp="2012-02-27T15:42:59Z" user="rundus" uid="43816" lat="53.2269404" lon="10.3996999"/>
 <node id="1650431270" visible="true" version="1" changeset="10809765" timestamp="2012-02-27T15:42:59Z" user="rundus" uid="43816" lat="53.2269448" lon="10.3999348"/>
 <node id="1650431272" visible="true" version="1" changeset="10809765" timestamp="2012-02-27T15:42:59Z" user="rundus" uid="43816" lat="53.2269480" lon="10.4000404"/>
 <node id="1650431274" visible="true" version="1" changeset="10809765" timestamp="2012-02-27T15:42:59Z" user="rundus" uid="43816" lat="53.2269508" lon="10.4001378"/>
 <node id="1650431276" visible="true" version="1" changeset="10809765" timestamp="2012-02-27T15:42:59Z" user="rundus" uid="43816" lat="53.2269545" lon="10.4002595"/>
 <node id="1650431278" visible="true" version="1" changeset="10809765" timestamp="2012-02-27T15:42:59Z" user="rundus" uid="43816" lat="53.2269662" lon="10.4026373"/>
 <node id="1650431280" visible="true" version="1" changeset="10809765" timestamp="2012-02-27T15:42:59Z" user="rundus" uid="43816" lat="53.2269684" lon="10.4004778"/>
 <node id="1650431282" visible="true" version="1" changeset="10809765" timestamp="2012-02-27T15:43:00Z" user="rundus" uid="43816" lat="53.2269693" lon="10.4005047"/>
 <node id="1650431284" visible="true" version="1" changeset="10809765" timestamp="2012-02-27T15:43:00Z" user="rundus" uid="43816" lat="53.2269733" lon="10.4028995"/>
 <node id="1650431286" visible="true" version="1" changeset="10809765" timestamp="2012-02-27T15:43:00Z" user="rundus" uid="43816" lat="53.2269745" lon="10.4006706"/>
 <node id="1650431288" visible="true" version="1" changeset="10809765" timestamp="2012-02-27T15:43:00Z" user="rundus" uid="43816" lat="53.2269754" lon="10.4006982"/>
 <node id="1650431290" visible="true" version="1" changeset="10809765" timestamp="2012-02-27T15:43:00Z" user="rundus" uid="43816" lat="53.2269878" lon="10.3997726"/>
 <node id="1650431292" visible="true" version="1" changeset="10809765" timestamp="2012-02-27T15:43:00Z" user="rundus" uid="43816" lat="53.2269881" lon="10.3998198"/>
 <node id="1650431294" visible="true" version="1" changeset="10809765" timestamp="2012-02-27T15:43:00Z" user="rundus" uid="43816" lat="53.2270064" lon="10.3998813"/>
 <node id="1650431296" visible="true" version="1" changeset="10809765" timestamp="2012-02-27T15:43:00Z" user="rundus" uid="43816" lat="53.2270088" lon="10.3999905"/>
 <node id="1650431298" visible="true" version="1" changeset="10809765" timestamp="2012-02-27T15:43:00Z" user="rundus" uid="43816" lat="53.2270411" lon="10.3997717"/>
 <node id="1650431300" visible="true" version="1" changeset="10809765" timestamp="2012-02-27T15:43:00Z" user="rundus" uid="43816" lat="53.2270414" lon="10.3998189"/>
 <node id="1650431303" visible="true" version="1" changeset="10809765" timestamp="2012-02-27T15:43:00Z" user="rundus" uid="43816" lat="53.2270550" lon="10.3998783"/>
 <node id="1650431304" visible="true" version="1" changeset="10809765" timestamp="2012-02-27T15:43:00Z" user="rundus" uid="43816" lat="53.2270574" lon="10.3999876"/>
 <node id="1650431305" visible="true" version="1" changeset="10809765" timestamp="2012-02-27T15:43:00Z" user="rundus" uid="43816" lat="53.2270588" lon="10.4030392"/>
 <node id="1650431307" visible="true" version="1" changeset="10809765" timestamp="2012-02-27T15:43:00Z" user="rundus" uid="43816" lat="53.2270596" lon="10.4030658"/>
 <node id="1650431309" visible="true" version="1" changeset="10809765" timestamp="2012-02-27T15:43:00Z" user="rundus" uid="43816" lat="53.2270642" lon="10.4032137"/>
 <node id="1650431311" visible="true" version="1" changeset="10809765" timestamp="2012-02-27T15:43:00Z" user="rundus" uid="43816" lat="53.2270650" lon="10.4032369"/>
 <node id="1650431314" visible="true" version="1" changeset="10809765" timestamp="2012-02-27T15:43:00Z" user="rundus" uid="43816" lat="53.2270751" lon="10.4007513"/>
 <node id="1650431316" visible="true" version="1" changeset="10809765" timestamp="2012-02-27T15:43:00Z" user="rundus" uid="43816" lat="53.2270765" lon="10.4007936"/>
 <node id="1650431319" visible="true" version="1" changeset="10809765" timestamp="2012-02-27T15:43:00Z" user="rundus" uid="43816" lat="53.2271095" lon="10.3994926"/>
 <node id="1650431322" visible="true" version="1" changeset="10809765" timestamp="2012-02-27T15:43:00Z" user="rundus" uid="43816" lat="53.2271101" lon="10.3995119"/>
 <node id="1650431325" visible="true" version="1" changeset="10809765" timestamp="2012-02-27T15:43:00Z" user="rundus" uid="43816" lat="53.2271125" lon="10.4033037"/>
 <node id="1650431336" visible="true" version="1" changeset="10809765" timestamp="2012-02-27T15:43:01Z" user="rundus" uid="43816" lat="53.2271134" lon="10.4033544"/>
 <node id="1650431337" visible="true" version="1" changeset="10809765" timestamp="2012-02-27T15:43:01Z" user="rundus" uid="43816" lat="53.2271149" lon="10.3996866"/>
 <node id="1650431338" visible="true" version="1" changeset="10809765" timestamp="2012-02-27T15:43:01Z" user="rundus" uid="43816" lat="53.2271154" lon="10.3997062"/>
 <node id="1650431339" visible="true" version="2" changeset="173362027" timestamp="2025-10-16T11:47:49Z" user="Ræume" uid="21522606" lat="53.2271350" lon="10.4013429"/>
 <node id="1650431342" visible="true" version="2" changeset="118414558" timestamp="2022-03-12T22:41:37Z" user="Garstedter" uid="2822207" lat="53.2271421" lon="10.4015919"/>
 <node id="1650431344" visible="true" version="1" changeset="10809765" timestamp="2012-02-27T15:43:01Z" user="rundus" uid="43816" lat="53.2271247" lon="10.4007467"/>
 <node id="1650431347" visible="true" version="1" changeset="10809765" timestamp="2012-02-27T15:43:01Z" user="rundus" uid="43816" lat="53.2271261" lon="10.4007890"/>
 <node id="1650431349" visible="true" version="1" changeset="10809765" timestamp="2012-02-27T15:43:01Z" user="rundus" uid="43816" lat="53.2271318" lon="10.4012331"/>
 <node id="1650431351" visible="true" version="1" changeset="10809765" timestamp="2012-02-27T15:43:01Z" user="rundus" uid="43816" lat="53.2271433" lon="10.4004624"/>
 <node id="1650431354" visible="true" version="1" changeset="10809765" timestamp="2012-02-27T15:43:01Z" user="rundus" uid="43816" lat="53.2271451" lon="10.4016925"/>
 <node id="1650431358" visible="true" version="1" changeset="10809765" timestamp="2012-02-27T15:43:01Z" user="rundus" uid="43816" lat="53.2271495" lon="10.4006551"/>
 <node id="1650431359" visible="true" version="1" changeset="10809765" timestamp="2012-02-27T15:43:01Z" user="rundus" uid="43816" lat="53.2271653" lon="10.4033010"/>
 <node id="1650431360" visible="true" version="1" changeset="10809765" timestamp="2012-02-27T15:43:01Z" user="rundus" uid="43816" lat="53.2271662" lon="10.4033518"/>
 <node id="1650431362" visible="true" version="1" changeset="10809765" timestamp="2012-02-27T15:43:01Z" user="rundus" uid="43816" lat="53.2272256" lon="10.4030246"/>
 <node id="1650431364" visible="true" version="1" changeset="10809765" timestamp="2012-02-27T15:43:01Z" user="rundus" uid="43816" lat="53.2272311" lon="10.4031992"/>
 <node id="1650431366" visible="true" version="1" changeset="10809765" timestamp="2012-02-27T15:43:01Z" user="rundus" uid="43816" lat="53.2272853" lon="10.3994985"/>
 <node id="1650431368" visible="true" version="1" changeset="10809765" timestamp="2012-02-27T15:43:02Z" user="rundus" uid="43816" lat="53.2272860" lon="10.3995231"/>
 <node id="1650431370" visible="true" version="1" changeset="10809765" timestamp="2012-02-27T15:43:02Z" user="rundus" uid="43816" lat="53.2272884" lon="10.3996093"/>
 <node id="1650431372" visible="true" version="1" changeset="10809765" timestamp="2012-02-27T15:43:02Z" user="rundus" uid="43816" lat="53.2272906" lon="10.3996928"/>
 <node id="1650431374" visible="true" version="1" changeset="10809765" timestamp="2012-02-27T15:43:02Z" user="rundus" uid="43816" lat="53.2273092" lon="10.3995214"/>
 <node id="1650431376" visible="true" version="1" changeset="10809765" timestamp="2012-02-27T15:43:02Z" user="rundus" uid="43816" lat="53.2273116" lon="10.3996075"/>
 <node id="1650431381" visible="true" version="1" changeset="10809765" timestamp="2012-02-27T15:43:02Z" user="rundus" uid="43816" lat="53.2273198" lon="10.4004944"/>
 <node id="1650431382" visible="true" version="1" changeset="10809765" timestamp="2012-02-27T15:43:02Z" user="rundus" uid="43816" lat="53.2273227" lon="10.4005805"/>
 <node id="1650431384" visible="true" version="1" changeset="10809765" timestamp="2012-02-27T15:43:02Z" user="rundus" uid="43816" lat="53.2273435" lon="10.4004919"/>
 <node id="1650431386" visible="true" version="1" changeset="10809765" timestamp="2012-02-27T15:43:02Z" user="rundus" uid="43816" lat="53.2273468" lon="10.4005780"/>
 <node id="1650431388" visible="true" version="1" changeset="10809765" timestamp="2012-02-27T15:43:02Z" user="rundus" uid="43816" lat="53.2274054" lon="10.4030691"/>
 <node id="1650431390" visible="true" version="1" changeset="10809765" timestamp="2012-02-27T15:43:02Z" user="rundus" uid="43816" lat="53.2274082" lon="10.4031616"/>
 <node id="1650431392" visible="true" version="1" changeset="10809765" timestamp="2012-02-27T15:43:02Z" user="rundus" uid="43816" lat="53.2274290" lon="10.4030670"/>
 <node id="1650431394" visible="true" version="1" changeset="10809765" timestamp="2012-02-27T15:43:02Z" user="rundus" uid="43816" lat="53.2274319" lon="10.4031596"/>
 <node id="1650431396" visible="true" version="1" changeset="10809765" timestamp="2012-02-27T15:43:02Z" user="rundus" uid="43816" lat="53.2275412" lon="10.4032941"/>
 <node id="1657761790" visible="true" version="6" changeset="89378247" timestamp="2020-08-13T22:56:22Z" user="hotteliene" uid="1913655" lat="53.2300307" lon="10.3987156"/>
 <node id="1657761792" visible="true" version="1" changeset="10860230" timestamp="2012-03-03T17:38:32Z" user="rundus" uid="43816" lat="53.2301286" lon="10.3980725"/>
 <node id="1657761793" visible="true" version="1" changeset="10860230" timestamp="2012-03-03T17:38:32Z" user="rundus" uid="43816" lat="53.2301453" lon="10.3985783"/>
 <node id="1657761794" visible="true" version="2" changeset="156109193" timestamp="2024-09-02T17:18:17Z" user="hotteliene" uid="1913655" lat="53.2301547" lon="10.3988474"/>
 <node id="1657761795" visible="true" version="2" changeset="156109193" timestamp="2024-09-02T17:18:17Z" user="hotteliene" uid="1913655" lat="53.2301715" lon="10.3993532"/>
 <node id="1657761796" visible="true" version="1" changeset="10860230" timestamp="2012-03-03T17:38:32Z" user="rundus" uid="43816" lat="53.2301887" lon="10.3997884"/>
 <node id="1657761797" visible="true" version="1" changeset="10860230" timestamp="2012-03-03T17:38:32Z" user="rundus" uid="43816" lat="53.2301933" lon="10.3999376"/>
 <node id="1657761798" visible="true" version="1" changeset="10860230" timestamp="2012-03-03T17:38:32Z" user="rundus" uid="43816" lat="53.2302176" lon="10.3980643"/>
 <node id="1657761807" visible="true" version="1" changeset="10860230" timestamp="2012-03-03T17:38:32Z" user="rundus" uid="43816" lat="53.2302344" lon="10.3985701"/>
 <node id="1657761809" visible="true" version="2" changeset="156109193" timestamp="2024-09-02T17:18:17Z" user="hotteliene" uid="1913655" lat="53.2302439" lon="10.3988391"/>
 <node id="1657761811" visible="true" version="2" changeset="156109193" timestamp="2024-09-02T17:18:17Z" user="hotteliene" uid="1913655" lat="53.2302607" lon="10.3993449"/>
 <node id="1657761815" visible="true" version="1" changeset="10860230" timestamp="2012-03-03T17:38:33Z" user="rundus" uid="43816" lat="53.2302743" lon="10.3995815"/>
 <node id="1657761822" visible="true" version="1" changeset="10860230" timestamp="2012-03-03T17:38:33Z" user="rundus" uid="43816" lat="53.2303481" lon="10.3986816"/>
 <node id="1657761836" visible="true" version="1" changeset="10860230" timestamp="2012-03-03T17:38:33Z" user="rundus" uid="43816" lat="53.2303561" lon="10.3988533"/>
 <node id="1657761838" visible="true" version="1" changeset="10860230" timestamp="2012-03-03T17:38:33Z" user="rundus" uid="43816" lat="53.2303772" lon="10.3995705"/>
 <node id="1657761857" visible="true" version="1" changeset="10860230" timestamp="2012-03-03T17:38:34Z" user="rundus" uid="43816" lat="53.2304518" lon="10.3997003"/>
 <node id="1657761858" visible="true" version="1" changeset="10860230" timestamp="2012-03-03T17:38:34Z" user="rundus" uid="43816" lat="53.2304538" lon="10.3997657"/>
 <node id="1657761859" visible="true" version="1" changeset="10860230" timestamp="2012-03-03T17:38:34Z" user="rundus" uid="43816" lat="53.2305265" lon="10.3996939"/>
 <node id="1657761860" visible="true" version="1" changeset="10860230" timestamp="2012-03-03T17:38:34Z" user="rundus" uid="43816" lat="53.2305331" lon="10.3999085"/>
 <node id="1658869584" visible="true" version="2" changeset="13166859" timestamp="2012-09-19T09:28:26Z" user="holzheizer" uid="162161" lat="53.2302854" lon="10.3999297">
  <tag k="addr:city" v="Lüneburg"/>
  <tag k="addr:country" v="DE"/>
  <tag k="addr:housenumber" v="1"/>
  <tag k="addr:postcode" v="21335"/>
  <tag k="addr:street" v="Blücherstraße"/>
  <tag k="entrance" v="yes"/>
 </node>
 <node id="1658869614" visible="true" version="2" changeset="13166859" timestamp="2012-09-19T09:28:57Z" user="holzheizer" uid="162161" lat="53.2303136" lon="10.4033442">
  <tag k="addr:city" v="Lüneburg"/>
  <tag k="addr:country" v="DE"/>
  <tag k="addr:housenumber" v="10"/>
  <tag k="addr:postcode" v="21335"/>
  <tag k="addr:street" v="Scharnhorststraße"/>
  <tag k="entrance" v="yes"/>
 </node>
 <node id="1658869656" visible="true" version="2" changeset="13166859" timestamp="2012-09-19T09:29:52Z" user="holzheizer" uid="162161" lat="53.2302979" lon="10.4029726">
  <tag k="addr:city" v="Lüneburg"/>
  <tag k="addr:country" v="DE"/>
  <tag k="addr:housenumber" v="12"/>
  <tag k="addr:postcode" v="21335"/>
  <tag k="addr:street" v="Scharnhorststraße"/>
  <tag k="entrance" v="yes"/>
 </node>
 <node id="1658869688" visible="true" version="2" changeset="13166859" timestamp="2012-09-19T09:30:37Z" user="holzheizer" uid="162161" lat="53.2302897" lon="10.4027283">
  <tag k="addr:city" v="Lüneburg"/>
  <tag k="addr:country" v="DE"/>
  <tag k="addr:housenumber" v="14"/>
  <tag k="addr:postcode" v="21335"/>
  <tag k="addr:street" v="Scharnhorststraße"/>
  <tag k="entrance" v="yes"/>
 </node>
 <node id="1658869931" visible="true" version="2" changeset="13166859" timestamp="2012-09-19T09:35:37Z" user="holzheizer" uid="162161" lat="53.2303261" lon="10.3995760">
  <tag k="addr:city" v="Lüneburg"/>
  <tag k="addr:country" v="DE"/>
  <tag k="addr:housenumber" v="28a"/>
  <tag k="addr:postcode" v="21335"/>
  <tag k="addr:street" v="Scharnhorststraße"/>
  <tag k="entrance" v="yes"/>
 </node>
 <node id="1658869932" visible="true" version="2" changeset="13166859" timestamp="2012-09-19T09:35:38Z" user="holzheizer" uid="162161" lat="53.2301795" lon="10.3995639">
  <tag k="addr:city" v="Lüneburg"/>
  <tag k="addr:country" v="DE"/>
  <tag k="addr:housenumber" v="28b"/>
  <tag k="addr:postcode" v="21335"/>
  <tag k="addr:street" v="Scharnhorststraße"/>
  <tag k="entrance" v="yes"/>
 </node>
 <node id="1658869943" visible="true" version="2" changeset="13166859" timestamp="2012-09-19T09:36:09Z" user="holzheizer" uid="162161" lat="53.2304487" lon="10.3999157">
  <tag k="addr:city" v="Lüneburg"/>
  <tag k="addr:country" v="DE"/>
  <tag k="addr:housenumber" v="3"/>
  <tag k="addr:postcode" v="21335"/>
  <tag k="addr:street" v="Blücherstraße"/>
  <tag k="entrance" v="yes"/>
 </node>
 <node id="1658869976" visible="true" version="3" changeset="156109193" timestamp="2024-09-02T17:18:17Z" user="hotteliene" uid="1913655" lat="53.2301672" lon="10.3992234">
  <tag k="addr:city" v="Lüneburg"/>
  <tag k="addr:country" v="DE"/>
  <tag k="addr:housenumber" v="30"/>
  <tag k="addr:postcode" v="21335"/>
  <tag k="addr:street" v="Scharnhorststraße"/>
  <tag k="entrance" v="yes"/>
 </node>
 <node id="1658870002" visible="true" version="3" changeset="156109193" timestamp="2024-09-02T17:18:17Z" user="hotteliene" uid="1913655" lat="53.2301585" lon="10.3989620">
  <tag k="addr:city" v="Lüneburg"/>
  <tag k="addr:country" v="DE"/>
  <tag k="addr:housenumber" v="32"/>
  <tag k="addr:postcode" v="21335"/>
  <tag k="addr:street" v="Scharnhorststraße"/>
  <tag k="entrance" v="yes"/>
 </node>
 <node id="1658870011" visible="true" version="2" changeset="13166859" timestamp="2012-09-19T09:37:57Z" user="holzheizer" uid="162161" lat="53.2301407" lon="10.3984388">
  <tag k="addr:city" v="Lüneburg"/>
  <tag k="addr:country" v="DE"/>
  <tag k="addr:housenumber" v="34"/>
  <tag k="addr:postcode" v="21335"/>
  <tag k="addr:street" v="Scharnhorststraße"/>
  <tag k="entrance" v="yes"/>
 </node>
 <node id="1658870038" visible="true" version="2" changeset="13166859" timestamp="2012-09-19T09:38:23Z" user="holzheizer" uid="162161" lat="53.2301319" lon="10.3981730">
  <tag k="addr:city" v="Lüneburg"/>
  <tag k="addr:country" v="DE"/>
  <tag k="addr:housenumber" v="36"/>
  <tag k="addr:postcode" v="21335"/>
  <tag k="addr:street" v="Scharnhorststraße"/>
  <tag k="entrance" v="yes"/>
 </node>
 <node id="1658870065" visible="true" version="2" changeset="13166859" timestamp="2012-09-19T09:38:44Z" user="holzheizer" uid="162161" lat="53.2301228" lon="10.3978749">
  <tag k="addr:city" v="Lüneburg"/>
  <tag k="addr:country" v="DE"/>
  <tag k="addr:housenumber" v="38"/>
  <tag k="addr:postcode" v="21335"/>
  <tag k="addr:street" v="Scharnhorststraße"/>
  <tag k="entrance" v="yes"/>
 </node>
 <node id="1658870147" visible="true" version="2" changeset="13166859" timestamp="2012-09-19T09:40:09Z" user="holzheizer" uid="162161" lat="53.2301121" lon="10.3975745">
  <tag k="addr:city" v="Lüneburg"/>
  <tag k="addr:country" v="DE"/>
  <tag k="addr:housenumber" v="40"/>
  <tag k="addr:postcode" v="21335"/>
  <tag k="addr:street" v="Scharnhorststraße"/>
  <tag k="entrance" v="yes"/>
 </node>
 <node id="1658870167" visible="true" version="2" changeset="13166859" timestamp="2012-09-19T09:40:30Z" user="holzheizer" uid="162161" lat="53.2301002" lon="10.3972670">
  <tag k="addr:city" v="Lüneburg"/>
  <tag k="addr:country" v="DE"/>
  <tag k="addr:housenumber" v="42"/>
  <tag k="addr:postcode" v="21335"/>
  <tag k="addr:street" v="Scharnhorststraße"/>
  <tag k="entrance" v="yes"/>
 </node>
 <node id="1658870193" visible="true" version="2" changeset="13166859" timestamp="2012-09-19T09:40:49Z" user="holzheizer" uid="162161" lat="53.2300912" lon="10.3969690">
  <tag k="addr:city" v="Lüneburg"/>
  <tag k="addr:country" v="DE"/>
  <tag k="addr:housenumber" v="44"/>
  <tag k="addr:postcode" v="21335"/>
  <tag k="addr:street" v="Scharnhorststraße"/>
  <tag k="entrance" v="yes"/>
 </node>
 <node id="1658870419" visible="true" version="5" changeset="89378247" timestamp="2020-08-13T22:56:22Z" user="hotteliene" uid="1913655" lat="53.2299578" lon="10.3966751"/>
 <node id="1658870421" visible="true" version="5" changeset="89378247" timestamp="2020-08-13T22:56:22Z" user="hotteliene" uid="1913655" lat="53.2299685" lon="10.3969764"/>
 <node id="1658870423" visible="true" version="6" changeset="89378247" timestamp="2020-08-13T22:56:22Z" user="hotteliene" uid="1913655" lat="53.2299792" lon="10.3972740"/>
 <node id="1658870426" visible="true" version="6" changeset="89378247" timestamp="2020-08-13T22:56:22Z" user="hotteliene" uid="1913655" lat="53.2299901" lon="10.3975810"/>
 <node id="1658870429" visible="true" version="6" changeset="89378247" timestamp="2020-08-13T22:56:22Z" user="hotteliene" uid="1913655" lat="53.2300009" lon="10.3978817"/>
 <node id="1658870430" visible="true" version="6" changeset="89378247" timestamp="2020-08-13T22:56:22Z" user="hotteliene" uid="1913655" lat="53.2300115" lon="10.3981787"/>
 <node id="1658870432" visible="true" version="6" changeset="89378247" timestamp="2020-08-13T22:56:22Z" user="hotteliene" uid="1913655" lat="53.2300209" lon="10.3984418"/>
 <node id="1658870433" visible="true" version="6" changeset="89378247" timestamp="2020-08-13T22:56:22Z" user="hotteliene" uid="1913655" lat="53.2300396" lon="10.3989647"/>
 <node id="1658870435" visible="true" version="7" changeset="156109193" timestamp="2024-09-02T17:18:17Z" user="hotteliene" uid="1913655" lat="53.2300492" lon="10.3992326"/>
 <node id="1658870446" visible="true" version="7" changeset="156109193" timestamp="2024-09-02T17:18:17Z" user="hotteliene" uid="1913655" lat="53.2300617" lon="10.3995727"/>
 <node id="1658870448" visible="true" version="7" changeset="156109193" timestamp="2024-09-02T17:18:17Z" user="hotteliene" uid="1913655" lat="53.2300667" lon="10.3997079"/>
 <node id="1658870452" visible="true" version="4" changeset="89378247" timestamp="2020-08-13T22:56:22Z" user="hotteliene" uid="1913655" lat="53.2301640" lon="10.4024489"/>
 <node id="1658870453" visible="true" version="4" changeset="89378247" timestamp="2020-08-13T22:56:22Z" user="hotteliene" uid="1913655" lat="53.2301742" lon="10.4027353"/>
 <node id="1658870454" visible="true" version="4" changeset="89378247" timestamp="2020-08-13T22:56:22Z" user="hotteliene" uid="1913655" lat="53.2301831" lon="10.4029822"/>
 <node id="1658870455" visible="true" version="4" changeset="89378247" timestamp="2020-08-13T22:56:22Z" user="hotteliene" uid="1913655" lat="53.2301964" lon="10.4033548"/>
 <node id="1658870456" visible="true" version="4" changeset="89378247" timestamp="2020-08-13T22:56:22Z" user="hotteliene" uid="1913655" lat="53.2302063" lon="10.4036330"/>
 <node id="1658870457" visible="true" version="5" changeset="89378247" timestamp="2020-08-13T22:56:22Z" user="hotteliene" uid="1913655" lat="53.2302205" lon="10.4040300"/>
 <node id="1658870458" visible="true" version="5" changeset="89378247" timestamp="2020-08-13T22:56:22Z" user="hotteliene" uid="1913655" lat="53.2302295" lon="10.4042811"/>
 <node id="1658870468" visible="true" version="5" changeset="89378247" timestamp="2020-08-13T22:56:22Z" user="hotteliene" uid="1913655" lat="53.2302392" lon="10.4045529"/>
 <node id="1658870470" visible="true" version="5" changeset="89378247" timestamp="2020-08-13T22:56:22Z" user="hotteliene" uid="1913655" lat="53.2302485" lon="10.4048148"/>
 <node id="1658870472" visible="true" version="1" changeset="10867130" timestamp="2012-03-04T11:27:10Z" user="rundus" uid="43816" lat="53.2302824" lon="10.4024412"/>
 <node id="1658870477" visible="true" version="2" changeset="156109193" timestamp="2024-09-02T17:18:17Z" user="hotteliene" uid="1913655" lat="53.2303276" lon="10.3996917"/>
 <node id="1668269278" visible="true" version="2" changeset="31443069" timestamp="2015-05-25T11:57:22Z" user="Swen Wacker" uid="327655" lat="53.2275951" lon="10.4045717"/>
 <node id="1668269322" visible="true" version="4" changeset="133409475" timestamp="2023-03-07T16:19:55Z" user="aseidel" uid="9616280" lat="53.2287699" lon="10.4053540">
  <tag k="access" v="yes"/>
  <tag k="entrance" v="yes"/>
 </node>
 <node id="1707690977" visible="true" version="4" changeset="89378247" timestamp="2020-08-13T22:56:22Z" user="hotteliene" uid="1913655" lat="53.2276963" lon="10.4032639">
  <tag k="noexit" v="yes"/>
 </node>
 <node id="1707690978" visible="true" version="3" changeset="62821071" timestamp="2018-09-22T10:11:48Z" user="ma-rt-in" uid="1431737" lat="53.2279701" lon="10.4041061"/>
 <node id="1707690980" visible="true" version="4" changeset="89378247" timestamp="2020-08-13T22:56:22Z" user="hotteliene" uid="1913655" lat="53.2276125" lon="10.4036488"/>
 <node id="1707690981" visible="true" version="6" changeset="89343585" timestamp="2020-08-13T08:32:03Z" user="hotteliene" uid="1913655" lat="53.2278793" lon="10.4041150">
  <tag k="entrance" v="main"/>
 </node>
 <node id="1707690982" visible="true" version="5" changeset="154317001" timestamp="2024-07-23T17:16:21Z" user="hotteliene" uid="1913655" lat="53.2276442" lon="10.4045259"/>
 <node id="1787461037" visible="true" version="7" changeset="159360673" timestamp="2024-11-20T11:01:14Z" user="aseidel" uid="9616280" lat="53.2277820" lon="10.4051682"/>
 <node id="1841136376" visible="true" version="15" changeset="174184019" timestamp="2025-11-04T09:52:37Z" user="wheelmap_visitor" uid="290680" lat="53.2290662" lon="10.4011209">
  <tag k="amenity" v="cafe"/>
  <tag k="indoor_seating" v="yes"/>
  <tag k="name" v="planB"/>
  <tag k="note" v="WLAN kostenlos für StudentInnen an der Leuphana"/>
  <tag k="outdoor_seating" v="no"/>
  <tag k="wheelchair" v="no"/>
 </node>
 <node id="1841136388" visible="true" version="7" changeset="176966564" timestamp="2026-01-08T02:16:01Z" user="hotteliene" uid="1913655" lat="53.2274349" lon="10.4000532"/>
 <node id="1841136390" visible="true" version="3" changeset="35505368" timestamp="2015-11-22T10:35:21Z" user="Swen Wacker" uid="327655" lat="53.2275469" lon="10.4004467"/>
 <node id="1841136392" visible="true" version="3" changeset="35505368" timestamp="2015-11-22T10:35:21Z" user="Swen Wacker" uid="327655" lat="53.2276163" lon="10.4018767"/>
 <node id="1841136394" visible="true" version="5" changeset="75391826" timestamp="2019-10-07T19:38:02Z" user="Weasel-Wiesel" uid="2414126" lat="53.2276194" lon="10.3998564"/>
 <node id="1841136395" visible="true" version="5" changeset="75391826" timestamp="2019-10-07T19:38:02Z" user="Weasel-Wiesel" uid="2414126" lat="53.2276239" lon="10.4000094"/>
 <node id="1841136396" visible="true" version="5" changeset="75391826" timestamp="2019-10-07T19:38:02Z" user="Weasel-Wiesel" uid="2414126" lat="53.2277420" lon="10.3998463"/>
 <node id="1841136397" visible="true" version="5" changeset="75391826" timestamp="2019-10-07T19:38:02Z" user="Weasel-Wiesel" uid="2414126" lat="53.2277465" lon="10.4000011"/>
 <node id="1841136398" visible="true" version="3" changeset="35505368" timestamp="2015-11-22T10:35:21Z" user="Swen Wacker" uid="327655" lat="53.2280235" lon="10.4003941"/>
 <node id="1841136399" visible="true" version="4" changeset="35505368" timestamp="2015-11-22T10:35:21Z" user="Swen Wacker" uid="327655" lat="53.2280310" lon="10.4011720"/>
 <node id="1841136401" visible="true" version="6" changeset="133939018" timestamp="2023-03-21T12:36:17Z" user="aseidel" uid="9616280" lat="53.2280337" lon="10.4012403">
  <tag k="door" v="automatic"/>
  <tag k="entrance" v="yes"/>
  <tag k="wheelchair" v="yes"/>
 </node>
 <node id="1841136402" visible="true" version="4" changeset="35505368" timestamp="2015-11-22T10:35:21Z" user="Swen Wacker" uid="327655" lat="53.2280365" lon="10.4013109"/>
 <node id="1841136403" visible="true" version="3" changeset="35505368" timestamp="2015-11-22T10:35:21Z" user="Swen Wacker" uid="327655" lat="53.2280569" lon="10.4018281"/>
 <node id="1841136404" visible="true" version="5" changeset="154317001" timestamp="2024-07-23T17:16:21Z" user="hotteliene" uid="1913655" lat="53.2281433" lon="10.4011640">
  <tag k="door" v="automatic"/>
  <tag k="entrance" v="yes"/>
  <tag k="wheelchair" v="yes"/>
 </node>
 <node id="1841136406" visible="true" version="5" changeset="154317001" timestamp="2024-07-23T17:16:21Z" user="hotteliene" uid="1913655" lat="53.2281497" lon="10.4013029">
  <tag k="door" v="automatic"/>
  <tag k="entrance" v="yes"/>
  <tag k="wheelchair" v="yes"/>
 </node>
 <node id="1841136408" visible="true" version="1" changeset="12522019" timestamp="2012-07-28T11:35:58Z" user="ebe" uid="112608" lat="53.2282192" lon="10.4008988"/>
 <node id="1841136410" visible="true" version="2" changeset="27986480" timestamp="2015-01-07T22:09:14Z" user="Swen Wacker" uid="327655" lat="53.2282256" lon="10.4011580"/>
 <node id="1841136418" visible="true" version="3" changeset="56058781" timestamp="2018-02-04T15:40:36Z" user="muesliviolin" uid="5620526" lat="53.2282367" lon="10.4015637"/>
 <node id="1841136422" visible="true" version="3" changeset="27986480" timestamp="2015-01-07T22:09:14Z" user="Swen Wacker" uid="327655" lat="53.2282671" lon="10.4011550">
  <tag k="entrance" v="yes"/>
 </node>
 <node id="1841136426" visible="true" version="3" changeset="27986480" timestamp="2015-01-07T22:09:14Z" user="Swen Wacker" uid="327655" lat="53.2283709" lon="10.4011475">
  <tag k="entrance" v="yes"/>
 </node>
 <node id="1841136428" visible="true" version="1" changeset="12522019" timestamp="2012-07-28T11:35:58Z" user="ebe" uid="112608" lat="53.2283973" lon="10.4008867"/>
 <node id="1841136430" visible="true" version="2" changeset="27986480" timestamp="2015-01-07T22:09:14Z" user="Swen Wacker" uid="327655" lat="53.2284036" lon="10.4011452"/>
 <node id="1841136433" visible="true" version="3" changeset="56058781" timestamp="2018-02-04T15:40:36Z" user="muesliviolin" uid="5620526" lat="53.2284145" lon="10.4015510"/>
 <node id="1841136435" visible="true" version="3" changeset="62424640" timestamp="2018-09-09T13:17:36Z" user="hotteliene" uid="1913655" lat="53.2273879" lon="10.3993379"/>
 <node id="1841136436" visible="true" version="4" changeset="89378247" timestamp="2020-08-13T22:56:22Z" user="hotteliene" uid="1913655" lat="53.2276411" lon="10.4034754"/>
 <node id="1841136438" visible="true" version="4" changeset="133939018" timestamp="2023-03-21T12:36:17Z" user="aseidel" uid="9616280" lat="53.2284918" lon="10.4012781">
  <tag k="entrance" v="yes"/>
  <tag k="wheelchair" v="yes"/>
 </node>
 <node id="1841136440" visible="true" version="4" changeset="75966359" timestamp="2019-10-20T22:36:06Z" user="hotteliene" uid="1913655" lat="53.2285549" lon="10.3993267"/>
 <node id="1841136442" visible="true" version="4" changeset="75966359" timestamp="2019-10-20T22:36:06Z" user="hotteliene" uid="1913655" lat="53.2285622" lon="10.3995927"/>
 <node id="1841136443" visible="true" version="2" changeset="27986480" timestamp="2015-01-07T22:09:14Z" user="Swen Wacker" uid="327655" lat="53.2285663" lon="10.4006786"/>
 <node id="1841136444" visible="true" version="2" changeset="27986480" timestamp="2015-01-07T22:09:14Z" user="Swen Wacker" uid="327655" lat="53.2285770" lon="10.4011318"/>
 <node id="1841136445" visible="true" version="2" changeset="27986480" timestamp="2015-01-07T22:09:14Z" user="Swen Wacker" uid="327655" lat="53.2285883" lon="10.4012712"/>
 <node id="1841136447" visible="true" version="2" changeset="27986480" timestamp="2015-01-07T22:09:14Z" user="Swen Wacker" uid="327655" lat="53.2285947" lon="10.4015845"/>
 <node id="1841136449" visible="true" version="3" changeset="27986480" timestamp="2015-01-07T22:09:14Z" user="Swen Wacker" uid="327655" lat="53.2286325" lon="10.4012680">
  <tag k="entrance" v="yes"/>
 </node>
 <node id="1841136451" visible="true" version="3" changeset="27986480" timestamp="2015-01-07T22:09:14Z" user="Swen Wacker" uid="327655" lat="53.2286308" lon="10.4011282">
  <tag k="entrance" v="yes"/>
 </node>
 <node id="1841136453" visible="true" version="4" changeset="89343585" timestamp="2020-08-13T08:32:03Z" user="hotteliene" uid="1913655" lat="53.2286587" lon="10.4001008"/>
 <node id="1841136455" visible="true" version="4" changeset="89343585" timestamp="2020-08-13T08:32:03Z" user="hotteliene" uid="1913655" lat="53.2286652" lon="10.4003555"/>
 <node id="1841136456" visible="true" version="6" changeset="75966359" timestamp="2019-10-20T22:36:06Z" user="hotteliene" uid="1913655" lat="53.2287063" lon="10.3993180">
  <tag k="entrance" v="yes"/>
  <tag k="wheelchair" v="no"/>
 </node>
 <node id="1841136458" visible="true" version="5" changeset="154317001" timestamp="2024-07-23T17:16:21Z" user="hotteliene" uid="1913655" lat="53.2288011" lon="10.4018884"/>
 <node id="1841136460" visible="true" version="5" changeset="89343585" timestamp="2020-08-13T08:32:03Z" user="hotteliene" uid="1913655" lat="53.2288103" lon="10.4020238">
  <tag k="entrance" v="yes"/>
  <tag k="wheelchair" v="no"/>
 </node>
 <node id="1841136462" visible="true" version="3" changeset="27986480" timestamp="2015-01-07T22:09:14Z" user="Swen Wacker" uid="327655" lat="53.2288221" lon="10.4011156">
  <tag k="entrance" v="yes"/>
 </node>
 <node id="1841136464" visible="true" version="3" changeset="27986480" timestamp="2015-01-07T22:09:14Z" user="Swen Wacker" uid="327655" lat="53.2288268" lon="10.4012540">
  <tag k="entrance" v="yes"/>
 </node>
 <node id="1841136466" visible="true" version="2" changeset="27986480" timestamp="2015-01-07T22:09:14Z" user="Swen Wacker" uid="327655" lat="53.2288608" lon="10.4006592"/>
 <node id="1841136468" visible="true" version="2" changeset="27986480" timestamp="2015-01-07T22:09:14Z" user="Swen Wacker" uid="327655" lat="53.2288730" lon="10.4012507"/>
 <node id="1841136469" visible="true" version="2" changeset="27986480" timestamp="2015-01-07T22:09:15Z" user="Swen Wacker" uid="327655" lat="53.2288715" lon="10.4011123"/>
 <node id="1841136471" visible="true" version="2" changeset="27986480" timestamp="2015-01-07T22:09:15Z" user="Swen Wacker" uid="327655" lat="53.2288810" lon="10.4015649"/>
 <node id="1841136480" visible="true" version="4" changeset="89378247" timestamp="2020-08-13T22:56:22Z" user="hotteliene" uid="1913655" lat="53.2288936" lon="10.4004606"/>
 <node id="1841136481" visible="true" version="3" changeset="154317001" timestamp="2024-07-23T17:16:21Z" user="hotteliene" uid="1913655" lat="53.2289102" lon="10.4010518"/>
 <node id="1841136482" visible="true" version="5" changeset="154317001" timestamp="2024-07-23T17:16:21Z" user="hotteliene" uid="1913655" lat="53.2289117" lon="10.4011086">
  <tag k="automatic_door" v="yes"/>
  <tag k="entrance" v="yes"/>
  <tag k="wheelchair" v="yes"/>
 </node>
 <node id="1841136483" visible="true" version="5" changeset="154317001" timestamp="2024-07-23T17:16:21Z" user="hotteliene" uid="1913655" lat="53.2289156" lon="10.4012475">
  <tag k="automatic_door" v="yes"/>
  <tag k="entrance" v="yes"/>
  <tag k="wheelchair" v="yes"/>
 </node>
 <node id="1841136485" visible="true" version="5" changeset="154317001" timestamp="2024-07-23T17:16:21Z" user="hotteliene" uid="1913655" lat="53.2289333" lon="10.4018785"/>
 <node id="1841136487" visible="true" version="3" changeset="75966359" timestamp="2019-10-20T22:36:06Z" user="hotteliene" uid="1913655" lat="53.2289852" lon="10.4008522"/>
 <node id="1841136488" visible="true" version="7" changeset="133939018" timestamp="2023-03-21T12:36:17Z" user="aseidel" uid="9616280" lat="53.2289960" lon="10.4003322">
  <tag k="door" v="manual"/>
  <tag k="entrance" v="yes"/>
  <tag k="wheelchair" v="yes"/>
 </node>
 <node id="1841136489" visible="true" version="3" changeset="75966359" timestamp="2019-10-20T22:36:06Z" user="hotteliene" uid="1913655" lat="53.2289910" lon="10.4011028"/>
 <node id="1841136490" visible="true" version="5" changeset="75966359" timestamp="2019-10-20T22:36:06Z" user="hotteliene" uid="1913655" lat="53.2289927" lon="10.4011727">
  <tag k="entrance" v="yes"/>
 </node>
 <node id="1841136491" visible="true" version="3" changeset="75966359" timestamp="2019-10-20T22:36:06Z" user="hotteliene" uid="1913655" lat="53.2289943" lon="10.4012419"/>
 <node id="1841136493" visible="true" version="3" changeset="75966359" timestamp="2019-10-20T22:36:06Z" user="hotteliene" uid="1913655" lat="53.2289997" lon="10.4014723"/>
 <node id="1841136495" visible="true" version="6" changeset="75966359" timestamp="2019-10-20T22:36:06Z" user="hotteliene" uid="1913655" lat="53.2290357" lon="10.3992898">
  <tag k="entrance" v="yes"/>
  <tag k="wheelchair" v="no"/>
 </node>
 <node id="1841136497" visible="true" version="2" changeset="89378247" timestamp="2020-08-13T22:56:22Z" user="hotteliene" uid="1913655" lat="53.2290580" lon="10.4039829"/>
 <node id="1841136500" visible="true" version="2" changeset="89378247" timestamp="2020-08-13T22:56:22Z" user="hotteliene" uid="1913655" lat="53.2290716" lon="10.4035992"/>
 <node id="1841136502" visible="true" version="3" changeset="89378247" timestamp="2020-08-13T22:56:22Z" user="hotteliene" uid="1913655" lat="53.2290636" lon="10.4040910"/>
 <node id="1841136511" visible="true" version="5" changeset="154317001" timestamp="2024-07-23T17:16:21Z" user="hotteliene" uid="1913655" lat="53.2291306" lon="10.4031477"/>
 <node id="1841136513" visible="true" version="5" changeset="154317001" timestamp="2024-07-23T17:16:21Z" user="hotteliene" uid="1913655" lat="53.2291209" lon="10.4018645"/>
 <node id="1841136515" visible="true" version="6" changeset="133939018" timestamp="2023-03-21T12:36:17Z" user="aseidel" uid="9616280" lat="53.2291242" lon="10.4019933">
  <tag k="door" v="automatic"/>
  <tag k="entrance" v="yes"/>
  <tag k="ramp:wheelchair" v="yes"/>
  <tag k="wheelchair" v="yes"/>
 </node>
 <node id="1841136517" visible="true" version="3" changeset="75966359" timestamp="2019-10-20T22:36:06Z" user="hotteliene" uid="1913655" lat="53.2290936" lon="10.3975350"/>
 <node id="1841136520" visible="true" version="3" changeset="75966359" timestamp="2019-10-20T22:36:06Z" user="hotteliene" uid="1913655" lat="53.2291308" lon="10.4008427"/>
 <node id="1841136522" visible="true" version="5" changeset="75966359" timestamp="2019-10-20T22:36:06Z" user="hotteliene" uid="1913655" lat="53.2291388" lon="10.4011820">
  <tag k="entrance" v="yes"/>
  <tag k="wheelchair" v="no"/>
 </node>
 <node id="1841136525" visible="true" version="4" changeset="75966359" timestamp="2019-10-20T22:36:06Z" user="hotteliene" uid="1913655" lat="53.2291373" lon="10.3992820"/>
 <node id="1841136527" visible="true" version="3" changeset="75966359" timestamp="2019-10-20T22:36:06Z" user="hotteliene" uid="1913655" lat="53.2291454" lon="10.4014628"/>
 <node id="1841136530" visible="true" version="4" changeset="75966359" timestamp="2019-10-20T22:36:06Z" user="hotteliene" uid="1913655" lat="53.2291446" lon="10.3995481"/>
 <node id="1841136537" visible="true" version="4" changeset="89343585" timestamp="2020-08-13T08:32:03Z" user="hotteliene" uid="1913655" lat="53.2291675" lon="10.4000649"/>
 <node id="1841136539" visible="true" version="4" changeset="89343585" timestamp="2020-08-13T08:32:03Z" user="hotteliene" uid="1913655" lat="53.2291739" lon="10.4003197"/>
 <node id="1841136545" visible="true" version="6" changeset="133939018" timestamp="2023-03-21T12:36:17Z" user="aseidel" uid="9616280" lat="53.2293876" lon="10.3989927">
  <tag k="entrance" v="main"/>
  <tag k="wheelchair" v="no"/>
 </node>
 <node id="1841136551" visible="true" version="4" changeset="133939018" timestamp="2023-03-21T12:36:17Z" user="aseidel" uid="9616280" lat="53.2294661" lon="10.4011190">
  <tag k="entrance" v="yes"/>
  <tag k="wheelchair" v="no"/>
 </node>
 <node id="1841136556" visible="true" version="7" changeset="133939018" timestamp="2023-03-21T12:36:17Z" user="aseidel" uid="9616280" lat="53.2295523" lon="10.4002788">
  <tag k="entrance" v="yes"/>
  <tag k="wheelchair" v="no"/>
 </node>
 <node id="1841136559" visible="true" version="4" changeset="89378247" timestamp="2020-08-13T22:56:22Z" user="hotteliene" uid="1913655" lat="53.2295447" lon="10.3973631"/>
 <node id="1841136565" visible="true" version="4" changeset="75528456" timestamp="2019-10-10T18:13:25Z" user="aseidel" uid="9616280" lat="53.2295821" lon="10.4018300"/>
 <node id="1841136568" visible="true" version="4" changeset="133939018" timestamp="2023-03-21T12:36:17Z" user="aseidel" uid="9616280" lat="53.2295883" lon="10.4019492">
  <tag k="door" v="automatic"/>
  <tag k="entrance" v="yes"/>
  <tag k="wheelchair" v="yes"/>
 </node>
 <node id="1841136571" visible="true" version="5" changeset="156109193" timestamp="2024-09-02T17:18:17Z" user="hotteliene" uid="1913655" lat="53.2296047" lon="10.3991144"/>
 <node id="1841136573" visible="true" version="2" changeset="75966359" timestamp="2019-10-20T22:36:06Z" user="hotteliene" uid="1913655" lat="53.2295943" lon="10.3974302"/>
 <node id="1841136576" visible="true" version="3" changeset="133939018" timestamp="2023-03-21T12:36:17Z" user="aseidel" uid="9616280" lat="53.2296060" lon="10.3971743">
  <tag k="door" v="automatic"/>
  <tag k="entrance" v="yes"/>
  <tag k="wheelchair" v="yes"/>
 </node>
 <node id="1841136580" visible="true" version="5" changeset="156109193" timestamp="2024-09-02T17:18:17Z" user="hotteliene" uid="1913655" lat="53.2296748" lon="10.3991068"/>
 <node id="1841136583" visible="true" version="4" changeset="89378247" timestamp="2020-08-13T22:56:22Z" user="hotteliene" uid="1913655" lat="53.2296790" lon="10.3992226">
  <tag k="entrance" v="yes"/>
 </node>
 <node id="1841136586" visible="true" version="2" changeset="75966359" timestamp="2019-10-20T22:36:06Z" user="hotteliene" uid="1913655" lat="53.2296478" lon="10.3989497"/>
 <node id="1841136589" visible="true" version="3" changeset="89378247" timestamp="2020-08-13T22:56:22Z" user="hotteliene" uid="1913655" lat="53.2297311" lon="10.3996945"/>
 <node id="1841136594" visible="true" version="4" changeset="163445935" timestamp="2025-03-10T14:45:46Z" user="MigaDo" uid="15342233" lat="53.2297297" lon="10.3974169">
  <tag k="amenity" v="parking_entrance"/>
  <tag k="maxheight" v="2"/>
 </node>
 <node id="1841136597" visible="true" version="3" changeset="89378247" timestamp="2020-08-13T22:56:22Z" user="hotteliene" uid="1913655" lat="53.2297225" lon="10.3972953"/>
 <node id="1841136602" visible="true" version="3" changeset="133939018" timestamp="2023-03-21T12:36:17Z" user="aseidel" uid="9616280" lat="53.2297957" lon="10.4029430">
  <tag k="door" v="automatic"/>
  <tag k="entrance" v="yes"/>
  <tag k="wheelchair" v="yes"/>
 </node>
 <node id="1841136603" visible="true" version="3" changeset="154317001" timestamp="2024-07-23T17:16:21Z" user="hotteliene" uid="1913655" lat="53.2297976" lon="10.4030912"/>
 <node id="1841136604" visible="true" version="7" changeset="133939018" timestamp="2023-03-21T12:36:17Z" user="aseidel" uid="9616280" lat="53.2298631" lon="10.4002510">
  <tag k="entrance" v="yes"/>
  <tag k="wheelchair" v="no"/>
 </node>
 <node id="1841136607" visible="true" version="8" changeset="155898875" timestamp="2024-08-28T20:02:56Z" user="Till_btn" uid="16371836" lat="53.2297666" lon="10.4017149">
  <tag k="barrier" v="bollard"/>
  <tag k="bicycle" v="yes"/>
  <tag k="bollard" v="removable"/>
  <tag k="foot" v="yes"/>
 </node>
 <node id="1841136610" visible="true" version="4" changeset="133939018" timestamp="2023-03-21T12:36:17Z" user="aseidel" uid="9616280" lat="53.2298912" lon="10.4019228">
  <tag k="entrance" v="yes"/>
  <tag k="wheelchair" v="no"/>
 </node>
 <node id="1841136614" visible="true" version="2" changeset="75966359" timestamp="2019-10-20T22:36:06Z" user="hotteliene" uid="1913655" lat="53.2298837" lon="10.3974017"/>
 <node id="1841136617" visible="true" version="2" changeset="75966359" timestamp="2019-10-20T22:36:06Z" user="hotteliene" uid="1913655" lat="53.2299372" lon="10.3989213"/>
 <node id="1885252647" visible="true" version="3" changeset="75600928" timestamp="2019-10-12T13:34:40Z" user="frink" uid="56557" lat="53.2275176" lon="10.3994211"/>
 <node id="1885252650" visible="true" version="2" changeset="27986480" timestamp="2015-01-07T22:09:15Z" user="Swen Wacker" uid="327655" lat="53.2275203" lon="10.3996043"/>
 <node id="1885252652" visible="true" version="2" changeset="27986480" timestamp="2015-01-07T22:09:15Z" user="Swen Wacker" uid="327655" lat="53.2282529" lon="10.3993641"/>
 <node id="1885252654" visible="true" version="2" changeset="27986480" timestamp="2015-01-07T22:09:15Z" user="Swen Wacker" uid="327655" lat="53.2282579" lon="10.3995477"/>
 <node id="2188253032" visible="true" version="3" changeset="164444059" timestamp="2025-04-03T01:39:06Z" user="hotteliene" uid="1913655" lat="53.2179257" lon="10.4056267"/>
 <node id="2188253056" visible="true" version="4" changeset="176966268" timestamp="2026-01-08T01:53:44Z" user="hotteliene" uid="1913655" lat="53.2232090" lon="10.4034893"/>
 <node id="2188253077" visible="true" version="1" changeset="15268391" timestamp="2013-03-06T10:12:19Z" user="Der Landvermesser" uid="12966" lat="53.2252347" lon="10.4032322"/>
 <node id="2188253080" visible="true" version="3" changeset="147237385" timestamp="2024-02-09T00:26:49Z" user="hotteliene" uid="1913655" lat="53.2252633" lon="10.4041058"/>
 <node id="2188253089" visible="true" version="2" changeset="147237385" timestamp="2024-02-09T00:26:49Z" user="hotteliene" uid="1913655" lat="53.2260086" lon="10.4034532"/>
 <node id="2188253097" visible="true" version="2" changeset="31443069" timestamp="2015-05-25T11:57:22Z" user="Swen Wacker" uid="327655" lat="53.2275618" lon="10.4033459"/>
 <node id="2188253165" visible="true" version="3" changeset="80681085" timestamp="2020-02-07T08:49:40Z" user="hotteliene" uid="1913655" lat="53.2292368" lon="10.3974021"/>
 <node id="2188253178" visible="true" version="2" changeset="31443069" timestamp="2015-05-25T11:57:22Z" user="Swen Wacker" uid="327655" lat="53.2289129" lon="10.3946984"/>
 <node id="2188253184" visible="true" version="2" changeset="31443069" timestamp="2015-05-25T11:57:22Z" user="Swen Wacker" uid="327655" lat="53.2299912" lon="10.3964508"/>
 <node id="2188266151" visible="true" version="2" changeset="32234117" timestamp="2015-06-26T22:36:54Z" user="Swen Wacker" uid="327655" lat="53.2202646" lon="10.4100524"/>
 <node id="2188266152" visible="true" version="1" changeset="15268496" timestamp="2013-03-06T10:20:57Z" user="Der Landvermesser" uid="12966" lat="53.2204759" lon="10.4124437"/>
 <node id="2188266154" visible="true" version="2" changeset="32234117" timestamp="2015-06-26T22:36:54Z" user="Swen Wacker" uid="327655" lat="53.2214923" lon="10.4094177"/>
 <node id="2188266155" visible="true" version="1" changeset="15268496" timestamp="2013-03-06T10:20:57Z" user="Der Landvermesser" uid="12966" lat="53.2212531" lon="10.4079072"/>
 <node id="2188266159" visible="true" version="1" changeset="15268496" timestamp="2013-03-06T10:20:57Z" user="Der Landvermesser" uid="12966" lat="53.2221801" lon="10.4117894"/>
 <node id="2188266161" visible="true" version="2" changeset="32234117" timestamp="2015-06-26T22:36:54Z" user="Swen Wacker" uid="327655" lat="53.2224293" lon="10.4087645"/>
 <node id="2188266162" visible="true" version="2" changeset="32234117" timestamp="2015-06-26T22:36:55Z" user="Swen Wacker" uid="327655" lat="53.2226327" lon="10.4112989"/>
 <node id="2188266166" visible="true" version="1" changeset="15268496" timestamp="2013-03-06T10:20:57Z" user="Der Landvermesser" uid="12966" lat="53.2232385" lon="10.4069759"/>
 <node id="2188266170" visible="true" version="2" changeset="32425377" timestamp="2015-07-05T12:52:09Z" user="Swen Wacker" uid="327655" lat="53.2240443" lon="10.4093696"/>
 <node id="2188266178" visible="true" version="1" changeset="15268496" timestamp="2013-03-06T10:20:58Z" user="Der Landvermesser" uid="12966" lat="53.2257085" lon="10.4083043"/>
 <node id="2188266181" visible="true" version="1" changeset="15268496" timestamp="2013-03-06T10:20:58Z" user="Der Landvermesser" uid="12966" lat="53.2258205" lon="10.4080009"/>
 <node id="2239449331" visible="true" version="5" changeset="148806700" timestamp="2024-03-18T09:37:14Z" user="Steffons" uid="15210452" lat="53.2265974" lon="10.4055095"/>
 <node id="2239449334" visible="true" version="2" changeset="147237385" timestamp="2024-02-09T00:26:49Z" user="hotteliene" uid="1913655" lat="53.2267130" lon="10.4037516"/>
 <node id="2239449335" visible="true" version="2" changeset="147237385" timestamp="2024-02-09T00:26:49Z" user="hotteliene" uid="1913655" lat="53.2270049" lon="10.4054392"/>
 <node id="2239449336" visible="true" version="2" changeset="147237385" timestamp="2024-02-09T00:26:49Z" user="hotteliene" uid="1913655" lat="53.2267283" lon="10.4036562"/>
 <node id="2239449338" visible="true" version="2" changeset="147237385" timestamp="2024-02-09T00:26:49Z" user="hotteliene" uid="1913655" lat="53.2267460" lon="10.4048272"/>
 <node id="2239449339" visible="true" version="2" changeset="147237385" timestamp="2024-02-09T00:26:49Z" user="hotteliene" uid="1913655" lat="53.2267620" lon="10.4050489"/>
 <node id="2239449341" visible="true" version="2" changeset="147237385" timestamp="2024-02-09T00:26:49Z" user="hotteliene" uid="1913655" lat="53.2268134" lon="10.4052346"/>
 <node id="2239449343" visible="true" version="5" changeset="154305891" timestamp="2024-07-23T12:46:15Z" user="hotteliene" uid="1913655" lat="53.2268318" lon="10.4055214"/>
 <node id="2239449346" visible="true" version="5" changeset="153199617" timestamp="2024-06-26T12:10:09Z" user="aseidel" uid="9616280" lat="53.2269002" lon="10.4053554">
  <tag k="bicycle" v="yes"/>
  <tag k="removed:traffic_sign" v="DE:239"/>
  <tag k="traffic_sign:direction" v="forward"/>
 </node>
 <node id="2239449348" visible="true" version="4" changeset="147237385" timestamp="2024-02-09T00:26:49Z" user="hotteliene" uid="1913655" lat="53.2269981" lon="10.4054780"/>
 <node id="2239449353" visible="true" version="1" changeset="15557189" timestamp="2013-03-30T22:02:11Z" user="KartoGrapHiti" uid="57645" lat="53.2276939" lon="10.3990321"/>
 <node id="2239449355" visible="true" version="1" changeset="15557189" timestamp="2013-03-30T22:02:11Z" user="KartoGrapHiti" uid="57645" lat="53.2276964" lon="10.3990854"/>
 <node id="2239449361" visible="true" version="3" changeset="154317001" timestamp="2024-07-23T17:16:21Z" user="hotteliene" uid="1913655" lat="53.2281393" lon="10.4033181"/>
 <node id="2239449363" visible="true" version="3" changeset="154305349" timestamp="2024-07-23T12:34:34Z" user="hotteliene" uid="1913655" lat="53.2280082" lon="10.4057429"/>
 <node id="2239449364" visible="true" version="4" changeset="154317001" timestamp="2024-07-23T17:16:21Z" user="hotteliene" uid="1913655" lat="53.2280842" lon="10.4059808"/>
 <node id="2239449366" visible="true" version="3" changeset="154317001" timestamp="2024-07-23T17:16:21Z" user="hotteliene" uid="1913655" lat="53.2281952" lon="10.4017413"/>
 <node id="2239449367" visible="true" version="3" changeset="154317001" timestamp="2024-07-23T17:16:21Z" user="hotteliene" uid="1913655" lat="53.2281990" lon="10.4018690"/>
 <node id="2239449369" visible="true" version="3" changeset="154317001" timestamp="2024-07-23T17:16:21Z" user="hotteliene" uid="1913655" lat="53.2284677" lon="10.4017188"/>
 <node id="2239449371" visible="true" version="3" changeset="154317001" timestamp="2024-07-23T17:16:21Z" user="hotteliene" uid="1913655" lat="53.2284715" lon="10.4018465"/>
 <node id="2239449373" visible="true" version="2" changeset="154317001" timestamp="2024-07-23T17:16:21Z" user="hotteliene" uid="1913655" lat="53.2284432" lon="10.4052825"/>
 <node id="2239449374" visible="true" version="5" changeset="133410332" timestamp="2023-03-07T16:43:21Z" user="aseidel" uid="9616280" lat="53.2291521" lon="10.3991903"/>
 <node id="2239548425" visible="true" version="1" changeset="15557541" timestamp="2013-03-30T22:38:21Z" user="KartoGrapHiti" uid="57645" lat="53.2286681" lon="10.4005161"/>
 <node id="2239548426" visible="true" version="1" changeset="15557541" timestamp="2013-03-30T22:38:21Z" user="KartoGrapHiti" uid="57645" lat="53.2286709" lon="10.4006010"/>
 <node id="2239548432" visible="true" version="4" changeset="161016947" timestamp="2025-01-05T11:42:04Z" user="Till_btn" uid="16371836" lat="53.2287629" lon="10.3975590"/>
 <node id="2239548439" visible="true" version="4" changeset="154317001" timestamp="2024-07-23T17:16:21Z" user="hotteliene" uid="1913655" lat="53.2286722" lon="10.4016953"/>
 <node id="2239548441" visible="true" version="4" changeset="154317001" timestamp="2024-07-23T17:16:21Z" user="hotteliene" uid="1913655" lat="53.2286761" lon="10.4018270"/>
 <node id="2239548445" visible="true" version="1" changeset="15557541" timestamp="2013-03-30T22:38:21Z" user="KartoGrapHiti" uid="57645" lat="53.2288443" lon="10.4005001"/>
 <node id="2239548447" visible="true" version="1" changeset="15557541" timestamp="2013-03-30T22:38:21Z" user="KartoGrapHiti" uid="57645" lat="53.2288471" lon="10.4005849"/>
 <node id="2239548449" visible="true" version="3" changeset="154317001" timestamp="2024-07-23T17:16:21Z" user="hotteliene" uid="1913655" lat="53.2288735" lon="10.4016786"/>
 <node id="2239548451" visible="true" version="3" changeset="154317001" timestamp="2024-07-23T17:16:21Z" user="hotteliene" uid="1913655" lat="53.2288774" lon="10.4018103"/>
 <node id="2239548454" visible="true" version="2" changeset="56053267" timestamp="2018-02-04T12:12:06Z" user="muesliviolin" uid="5620526" lat="53.2289699" lon="10.4004776"/>
 <node id="2239548456" visible="true" version="2" changeset="56053267" timestamp="2018-02-04T12:12:06Z" user="muesliviolin" uid="5620526" lat="53.2289716" lon="10.4005760"/>
 <node id="2239548458" visible="true" version="4" changeset="161016947" timestamp="2025-01-05T11:42:04Z" user="Till_btn" uid="16371836" lat="53.2290315" lon="10.3974397"/>
 <node id="2239548473" visible="true" version="1" changeset="15557541" timestamp="2013-03-30T22:38:21Z" user="KartoGrapHiti" uid="57645" lat="53.2290680" lon="10.4004768"/>
 <node id="2239548475" visible="true" version="1" changeset="15557541" timestamp="2013-03-30T22:38:21Z" user="KartoGrapHiti" uid="57645" lat="53.2290707" lon="10.4005753"/>
 <node id="2239548482" visible="true" version="2" changeset="64931644" timestamp="2018-11-27T11:00:24Z" user="JNocke" uid="9155518" lat="53.2291025" lon="10.4048879">
  <tag k="amenity" v="bicycle_parking"/>
  <tag k="bicycle_parking" v="stands"/>
  <tag k="capacity" v="22"/>
  <tag k="covered" v="no"/>
 </node>
 <node id="2239548486" visible="true" version="1" changeset="15557541" timestamp="2013-03-30T22:38:22Z" user="KartoGrapHiti" uid="57645" lat="53.2291743" lon="10.3992649"/>
 <node id="2239548497" visible="true" version="1" changeset="15557541" timestamp="2013-03-30T22:38:22Z" user="KartoGrapHiti" uid="57645" lat="53.2292016" lon="10.4002245"/>
 <node id="2239548499" visible="true" version="1" changeset="15557541" timestamp="2013-03-30T22:38:22Z" user="KartoGrapHiti" uid="57645" lat="53.2292218" lon="10.3992611"/>
 <node id="2239548500" visible="true" version="1" changeset="15557541" timestamp="2013-03-30T22:38:22Z" user="KartoGrapHiti" uid="57645" lat="53.2292491" lon="10.4002207"/>
 <node id="2239548504" visible="true" version="1" changeset="15557541" timestamp="2013-03-30T22:38:22Z" user="KartoGrapHiti" uid="57645" lat="53.2294335" lon="10.3987262"/>
 <node id="2239548506" visible="true" version="1" changeset="15557541" timestamp="2013-03-30T22:38:22Z" user="KartoGrapHiti" uid="57645" lat="53.2294376" lon="10.3990338"/>
 <node id="2239548508" visible="true" version="2" changeset="147186611" timestamp="2024-02-07T18:01:46Z" user="jp_spino" uid="20650565" lat="53.2295130" lon="10.4040416">
  <tag k="amenity" v="bicycle_parking"/>
  <tag k="bicycle_parking" v="stands"/>
  <tag k="capacity" v="18"/>
  <tag k="check_date" v="2024-02-07"/>
  <tag k="covered" v="no"/>
 </node>
 <node id="2239548512" visible="true" version="1" changeset="15557541" timestamp="2013-03-30T22:38:22Z" user="KartoGrapHiti" uid="57645" lat="53.2295185" lon="10.3990308"/>
 <node id="2239548514" visible="true" version="1" changeset="15557541" timestamp="2013-03-30T22:38:22Z" user="KartoGrapHiti" uid="57645" lat="53.2295648" lon="10.3987213"/>
 <node id="2239548516" visible="true" version="1" changeset="15557541" timestamp="2013-03-30T22:38:22Z" user="KartoGrapHiti" uid="57645" lat="53.2295679" lon="10.3989508"/>
 <node id="2239548518" visible="true" version="3" changeset="171076709" timestamp="2025-08-27T11:59:31Z" user="ch-sn" uid="38698" lat="53.2296350" lon="10.3983815">
  <tag k="amenity" v="bicycle_parking"/>
  <tag k="bicycle_parking" v="stands"/>
  <tag k="capacity" v="10"/>
  <tag k="check_date:capacity" v="2025-08-27"/>
  <tag k="covered" v="yes"/>
 </node>
 <node id="2239548523" visible="true" version="3" changeset="155570490" timestamp="2024-08-21T17:28:18Z" user="oz42" uid="20098342" lat="53.2296955" lon="10.3972053">
  <tag k="amenity" v="bicycle_parking"/>
  <tag k="bicycle_parking" v="stands"/>
  <tag k="capacity" v="60"/>
  <tag k="covered" v="no"/>
 </node>
 <node id="2239548526" visible="true" version="3" changeset="64931644" timestamp="2018-11-27T11:00:24Z" user="JNocke" uid="9155518" lat="53.2298406" lon="10.4030151">
  <tag k="amenity" v="bicycle_parking"/>
  <tag k="bicycle_parking" v="stands"/>
  <tag k="capacity" v="16"/>
  <tag k="covered" v="no"/>
 </node>
 <node id="2239548530" visible="true" version="3" changeset="171074821" timestamp="2025-08-27T11:18:10Z" user="ch-sn" uid="38698" lat="53.2298623" lon="10.3979149">
  <tag k="amenity" v="bicycle_parking"/>
  <tag k="bicycle_parking" v="stands"/>
  <tag k="capacity" v="10"/>
  <tag k="check_date:capacity" v="2025-08-27"/>
  <tag k="covered" v="yes"/>
 </node>
 <node id="2239548533" visible="true" version="2" changeset="155468986" timestamp="2024-08-19T16:18:02Z" user="oz42" uid="20098342" lat="53.2300084" lon="10.3972996">
  <tag k="amenity" v="bicycle_parking"/>
  <tag k="bicycle_parking" v="stands"/>
  <tag k="capacity" v="4"/>
  <tag k="check_date" v="2024-08-19"/>
  <tag k="covered" v="no"/>
 </node>
 <node id="2241738060" visible="true" version="2" changeset="25135729" timestamp="2014-08-31T11:34:49Z" user="hotteliene" uid="1913655" lat="53.2270335" lon="10.3987281"/>
 <node id="2241738062" visible="true" version="2" changeset="25135729" timestamp="2014-08-31T11:34:49Z" user="hotteliene" uid="1913655" lat="53.2270439" lon="10.3990311"/>
 <node id="2241738064" visible="true" version="2" changeset="25135729" timestamp="2014-08-31T11:34:49Z" user="hotteliene" uid="1913655" lat="53.2272205" lon="10.3987102"/>
 <node id="2241738066" visible="true" version="2" changeset="25135729" timestamp="2014-08-31T11:34:49Z" user="hotteliene" uid="1913655" lat="53.2272308" lon="10.3990131"/>
 <node id="2241738068" visible="true" version="2" changeset="35505368" timestamp="2015-11-22T10:35:21Z" user="Swen Wacker" uid="327655" lat="53.2275897" lon="10.4015299"/>
 <node id="2241738069" visible="true" version="2" changeset="35505368" timestamp="2015-11-22T10:35:21Z" user="Swen Wacker" uid="327655" lat="53.2276025" lon="10.4015285"/>
 <node id="2241738085" visible="true" version="2" changeset="35505368" timestamp="2015-11-22T10:35:21Z" user="Swen Wacker" uid="327655" lat="53.2280209" lon="10.4009183"/>
 <node id="2241738087" visible="true" version="2" changeset="35505368" timestamp="2015-11-22T10:35:21Z" user="Swen Wacker" uid="327655" lat="53.2280441" lon="10.4009157"/>
 <node id="2427886263" visible="true" version="6" changeset="153431057" timestamp="2024-07-01T21:48:47Z" user="sundew" uid="617520" lat="53.2300373" lon="10.4015341">
  <tag k="amenity" v="bicycle_rental"/>
  <tag k="bicycle_rental" v="docking_station"/>
  <tag k="brand" v="StadtRAD Lüneburg"/>
  <tag k="check_date" v="2024-06-29"/>
  <tag k="contact:website" v="https://stadtradlueneburg.de"/>
  <tag k="name" v="Scharnhorststraße / Leuphana Campus"/>
  <tag k="network" v="StadtRAD Lüneburg"/>
  <tag k="note" v="Nur 2 feste Stellplätze, daher ist eine Kapazitätsangabe nicht möglich .."/>
  <tag k="operator" v="Deutsche Bahn Connect GmbH"/>
  <tag k="ref" v="90201"/>
  <tag k="website" v="https://stadtradlueneburg.de"/>
 </node>
 <node id="2745085368" visible="true" version="8" changeset="164130651" timestamp="2025-03-26T16:53:51Z" user="G4rden3r" uid="12091530" lat="53.2300356" lon="10.4010697">
  <tag k="bench" v="no"/>
  <tag k="bus" v="yes"/>
  <tag k="highway" v="bus_stop"/>
  <tag k="line" v="5001"/>
  <tag k="name" v="Lüneburg, Leuphana"/>
  <tag k="network" v="Hamburger Verkehrsverbund"/>
  <tag k="network:short" v="HVV"/>
  <tag k="network:wikidata" v="Q896916"/>
  <tag k="network:wikipedia" v="de:Hamburger Verkehrsverbund"/>
  <tag k="operator" v="KVG"/>
  <tag k="public_transport" v="platform"/>
  <tag k="ref_name" v="Lüneburg, Leuphana"/>
  <tag k="shelter" v="no"/>
  <tag k="tactile_paving" v="no"/>
  <tag k="wheelchair" v="limited"/>
 </node>
 <node id="3016506417" visible="true" version="2" changeset="57005282" timestamp="2018-03-08T16:05:52Z" user="038847" uid="209402" lat="53.2269811" lon="10.4054626">
  <tag k="emergency" v="fire_hydrant"/>
  <tag k="fire_hydrant:diameter" v="100"/>
  <tag k="fire_hydrant:position" v="sidewalk"/>
  <tag k="fire_hydrant:type" v="underground"/>
  <tag k="ref" v="868"/>
 </node>
 <node id="3037347668" visible="true" version="1" changeset="24960696" timestamp="2014-08-23T17:21:18Z" user="Moonwalker" uid="166598" lat="53.2284797" lon="10.3970205">
  <tag k="addr:city" v="Lüneburg"/>
  <tag k="addr:country" v="DE"/>
  <tag k="addr:housenumber" v="10"/>
  <tag k="addr:postcode" v="21335"/>
  <tag k="addr:street" v="Wichernstraße"/>
  <tag k="entrance" v="yes"/>
 </node>
 <node id="3037347669" visible="true" version="2" changeset="83160365" timestamp="2020-04-06T18:06:41Z" user="Konkon153" uid="9132308" lat="53.2282884" lon="10.3974439">
  <tag k="entrance" v="yes"/>
 </node>
 <node id="3037347670" visible="true" version="1" changeset="24960696" timestamp="2014-08-23T17:21:18Z" user="Moonwalker" uid="166598" lat="53.2282184" lon="10.3970860">
  <tag k="addr:city" v="Lüneburg"/>
  <tag k="addr:country" v="DE"/>
  <tag k="addr:housenumber" v="12"/>
  <tag k="addr:postcode" v="21335"/>
  <tag k="addr:street" v="Wichernstraße"/>
  <tag k="entrance" v="yes"/>
 </node>
 <node id="3037347671" visible="true" version="2" changeset="176966564" timestamp="2026-01-08T02:16:01Z" user="hotteliene" uid="1913655" lat="53.2280781" lon="10.3971886">
  <tag k="addr:city" v="Lüneburg"/>
  <tag k="addr:country" v="DE"/>
  <tag k="addr:housenumber" v="14"/>
  <tag k="addr:postcode" v="21335"/>
  <tag k="addr:street" v="Wichernstraße"/>
  <tag k="entrance" v="yes"/>
 </node>
 <node id="3037347672" visible="true" version="1" changeset="24960696" timestamp="2014-08-23T17:21:18Z" user="Moonwalker" uid="166598" lat="53.2278513" lon="10.3972364">
  <tag k="addr:city" v="Lüneburg"/>
  <tag k="addr:country" v="DE"/>
  <tag k="addr:housenumber" v="16"/>
  <tag k="addr:postcode" v="21335"/>
  <tag k="addr:street" v="Wichernstraße"/>
  <tag k="entrance" v="yes"/>
 </node>
 <node id="3037347673" visible="true" version="1" changeset="24960696" timestamp="2014-08-23T17:21:18Z" user="Moonwalker" uid="166598" lat="53.2278659" lon="10.3976408">
  <tag k="addr:city" v="Lüneburg"/>
  <tag k="addr:country" v="DE"/>
  <tag k="addr:housenumber" v="17"/>
  <tag k="addr:postcode" v="21335"/>
  <tag k="addr:street" v="Wichernstraße"/>
  <tag k="entrance" v="yes"/>
 </node>
 <node id="3037347674" visible="true" version="1" changeset="24960696" timestamp="2014-08-23T17:21:18Z" user="Moonwalker" uid="166598" lat="53.2277040" lon="10.3973466">
  <tag k="addr:city" v="Lüneburg"/>
  <tag k="addr:country" v="DE"/>
  <tag k="addr:housenumber" v="18"/>
  <tag k="addr:postcode" v="21335"/>
  <tag k="addr:street" v="Wichernstraße"/>
  <tag k="entrance" v="yes"/>
 </node>
 <node id="3037347676" visible="true" version="1" changeset="24960696" timestamp="2014-08-23T17:21:18Z" user="Moonwalker" uid="166598" lat="53.2277217" lon="10.3974809"/>
 <node id="3037347677" visible="true" version="1" changeset="24960696" timestamp="2014-08-23T17:21:18Z" user="Moonwalker" uid="166598" lat="53.2278229" lon="10.3976273"/>
 <node id="3037347678" visible="true" version="1" changeset="24960696" timestamp="2014-08-23T17:21:18Z" user="Moonwalker" uid="166598" lat="53.2278303" lon="10.3976748"/>
 <node id="3037347679" visible="true" version="1" changeset="24960696" timestamp="2014-08-23T17:21:18Z" user="Moonwalker" uid="166598" lat="53.2278523" lon="10.3974263"/>
 <node id="3037347680" visible="true" version="1" changeset="24960696" timestamp="2014-08-23T17:21:18Z" user="Moonwalker" uid="166598" lat="53.2278612" lon="10.3976106"/>
 <node id="3037347681" visible="true" version="1" changeset="24960696" timestamp="2014-08-23T17:21:18Z" user="Moonwalker" uid="166598" lat="53.2278691" lon="10.3976610"/>
 <node id="3037347682" visible="true" version="1" changeset="24960696" timestamp="2014-08-23T17:21:18Z" user="Moonwalker" uid="166598" lat="53.2278807" lon="10.3976334"/>
 <node id="3037347683" visible="true" version="1" changeset="24960696" timestamp="2014-08-23T17:21:18Z" user="Moonwalker" uid="166598" lat="53.2278893" lon="10.3974108"/>
 <node id="3037347684" visible="true" version="2" changeset="176966564" timestamp="2026-01-08T02:16:01Z" user="hotteliene" uid="1913655" lat="53.2281028" lon="10.3975246">
  <tag k="barrier" v="bollard"/>
  <tag k="bicycle" v="yes"/>
  <tag k="bollard" v="removable"/>
  <tag k="foot" v="yes"/>
 </node>
 <node id="3037347685" visible="true" version="3" changeset="176966564" timestamp="2026-01-08T02:16:01Z" user="hotteliene" uid="1913655" lat="53.2280970" lon="10.3973270"/>
 <node id="3037347686" visible="true" version="2" changeset="176966564" timestamp="2026-01-08T02:16:01Z" user="hotteliene" uid="1913655" lat="53.2281242" lon="10.3975163"/>
 <node id="3037347687" visible="true" version="2" changeset="176966564" timestamp="2026-01-08T02:16:01Z" user="hotteliene" uid="1913655" lat="53.2281725" lon="10.3978201">
  <tag k="barrier" v="bollard"/>
  <tag k="bicycle" v="yes"/>
  <tag k="bollard" v="removable"/>
  <tag k="foot" v="yes"/>
 </node>
 <node id="3037347688" visible="true" version="1" changeset="24960696" timestamp="2014-08-23T17:21:19Z" user="Moonwalker" uid="166598" lat="53.2282245" lon="10.3975249"/>
 <node id="3037347689" visible="true" version="3" changeset="176966564" timestamp="2026-01-08T02:16:01Z" user="hotteliene" uid="1913655" lat="53.2281885" lon="10.3979228"/>
 <node id="3037347690" visible="true" version="1" changeset="24960696" timestamp="2014-08-23T17:21:19Z" user="Moonwalker" uid="166598" lat="53.2282331" lon="10.3975212"/>
 <node id="3037347691" visible="true" version="1" changeset="24960696" timestamp="2014-08-23T17:21:19Z" user="Moonwalker" uid="166598" lat="53.2282437" lon="10.3976492"/>
 <node id="3037347692" visible="true" version="1" changeset="24960696" timestamp="2014-08-23T17:21:19Z" user="Moonwalker" uid="166598" lat="53.2282542" lon="10.3976446"/>
 <node id="3037347693" visible="true" version="1" changeset="24960696" timestamp="2014-08-23T17:21:19Z" user="Moonwalker" uid="166598" lat="53.2282604" lon="10.3972555"/>
 <node id="3037347694" visible="true" version="1" changeset="24960696" timestamp="2014-08-23T17:21:19Z" user="Moonwalker" uid="166598" lat="53.2282778" lon="10.3974220"/>
 <node id="3037347695" visible="true" version="1" changeset="24960696" timestamp="2014-08-23T17:21:19Z" user="Moonwalker" uid="166598" lat="53.2282812" lon="10.3974470"/>
 <node id="3037347696" visible="true" version="1" changeset="24960696" timestamp="2014-08-23T17:21:19Z" user="Moonwalker" uid="166598" lat="53.2282859" lon="10.3974276"/>
 <node id="3037347697" visible="true" version="1" changeset="24960696" timestamp="2014-08-23T17:21:19Z" user="Moonwalker" uid="166598" lat="53.2282901" lon="10.3974547"/>
 <node id="3037347698" visible="true" version="1" changeset="24960696" timestamp="2014-08-23T17:21:19Z" user="Moonwalker" uid="166598" lat="53.2283596" lon="10.3973959"/>
 <node id="3037347699" visible="true" version="1" changeset="24960696" timestamp="2014-08-23T17:21:19Z" user="Moonwalker" uid="166598" lat="53.2283637" lon="10.3974227"/>
 <node id="3037347700" visible="true" version="1" changeset="24960696" timestamp="2014-08-23T17:21:19Z" user="Moonwalker" uid="166598" lat="53.2284141" lon="10.3971907"/>
 <node id="3037347701" visible="true" version="1" changeset="24960696" timestamp="2014-08-23T17:21:19Z" user="Moonwalker" uid="166598" lat="53.2284390" lon="10.3973509"/>
 <node id="3037347702" visible="true" version="1" changeset="24960696" timestamp="2014-08-23T17:21:19Z" user="Moonwalker" uid="166598" lat="53.2284431" lon="10.3974516"/>
 <node id="3037347703" visible="true" version="1" changeset="24960696" timestamp="2014-08-23T17:21:19Z" user="Moonwalker" uid="166598" lat="53.2284470" lon="10.3973977"/>
 <node id="3037347704" visible="true" version="1" changeset="24960696" timestamp="2014-08-23T17:21:19Z" user="Moonwalker" uid="166598" lat="53.2284539" lon="10.3974470"/>
 <node id="3037347705" visible="true" version="1" changeset="24960696" timestamp="2014-08-23T17:21:19Z" user="Moonwalker" uid="166598" lat="53.2284579" lon="10.3971719"/>
 <node id="3037347706" visible="true" version="1" changeset="24960696" timestamp="2014-08-23T17:21:19Z" user="Moonwalker" uid="166598" lat="53.2284590" lon="10.3975527"/>
 <node id="3037347707" visible="true" version="1" changeset="24960696" timestamp="2014-08-23T17:21:19Z" user="Moonwalker" uid="166598" lat="53.2284695" lon="10.3975481"/>
 <node id="3037347708" visible="true" version="1" changeset="24960696" timestamp="2014-08-23T17:21:19Z" user="Moonwalker" uid="166598" lat="53.2284716" lon="10.3972599">
  <tag k="barrier" v="bollard"/>
  <tag k="bicycle" v="yes"/>
  <tag k="bollard" v="removable"/>
  <tag k="foot" v="yes"/>
 </node>
 <node id="3037347709" visible="true" version="1" changeset="24960696" timestamp="2014-08-23T17:21:19Z" user="Moonwalker" uid="166598" lat="53.2285142" lon="10.3971476"/>
 <node id="3037347710" visible="true" version="2" changeset="25135561" timestamp="2014-08-31T11:21:33Z" user="hotteliene" uid="1913655" lat="53.2285504" lon="10.3977686"/>
 <node id="3037347711" visible="true" version="1" changeset="24960696" timestamp="2014-08-23T17:21:19Z" user="Moonwalker" uid="166598" lat="53.2286566" lon="10.3970863"/>
 <node id="3039092958" visible="true" version="2" changeset="62423851" timestamp="2018-09-09T12:48:05Z" user="hotteliene" uid="1913655" lat="53.2275347" lon="10.3993245">
  <tag k="emergency" v="fire_hydrant"/>
  <tag k="fire_hydrant:diameter" v="100"/>
  <tag k="fire_hydrant:position" v="green"/>
  <tag k="fire_hydrant:type" v="pillar"/>
  <tag k="ref" v="20"/>
 </node>
 <node id="3039092959" visible="true" version="2" changeset="25135729" timestamp="2014-08-31T11:34:49Z" user="hotteliene" uid="1913655" lat="53.2270407" lon="10.3989366">
  <tag k="entrance" v="yes"/>
 </node>
 <node id="3044686552" visible="true" version="2" changeset="155570490" timestamp="2024-08-21T17:28:25Z" user="oz42" uid="20098342" lat="53.2273737" lon="10.3999623">
  <tag k="amenity" v="bicycle_parking"/>
  <tag k="bicycle_parking" v="stands"/>
  <tag k="capacity" v="4"/>
  <tag k="check_date:capacity" v="2024-08-21"/>
  <tag k="covered" v="no"/>
 </node>
 <node id="3044686553" visible="true" version="2" changeset="155570490" timestamp="2024-08-21T17:28:23Z" user="oz42" uid="20098342" lat="53.2273758" lon="10.4000891">
  <tag k="amenity" v="bicycle_parking"/>
  <tag k="bicycle_parking" v="stands"/>
  <tag k="capacity" v="8"/>
  <tag k="covered" v="no"/>
 </node>
 <node id="3044686554" visible="true" version="3" changeset="144797192" timestamp="2023-12-05T15:51:51Z" user="jp_spino" uid="20650565" lat="53.2277025" lon="10.3980125">
  <tag k="amenity" v="bicycle_parking"/>
  <tag k="bicycle_parking" v="stands"/>
  <tag k="capacity" v="12"/>
  <tag k="check_date:capacity" v="2023-12-05"/>
  <tag k="covered" v="no"/>
 </node>
 <node id="3044686555" visible="true" version="2" changeset="155570490" timestamp="2024-08-21T17:28:22Z" user="oz42" uid="20098342" lat="53.2278010" lon="10.3991112">
  <tag k="amenity" v="bicycle_parking"/>
  <tag k="bicycle_parking" v="stands"/>
  <tag k="capacity" v="1"/>
  <tag k="covered" v="no"/>
 </node>
 <node id="3044686556" visible="true" version="2" changeset="144797192" timestamp="2023-12-05T15:52:08Z" user="jp_spino" uid="20650565" lat="53.2278644" lon="10.3979504">
  <tag k="amenity" v="bicycle_parking"/>
  <tag k="bicycle_parking" v="stands"/>
  <tag k="capacity" v="16"/>
  <tag k="covered" v="no"/>
 </node>
 <node id="3044686557" visible="true" version="2" changeset="144797192" timestamp="2023-12-05T15:52:18Z" user="jp_spino" uid="20650565" lat="53.2279445" lon="10.3979224">
  <tag k="amenity" v="bicycle_parking"/>
  <tag k="bicycle_parking" v="stands"/>
  <tag k="capacity" v="8"/>
  <tag k="check_date:capacity" v="2023-12-05"/>
  <tag k="covered" v="no"/>
 </node>
 <node id="3044686558" visible="true" version="3" changeset="155468999" timestamp="2024-08-19T16:18:11Z" user="oz42" uid="20098342" lat="53.2282476" lon="10.3973744">
  <tag k="amenity" v="bicycle_parking"/>
  <tag k="bicycle_parking" v="stands"/>
  <tag k="capacity" v="4"/>
  <tag k="covered" v="no"/>
 </node>
 <node id="3051560816" visible="true" version="4" changeset="176966564" timestamp="2026-01-08T02:16:01Z" user="hotteliene" uid="1913655" lat="53.2265648" lon="10.3986479">
  <tag k="barrier" v="bollard"/>
  <tag k="bollard" v="fixed"/>
  <tag k="foot" v="yes"/>
 </node>
 <node id="3051560817" visible="true" version="2" changeset="25135561" timestamp="2014-08-31T11:21:33Z" user="hotteliene" uid="1913655" lat="53.2276306" lon="10.3980390">
  <tag k="emergency" v="fire_hydrant"/>
  <tag k="fire_hydrant:diameter" v="100"/>
  <tag k="fire_hydrant:position" v="sidewalk"/>
  <tag k="fire_hydrant:type" v="pillar"/>
  <tag k="ref" v="21"/>
 </node>
 <node id="3051560818" visible="true" version="4" changeset="131565755" timestamp="2023-01-22T12:46:47Z" user="hotteliene" uid="1913655" lat="53.2268885" lon="10.3992669">
  <tag k="emergency" v="fire_hydrant"/>
  <tag k="fire_hydrant:diameter" v="100"/>
  <tag k="fire_hydrant:position" v="lane"/>
  <tag k="fire_hydrant:type" v="underground"/>
  <tag k="old_ref" v="876"/>
  <tag k="ref" v="1572"/>
  <tag k="survey:date" v="2023-01-22"/>
 </node>
 <node id="3051560819" visible="true" version="1" changeset="25134633" timestamp="2014-08-31T10:20:41Z" user="hotteliene" uid="1913655" lat="53.2293351" lon="10.3999065">
  <tag k="emergency" v="fire_hydrant"/>
  <tag k="fire_hydrant:diameter" v="100"/>
  <tag k="fire_hydrant:position" v="green"/>
  <tag k="fire_hydrant:type" v="pillar"/>
  <tag k="ref" v="17"/>
 </node>
 <node id="3051560820" visible="true" version="1" changeset="25134633" timestamp="2014-08-31T10:20:41Z" user="hotteliene" uid="1913655" lat="53.2284543" lon="10.3979144">
  <tag k="emergency" v="fire_hydrant"/>
  <tag k="fire_hydrant:diameter" v="100"/>
  <tag k="fire_hydrant:position" v="green"/>
  <tag k="fire_hydrant:type" v="pillar"/>
  <tag k="ref" v="22"/>
 </node>
 <node id="3051560821" visible="true" version="1" changeset="25134633" timestamp="2014-08-31T10:20:41Z" user="hotteliene" uid="1913655" lat="53.2293856" lon="10.4007850">
  <tag k="emergency" v="fire_hydrant"/>
  <tag k="fire_hydrant:diameter" v="100"/>
  <tag k="fire_hydrant:position" v="green"/>
  <tag k="fire_hydrant:type" v="pillar"/>
  <tag k="ref" v="16"/>
 </node>
 <node id="3051560822" visible="true" version="1" changeset="25134633" timestamp="2014-08-31T10:20:41Z" user="hotteliene" uid="1913655" lat="53.2291900" lon="10.3973763">
  <tag k="emergency" v="fire_hydrant"/>
  <tag k="fire_hydrant:diameter" v="100"/>
  <tag k="fire_hydrant:position" v="green"/>
  <tag k="fire_hydrant:type" v="pillar"/>
  <tag k="ref" v="23"/>
 </node>
 <node id="3051651075" visible="true" version="2" changeset="27986480" timestamp="2015-01-07T22:09:15Z" user="Swen Wacker" uid="327655" lat="53.2292126" lon="10.3988261"/>
 <node id="3051651076" visible="true" version="2" changeset="27986480" timestamp="2015-01-07T22:09:15Z" user="Swen Wacker" uid="327655" lat="53.2292485" lon="10.3988235"/>
 <node id="3051651077" visible="true" version="2" changeset="27986480" timestamp="2015-01-07T22:09:15Z" user="Swen Wacker" uid="327655" lat="53.2292960" lon="10.3976045"/>
 <node id="3051651078" visible="true" version="2" changeset="27986480" timestamp="2015-01-07T22:09:15Z" user="Swen Wacker" uid="327655" lat="53.2293005" lon="10.3977783"/>
 <node id="3051670361" visible="true" version="2" changeset="176966564" timestamp="2026-01-08T02:16:01Z" user="hotteliene" uid="1913655" lat="53.2269243" lon="10.3986228"/>
 <node id="3051670362" visible="true" version="2" changeset="75966359" timestamp="2019-10-20T22:36:06Z" user="hotteliene" uid="1913655" lat="53.2269450" lon="10.3993155"/>
 <node id="3051670363" visible="true" version="2" changeset="75966359" timestamp="2019-10-20T22:36:06Z" user="hotteliene" uid="1913655" lat="53.2269571" lon="10.3991087"/>
 <node id="3051670364" visible="true" version="2" changeset="176966564" timestamp="2026-01-08T02:16:01Z" user="hotteliene" uid="1913655" lat="53.2269588" lon="10.3986936"/>
 <node id="3051670365" visible="true" version="2" changeset="176966564" timestamp="2026-01-08T02:16:01Z" user="hotteliene" uid="1913655" lat="53.2269670" lon="10.3985648"/>
 <node id="3051670366" visible="true" version="2" changeset="176966564" timestamp="2026-01-08T02:16:01Z" user="hotteliene" uid="1913655" lat="53.2270015" lon="10.3986356"/>
 <node id="3051670367" visible="true" version="1" changeset="25135729" timestamp="2014-08-31T11:34:48Z" user="hotteliene" uid="1913655" lat="53.2270206" lon="10.3989375"/>
 <node id="3051670368" visible="true" version="1" changeset="25135729" timestamp="2014-08-31T11:34:48Z" user="hotteliene" uid="1913655" lat="53.2270244" lon="10.3991017"/>
 <node id="3051670369" visible="true" version="1" changeset="25135729" timestamp="2014-08-31T11:34:48Z" user="hotteliene" uid="1913655" lat="53.2272236" lon="10.3988010">
  <tag k="entrance" v="yes"/>
 </node>
 <node id="3051670370" visible="true" version="2" changeset="75966359" timestamp="2019-10-20T22:36:06Z" user="hotteliene" uid="1913655" lat="53.2272799" lon="10.3992819"/>
 <node id="3051670371" visible="true" version="2" changeset="75966359" timestamp="2019-10-20T22:36:06Z" user="hotteliene" uid="1913655" lat="53.2272806" lon="10.3990857"/>
 <node id="3051670372" visible="true" version="1" changeset="25135729" timestamp="2014-08-31T11:34:48Z" user="hotteliene" uid="1913655" lat="53.2273090" lon="10.3986348"/>
 <node id="3051670373" visible="true" version="1" changeset="25135729" timestamp="2014-08-31T11:34:48Z" user="hotteliene" uid="1913655" lat="53.2273130" lon="10.3988374"/>
 <node id="3051670374" visible="true" version="1" changeset="25135729" timestamp="2014-08-31T11:34:48Z" user="hotteliene" uid="1913655" lat="53.2273162" lon="10.3986434"/>
 <node id="3051670375" visible="true" version="1" changeset="25135729" timestamp="2014-08-31T11:34:48Z" user="hotteliene" uid="1913655" lat="53.2273206" lon="10.3988268"/>
 <node id="3051670376" visible="true" version="1" changeset="25135729" timestamp="2014-08-31T11:34:48Z" user="hotteliene" uid="1913655" lat="53.2273330" lon="10.3988446"/>
 <node id="3051670377" visible="true" version="1" changeset="25135729" timestamp="2014-08-31T11:34:48Z" user="hotteliene" uid="1913655" lat="53.2273394" lon="10.3990779"/>
 <node id="3051670378" visible="true" version="1" changeset="25135729" timestamp="2014-08-31T11:34:48Z" user="hotteliene" uid="1913655" lat="53.2273444" lon="10.3985036"/>
 <node id="3051670379" visible="true" version="1" changeset="25135729" timestamp="2014-08-31T11:34:48Z" user="hotteliene" uid="1913655" lat="53.2273586" lon="10.3983862"/>
 <node id="3051670380" visible="true" version="1" changeset="25135729" timestamp="2014-08-31T11:34:48Z" user="hotteliene" uid="1913655" lat="53.2273594" lon="10.3984974"/>
 <node id="3051670381" visible="true" version="1" changeset="25135729" timestamp="2014-08-31T11:34:48Z" user="hotteliene" uid="1913655" lat="53.2273624" lon="10.3988377"/>
 <node id="3051670382" visible="true" version="1" changeset="25135729" timestamp="2014-08-31T11:34:48Z" user="hotteliene" uid="1913655" lat="53.2273724" lon="10.3991355"/>
 <node id="3051670383" visible="true" version="1" changeset="25135729" timestamp="2014-08-31T11:34:48Z" user="hotteliene" uid="1913655" lat="53.2273758" lon="10.3984233"/>
 <node id="3051670384" visible="true" version="1" changeset="25135729" timestamp="2014-08-31T11:34:48Z" user="hotteliene" uid="1913655" lat="53.2273839" lon="10.3986389"/>
 <node id="3051670385" visible="true" version="1" changeset="25135729" timestamp="2014-08-31T11:34:48Z" user="hotteliene" uid="1913655" lat="53.2273883" lon="10.3988223"/>
 <node id="3051670386" visible="true" version="1" changeset="25135729" timestamp="2014-08-31T11:34:48Z" user="hotteliene" uid="1913655" lat="53.2273938" lon="10.3985186"/>
 <node id="3051670387" visible="true" version="1" changeset="25135729" timestamp="2014-08-31T11:34:48Z" user="hotteliene" uid="1913655" lat="53.2274102" lon="10.3984445"/>
 <node id="3051670388" visible="true" version="1" changeset="25135729" timestamp="2014-08-31T11:34:48Z" user="hotteliene" uid="1913655" lat="53.2274296" lon="10.3988314"/>
 <node id="3051670389" visible="true" version="1" changeset="25135729" timestamp="2014-08-31T11:34:48Z" user="hotteliene" uid="1913655" lat="53.2274397" lon="10.3991292"/>
 <node id="3051673969" visible="true" version="2" changeset="75966359" timestamp="2019-10-20T22:36:06Z" user="hotteliene" uid="1913655" lat="53.2269425" lon="10.3991993"/>
 <node id="3051673971" visible="true" version="2" changeset="75966359" timestamp="2019-10-20T22:36:06Z" user="hotteliene" uid="1913655" lat="53.2272457" lon="10.3991812"/>
 <node id="3051673972" visible="true" version="2" changeset="75966359" timestamp="2019-10-20T22:36:06Z" user="hotteliene" uid="1913655" lat="53.2272479" lon="10.3992851"/>
 <node id="3052356945" visible="true" version="1" changeset="25145117" timestamp="2014-08-31T18:49:12Z" user="hotteliene" uid="1913655" lat="53.2266787" lon="10.3993422"/>
 <node id="3052356946" visible="true" version="1" changeset="25145117" timestamp="2014-08-31T18:49:12Z" user="hotteliene" uid="1913655" lat="53.2268078" lon="10.3986412"/>
 <node id="3052356947" visible="true" version="1" changeset="25145117" timestamp="2014-08-31T18:49:12Z" user="hotteliene" uid="1913655" lat="53.2268247" lon="10.3991724"/>
 <node id="3052356948" visible="true" version="2" changeset="75966359" timestamp="2019-10-20T22:36:06Z" user="hotteliene" uid="1913655" lat="53.2268300" lon="10.3993270"/>
 <node id="3052356949" visible="true" version="1" changeset="25145117" timestamp="2014-08-31T18:49:12Z" user="hotteliene" uid="1913655" lat="53.2268584" lon="10.3986367"/>
 <node id="3052356950" visible="true" version="1" changeset="25145117" timestamp="2014-08-31T18:49:12Z" user="hotteliene" uid="1913655" lat="53.2268753" lon="10.3991680"/>
 <node id="3052356951" visible="true" version="1" changeset="25145117" timestamp="2014-08-31T18:49:12Z" user="hotteliene" uid="1913655" lat="53.2274329" lon="10.3996249"/>
 <node id="3052356952" visible="true" version="1" changeset="25145117" timestamp="2014-08-31T18:49:12Z" user="hotteliene" uid="1913655" lat="53.2274623" lon="10.4004838"/>
 <node id="3052356953" visible="true" version="1" changeset="25145117" timestamp="2014-08-31T18:49:12Z" user="hotteliene" uid="1913655" lat="53.2274818" lon="10.3996202"/>
 <node id="3052356954" visible="true" version="1" changeset="25145117" timestamp="2014-08-31T18:49:12Z" user="hotteliene" uid="1913655" lat="53.2275112" lon="10.4004791"/>
 <node id="3129426376" visible="true" version="8" changeset="144798519" timestamp="2023-12-05T16:27:55Z" user="jp_spino" uid="20650565" lat="53.2278925" lon="10.4007373">
  <tag k="air_conditioning" v="yes"/>
  <tag k="amenity" v="library"/>
  <tag k="contact:email" v="unibib@leuphana.de"/>
  <tag k="contact:fax" v="+49 4131 6 77-1111"/>
  <tag k="contact:phone" v="+49 4131 6 77-1100"/>
  <tag k="contact:website" v="http://www.leuphana.de/bibliothek.html"/>
  <tag k="internet_access" v="wlan"/>
  <tag k="name" v="Universitätsbibliothek"/>
  <tag k="opening_hours" v="Mo-Fr 08:30-23:00, Sa-Su 10:00-20:00"/>
  <tag k="operator" v="Leuphana-Universität"/>
  <tag k="ref:isil" v="DE-Luen4"/>
  <tag k="toilets:wheelchair" v="yes"/>
  <tag k="wheelchair" v="yes"/>
  <tag k="wikidata" v="Q28733501"/>
 </node>
 <node id="3138640784" visible="true" version="14" changeset="162430123" timestamp="2025-02-12T13:34:36Z" user="woodpeck_repair" uid="145231" lat="53.2300344" lon="10.4016151">
  <tag k="amenity" v="post_box"/>
  <tag k="brand" v="Deutsche Post"/>
  <tag k="check_date" v="2024-06-29"/>
  <tag k="collection_times" v="Mo-Fr 14:00; Sa 10:00"/>
  <tag k="operator" v="Deutsche Post"/>
  <tag k="operator:wikidata" v="Q157645"/>
  <tag k="operator:wikipedia" v="de:Deutsche Post AG"/>
  <tag k="ref" v="Scharnhorststraße 1, 21335 Lüneburg"/>
 </node>
 <node id="3184998773" visible="true" version="3" changeset="160465021" timestamp="2024-12-21T10:53:59Z" user="Till_btn" uid="16371836" lat="53.2283395" lon="10.3991661"/>
 <node id="3201302957" visible="true" version="2" changeset="155683069" timestamp="2024-08-24T08:10:58Z" user="oz42" uid="20098342" lat="53.2273412" lon="10.3991447">
  <tag k="barrier" v="bollard"/>
  <tag k="bicycle" v="yes"/>
  <tag k="bollard" v="removable"/>
  <tag k="foot" v="yes"/>
  <tag k="removable" v="yes"/>
 </node>
 <node id="3204268277" visible="true" version="5" changeset="164130651" timestamp="2025-03-26T16:53:51Z" user="G4rden3r" uid="12091530" lat="53.2301148" lon="10.4010718">
  <tag k="bus" v="yes"/>
  <tag k="name" v="Lüneburg, Leuphana"/>
  <tag k="public_transport" v="stop_position"/>
 </node>
 <node id="3211150430" visible="true" version="6" changeset="89358185" timestamp="2020-08-13T12:53:14Z" user="hotteliene" uid="1913655" lat="53.2287961" lon="10.4055275">
  <tag k="bus" v="yes"/>
  <tag k="name" v="Universitätsallee"/>
  <tag k="public_transport" v="stop_position"/>
  <tag k="ref_name" v="Lüneburg, Scharnhorststraße Ost"/>
 </node>
 <node id="3211150431" visible="true" version="7" changeset="154825601" timestamp="2024-08-04T18:35:13Z" user="OSM_RogerWilco" uid="10114909" lat="53.2297899" lon="10.4054320">
  <tag k="bus" v="yes"/>
  <tag k="name" v="Universitätsallee"/>
  <tag k="public_transport" v="stop_position"/>
  <tag k="ref_name" v="Lüneburg, Scharnhorststraße (Ost)"/>
 </node>
 <node id="3222164914" visible="true" version="3" changeset="156109193" timestamp="2024-09-02T17:18:17Z" user="hotteliene" uid="1913655" lat="53.2302074" lon="10.4000929">
  <tag k="bus" v="yes"/>
  <tag k="name" v="Blücherstraße"/>
  <tag k="public_transport" v="stop_position"/>
 </node>
 <node id="3234130827" visible="true" version="2" changeset="62423851" timestamp="2018-09-09T12:48:05Z" user="hotteliene" uid="1913655" lat="53.2272335" lon="10.4008576">
  <tag k="emergency" v="fire_hydrant"/>
  <tag k="fire_hydrant:diameter" v="100"/>
  <tag k="fire_hydrant:position" v="lane"/>
  <tag k="fire_hydrant:type" v="underground"/>
  <tag k="ref" v="1657"/>
 </node>
 <node id="3275337484" visible="true" version="3" changeset="163183503" timestamp="2025-03-04T02:11:47Z" user="bwbuz" uid="2807324" lat="53.2271206" lon="10.3989129">
  <tag k="addr:city" v="Lüneburg"/>
  <tag k="addr:country" v="DE"/>
  <tag k="addr:housenumber" v="9"/>
  <tag k="addr:postcode" v="21335"/>
  <tag k="addr:street" v="Carl-von-Ossietzky-Straße"/>
  <tag k="amenity" v="social_facility"/>
  <tag k="check_date" v="2024-08-22"/>
  <tag k="name" v="Geschwister-Scholl-Haus"/>
  <tag k="opening_hours" v="Mo 08:30-17:30;Tu 09:00-19:30;We-Th 09:00-20:00; Fr 09:00-19:30"/>
  <tag k="social_facility" v="mgh"/>
 </node>
 <node id="3275337486" visible="true" version="3" changeset="31193317" timestamp="2015-05-16T05:16:33Z" user="Swen Wacker" uid="327655" lat="53.2270282" lon="10.3996932">
  <tag k="addr:city" v="Lüneburg"/>
  <tag k="addr:country" v="DE"/>
  <tag k="addr:housenumber" v="10"/>
  <tag k="addr:postcode" v="21335"/>
  <tag k="addr:street" v="Carl-von-Ossietzky-Straße"/>
  <tag k="entrance" v="yes"/>
 </node>
 <node id="3275337490" visible="true" version="3" changeset="31193317" timestamp="2015-05-16T05:16:34Z" user="Swen Wacker" uid="327655" lat="53.2272008" lon="10.3996997">
  <tag k="addr:city" v="Lüneburg"/>
  <tag k="addr:country" v="DE"/>
  <tag k="addr:housenumber" v="12"/>
  <tag k="addr:postcode" v="21335"/>
  <tag k="addr:street" v="Carl-von-Ossietzky-Straße"/>
  <tag k="entrance" v="yes"/>
 </node>
 <node id="3275337493" visible="true" version="3" changeset="31193317" timestamp="2015-05-16T05:16:34Z" user="Swen Wacker" uid="327655" lat="53.2273264" lon="10.4000803">
  <tag k="addr:city" v="Lüneburg"/>
  <tag k="addr:country" v="DE"/>
  <tag k="addr:housenumber" v="16"/>
  <tag k="addr:postcode" v="21335"/>
  <tag k="addr:street" v="Carl-von-Ossietzky-Straße"/>
  <tag k="entrance" v="yes"/>
 </node>
 <node id="3275337496" visible="true" version="3" changeset="31193317" timestamp="2015-05-16T05:16:35Z" user="Swen Wacker" uid="327655" lat="53.2272398" lon="10.4006676">
  <tag k="addr:city" v="Lüneburg"/>
  <tag k="addr:country" v="DE"/>
  <tag k="addr:housenumber" v="20"/>
  <tag k="addr:postcode" v="21335"/>
  <tag k="addr:street" v="Carl-von-Ossietzky-Straße"/>
  <tag k="entrance" v="yes"/>
 </node>
 <node id="3275337497" visible="true" version="2" changeset="31193317" timestamp="2015-05-16T05:16:35Z" user="Swen Wacker" uid="327655" lat="53.2274661" lon="10.3973881">
  <tag k="addr:city" v="Lüneburg"/>
  <tag k="addr:country" v="DE"/>
  <tag k="addr:housenumber" v="20"/>
  <tag k="addr:postcode" v="21335"/>
  <tag k="addr:street" v="Wichernstraße"/>
  <tag k="entrance" v="yes"/>
 </node>
 <node id="3275337505" visible="true" version="3" changeset="31193317" timestamp="2015-05-16T05:16:36Z" user="Swen Wacker" uid="327655" lat="53.2270922" lon="10.4006602">
  <tag k="addr:city" v="Lüneburg"/>
  <tag k="addr:country" v="DE"/>
  <tag k="addr:housenumber" v="22"/>
  <tag k="addr:postcode" v="21335"/>
  <tag k="addr:street" v="Carl-von-Ossietzky-Straße"/>
  <tag k="entrance" v="yes"/>
 </node>
 <node id="3275337506" visible="true" version="2" changeset="31193317" timestamp="2015-05-16T05:16:36Z" user="Swen Wacker" uid="327655" lat="53.2273134" lon="10.3975059">
  <tag k="addr:city" v="Lüneburg"/>
  <tag k="addr:country" v="DE"/>
  <tag k="addr:housenumber" v="22"/>
  <tag k="addr:postcode" v="21335"/>
  <tag k="addr:street" v="Wichernstraße"/>
  <tag k="entrance" v="yes"/>
 </node>
 <node id="3275337521" visible="true" version="3" changeset="31193317" timestamp="2015-05-16T05:16:38Z" user="Swen Wacker" uid="327655" lat="53.2268890" lon="10.4007058">
  <tag k="addr:city" v="Lüneburg"/>
  <tag k="addr:country" v="DE"/>
  <tag k="addr:housenumber" v="24"/>
  <tag k="addr:postcode" v="21335"/>
  <tag k="addr:street" v="Carl-von-Ossietzky-Straße"/>
  <tag k="entrance" v="yes"/>
 </node>
 <node id="3275337522" visible="true" version="2" changeset="31193317" timestamp="2015-05-16T05:16:38Z" user="Swen Wacker" uid="327655" lat="53.2270027" lon="10.3975730">
  <tag k="addr:city" v="Lüneburg"/>
  <tag k="addr:country" v="DE"/>
  <tag k="addr:housenumber" v="24"/>
  <tag k="addr:postcode" v="21335"/>
  <tag k="addr:street" v="Wichernstraße"/>
  <tag k="entrance" v="yes"/>
 </node>
 <node id="3275337529" visible="true" version="3" changeset="31193317" timestamp="2015-05-16T05:16:38Z" user="Swen Wacker" uid="327655" lat="53.2267840" lon="10.4001172">
  <tag k="addr:city" v="Lüneburg"/>
  <tag k="addr:country" v="DE"/>
  <tag k="addr:housenumber" v="26"/>
  <tag k="addr:postcode" v="21335"/>
  <tag k="addr:street" v="Carl-von-Ossietzky-Straße"/>
  <tag k="entrance" v="yes"/>
 </node>
 <node id="3275337530" visible="true" version="2" changeset="31193317" timestamp="2015-05-16T05:16:39Z" user="Swen Wacker" uid="327655" lat="53.2269090" lon="10.3976436">
  <tag k="addr:city" v="Lüneburg"/>
  <tag k="addr:country" v="DE"/>
  <tag k="addr:housenumber" v="26"/>
  <tag k="addr:postcode" v="21335"/>
  <tag k="addr:street" v="Wichernstraße"/>
  <tag k="entrance" v="yes"/>
 </node>
 <node id="3275337537" visible="true" version="2" changeset="31193317" timestamp="2015-05-16T05:16:39Z" user="Swen Wacker" uid="327655" lat="53.2269586" lon="10.4031883">
  <tag k="addr:city" v="Lüneburg"/>
  <tag k="addr:country" v="DE"/>
  <tag k="addr:housenumber" v="29"/>
  <tag k="addr:postcode" v="21335"/>
  <tag k="addr:street" v="Heinrich-Böll-Straße"/>
 </node>
 <node id="3275337542" visible="true" version="2" changeset="31193317" timestamp="2015-05-16T05:16:40Z" user="Swen Wacker" uid="327655" lat="53.2271378" lon="10.4031620">
  <tag k="addr:city" v="Lüneburg"/>
  <tag k="addr:country" v="DE"/>
  <tag k="addr:housenumber" v="31"/>
  <tag k="addr:postcode" v="21335"/>
  <tag k="addr:street" v="Heinrich-Böll-Straße"/>
 </node>
 <node id="3275337546" visible="true" version="2" changeset="31193317" timestamp="2015-05-16T05:16:40Z" user="Swen Wacker" uid="327655" lat="53.2273998" lon="10.4036062">
  <tag k="addr:city" v="Lüneburg"/>
  <tag k="addr:country" v="DE"/>
  <tag k="addr:housenumber" v="32"/>
  <tag k="addr:postcode" v="21335"/>
  <tag k="addr:street" v="Heinrich-Böll-Straße"/>
 </node>
 <node id="3275337548" visible="true" version="2" changeset="31193317" timestamp="2015-05-16T05:16:41Z" user="Swen Wacker" uid="327655" lat="53.2273210" lon="10.4031719">
  <tag k="addr:city" v="Lüneburg"/>
  <tag k="addr:country" v="DE"/>
  <tag k="addr:housenumber" v="33"/>
  <tag k="addr:postcode" v="21335"/>
  <tag k="addr:street" v="Heinrich-Böll-Straße"/>
 </node>
 <node id="3275337552" visible="true" version="2" changeset="31193317" timestamp="2015-05-16T05:16:41Z" user="Swen Wacker" uid="327655" lat="53.2273230" lon="10.4015301">
  <tag k="addr:city" v="Lüneburg"/>
  <tag k="addr:country" v="DE"/>
  <tag k="addr:housenumber" v="34"/>
  <tag k="addr:postcode" v="21335"/>
  <tag k="addr:street" v="Heinrich-Böll-Straße"/>
 </node>
 <node id="3275337555" visible="true" version="2" changeset="31193317" timestamp="2015-05-16T05:16:41Z" user="Swen Wacker" uid="327655" lat="53.2273722" lon="10.4027146">
  <tag k="addr:city" v="Lüneburg"/>
  <tag k="addr:country" v="DE"/>
  <tag k="addr:housenumber" v="35"/>
  <tag k="addr:postcode" v="21335"/>
  <tag k="addr:street" v="Heinrich-Böll-Straße"/>
 </node>
 <node id="3275338761" visible="true" version="2" changeset="31193317" timestamp="2015-05-16T05:16:43Z" user="Swen Wacker" uid="327655" lat="53.2273131" lon="10.4024185">
  <tag k="addr:city" v="Lüneburg"/>
  <tag k="addr:country" v="DE"/>
  <tag k="addr:housenumber" v="37"/>
  <tag k="addr:postcode" v="21335"/>
  <tag k="addr:street" v="Heinrich-Böll-Straße"/>
 </node>
 <node id="3275338765" visible="true" version="2" changeset="31193317" timestamp="2015-05-16T05:16:43Z" user="Swen Wacker" uid="327655" lat="53.2269527" lon="10.4019611">
  <tag k="addr:city" v="Lüneburg"/>
  <tag k="addr:country" v="DE"/>
  <tag k="addr:housenumber" v="38"/>
  <tag k="addr:postcode" v="21335"/>
  <tag k="addr:street" v="Heinrich-Böll-Straße"/>
 </node>
 <node id="3275338768" visible="true" version="2" changeset="31193317" timestamp="2015-05-16T05:16:43Z" user="Swen Wacker" uid="327655" lat="53.2271221" lon="10.4024152">
  <tag k="addr:city" v="Lüneburg"/>
  <tag k="addr:country" v="DE"/>
  <tag k="addr:housenumber" v="39"/>
  <tag k="addr:postcode" v="21335"/>
  <tag k="addr:street" v="Heinrich-Böll-Straße"/>
 </node>
 <node id="3275338776" visible="true" version="2" changeset="31193317" timestamp="2015-05-16T05:16:44Z" user="Swen Wacker" uid="327655" lat="53.2269507" lon="10.4024382">
  <tag k="addr:city" v="Lüneburg"/>
  <tag k="addr:country" v="DE"/>
  <tag k="addr:housenumber" v="41"/>
  <tag k="addr:postcode" v="21335"/>
  <tag k="addr:street" v="Heinrich-Böll-Straße"/>
 </node>
 <node id="3275338779" visible="true" version="2" changeset="31193317" timestamp="2015-05-16T05:16:44Z" user="Swen Wacker" uid="327655" lat="53.2269448" lon="10.4027804">
  <tag k="addr:city" v="Lüneburg"/>
  <tag k="addr:country" v="DE"/>
  <tag k="addr:housenumber" v="43"/>
  <tag k="addr:postcode" v="21335"/>
  <tag k="addr:street" v="Heinrich-Böll-Straße"/>
 </node>
 <node id="3275338787" visible="true" version="3" changeset="31193317" timestamp="2015-05-16T05:16:46Z" user="Swen Wacker" uid="327655" lat="53.2268569" lon="10.3997295">
  <tag k="addr:city" v="Lüneburg"/>
  <tag k="addr:country" v="DE"/>
  <tag k="addr:housenumber" v="8"/>
  <tag k="addr:postcode" v="21335"/>
  <tag k="addr:street" v="Carl-von-Ossietzky-Straße"/>
  <tag k="entrance" v="yes"/>
 </node>
 <node id="3497060106" visible="true" version="1" changeset="30779043" timestamp="2015-05-04T13:30:31Z" user="hotteliene" uid="1913655" lat="53.2275976" lon="10.4020864">
  <tag k="emergency" v="fire_hydrant"/>
  <tag k="fire_hydrant:diameter" v="150"/>
  <tag k="fire_hydrant:position" v="sidewalk"/>
  <tag k="fire_hydrant:type" v="underground"/>
 </node>
 <node id="3497060108" visible="true" version="2" changeset="62423851" timestamp="2018-09-09T12:48:04Z" user="hotteliene" uid="1913655" lat="53.2275315" lon="10.4024605">
  <tag k="emergency" v="fire_hydrant"/>
  <tag k="fire_hydrant:diameter" v="100"/>
  <tag k="fire_hydrant:position" v="lane"/>
  <tag k="fire_hydrant:type" v="pillar"/>
  <tag k="ref" v="974"/>
 </node>
 <node id="3519277005" visible="true" version="1" changeset="31169670" timestamp="2015-05-15T11:47:13Z" user="Swen Wacker" uid="327655" lat="53.2269452" lon="10.4009950"/>
 <node id="3519277006" visible="true" version="1" changeset="31169670" timestamp="2015-05-15T11:47:13Z" user="Swen Wacker" uid="327655" lat="53.2269519" lon="10.4012242"/>
 <node id="3519277007" visible="true" version="1" changeset="31169670" timestamp="2015-05-15T11:47:13Z" user="Swen Wacker" uid="327655" lat="53.2271484" lon="10.4012081"/>
 <node id="3544299199" visible="true" version="1" changeset="31443069" timestamp="2015-05-25T11:57:16Z" user="Swen Wacker" uid="327655" lat="53.2232469" lon="10.4057327"/>
 <node id="3544299201" visible="true" version="2" changeset="80681085" timestamp="2020-02-07T08:49:40Z" user="hotteliene" uid="1913655" lat="53.2291305" lon="10.3968143"/>
 <node id="3544299202" visible="true" version="1" changeset="31443069" timestamp="2015-05-25T11:57:16Z" user="Swen Wacker" uid="327655" lat="53.2291621" lon="10.3969920"/>
 <node id="3544299204" visible="true" version="2" changeset="89358185" timestamp="2020-08-13T12:53:14Z" user="hotteliene" uid="1913655" lat="53.2318642" lon="10.4050856"/>
 <node id="3544299205" visible="true" version="3" changeset="133409481" timestamp="2023-03-07T16:20:10Z" user="hotteliene" uid="1913655" lat="53.2321267" lon="10.4076773"/>
 <node id="3544299206" visible="true" version="2" changeset="39097003" timestamp="2016-05-04T13:52:40Z" user="WMWDe" uid="292562" lat="53.2325113" lon="10.4085402"/>
 <node id="3620880482" visible="true" version="4" changeset="176966268" timestamp="2026-01-08T01:53:44Z" user="hotteliene" uid="1913655" lat="53.2232200" lon="10.4036257"/>
 <node id="3620883102" visible="true" version="1" changeset="32234117" timestamp="2015-06-26T22:36:42Z" user="Swen Wacker" uid="327655" lat="53.2303289" lon="10.4052522"/>
 <node id="3620883123" visible="true" version="1" changeset="32234117" timestamp="2015-06-26T22:36:42Z" user="Swen Wacker" uid="327655" lat="53.2314370" lon="10.4051265"/>
 <node id="3620883128" visible="true" version="2" changeset="133409481" timestamp="2023-03-07T16:20:10Z" user="hotteliene" uid="1913655" lat="53.2318706" lon="10.4053493"/>
 <node id="3699565813" visible="true" version="1" changeset="33365941" timestamp="2015-08-16T09:46:40Z" user="hotteliene" uid="1913655" lat="53.2300472" lon="10.3985786">
  <tag k="emergency" v="fire_hydrant"/>
  <tag k="fire_hydrant:diameter" v="100"/>
  <tag k="fire_hydrant:position" v="green"/>
  <tag k="fire_hydrant:type" v="pillar"/>
  <tag k="ref" v="096"/>
 </node>
 <node id="3851385701" visible="true" version="2" changeset="147237385" timestamp="2024-02-09T00:26:49Z" user="hotteliene" uid="1913655" lat="53.2267335" lon="10.4037452"/>
 <node id="3851385703" visible="true" version="2" changeset="147237385" timestamp="2024-02-09T00:26:49Z" user="hotteliene" uid="1913655" lat="53.2267745" lon="10.4036299"/>
 <node id="3851385704" visible="true" version="2" changeset="147237385" timestamp="2024-02-09T00:26:49Z" user="hotteliene" uid="1913655" lat="53.2267835" lon="10.4050476"/>
 <node id="3851385705" visible="true" version="2" changeset="147237385" timestamp="2024-02-09T00:26:49Z" user="hotteliene" uid="1913655" lat="53.2268312" lon="10.4052181"/>
 <node id="3851385706" visible="true" version="2" changeset="147237385" timestamp="2024-02-09T00:26:49Z" user="hotteliene" uid="1913655" lat="53.2268305" lon="10.4035867"/>
 <node id="3851385707" visible="true" version="2" changeset="147237385" timestamp="2024-02-09T00:26:49Z" user="hotteliene" uid="1913655" lat="53.2269058" lon="10.4053577"/>
 <node id="3851385708" visible="true" version="2" changeset="147237385" timestamp="2024-02-09T00:26:49Z" user="hotteliene" uid="1913655" lat="53.2270939" lon="10.4054768"/>
 <node id="3851385709" visible="true" version="1" changeset="35505368" timestamp="2015-11-22T10:35:03Z" user="Swen Wacker" uid="327655" lat="53.2272638" lon="10.4035370"/>
 <node id="3851385710" visible="true" version="1" changeset="35505368" timestamp="2015-11-22T10:35:03Z" user="Swen Wacker" uid="327655" lat="53.2272845" lon="10.4040678"/>
 <node id="3851404991" visible="true" version="2" changeset="147237385" timestamp="2024-02-09T00:26:49Z" user="hotteliene" uid="1913655" lat="53.2260134" lon="10.4035683"/>
 <node id="3971596832" visible="true" version="2" changeset="154317001" timestamp="2024-07-23T17:16:21Z" user="hotteliene" uid="1913655" lat="53.2271110" lon="10.4056267"/>
 <node id="4146552191" visible="true" version="7" changeset="148806700" timestamp="2024-03-18T09:37:14Z" user="Steffons" uid="15210452" lat="53.2294172" lon="10.4053440"/>
 <node id="4165786329" visible="true" version="1" changeset="39097003" timestamp="2016-05-04T13:52:30Z" user="WMWDe" uid="292562" lat="53.2323182" lon="10.4081479"/>
 <node id="4165786334" visible="true" version="1" changeset="39097003" timestamp="2016-05-04T13:52:31Z" user="WMWDe" uid="292562" lat="53.2327176" lon="10.4088436"/>
 <node id="4732875474" visible="true" version="12" changeset="149491398" timestamp="2024-04-02T17:08:48Z" user="Karten-Wiesel" uid="21225296" lat="53.2302625" lon="10.4052432">
  <tag k="button_operated" v="no"/>
  <tag k="crossing" v="traffic_signals"/>
  <tag k="crossing:island" v="no"/>
  <tag k="highway" v="crossing"/>
  <tag k="kerb" v="flush"/>
  <tag k="tactile_paving" v="yes"/>
  <tag k="traffic_signals:sound" v="no"/>
  <tag k="traffic_signals:vibration" v="no"/>
 </node>
 <node id="4732885192" visible="true" version="4" changeset="147237385" timestamp="2024-02-09T00:26:49Z" user="hotteliene" uid="1913655" lat="53.2270924" lon="10.4055149"/>
 <node id="4736814918" visible="true" version="2" changeset="54102507" timestamp="2017-11-26T18:44:35Z" user="frink" uid="56557" lat="53.2279462" lon="10.4047981"/>
 <node id="4736814919" visible="true" version="3" changeset="154317001" timestamp="2024-07-23T17:16:21Z" user="hotteliene" uid="1913655" lat="53.2279886" lon="10.4052141"/>
 <node id="4736814920" visible="true" version="3" changeset="154317001" timestamp="2024-07-23T17:16:21Z" user="hotteliene" uid="1913655" lat="53.2285536" lon="10.4053198"/>
 <node id="4736815121" visible="true" version="2" changeset="54102507" timestamp="2017-11-26T18:44:35Z" user="frink" uid="56557" lat="53.2286992" lon="10.4044989"/>
 <node id="4736815122" visible="true" version="2" changeset="54102507" timestamp="2017-11-26T18:44:35Z" user="frink" uid="56557" lat="53.2286043" lon="10.4044140"/>
 <node id="4736815123" visible="true" version="2" changeset="54102507" timestamp="2017-11-26T18:44:35Z" user="frink" uid="56557" lat="53.2286231" lon="10.4041244"/>
 <node id="4736815124" visible="true" version="2" changeset="54102507" timestamp="2017-11-26T18:44:35Z" user="frink" uid="56557" lat="53.2285041" lon="10.4043346"/>
 <node id="4736815125" visible="true" version="2" changeset="54102507" timestamp="2017-11-26T18:44:35Z" user="frink" uid="56557" lat="53.2285006" lon="10.4036458"/>
 <node id="4736815126" visible="true" version="2" changeset="54102507" timestamp="2017-11-26T18:44:35Z" user="frink" uid="56557" lat="53.2280991" lon="10.4042687"/>
 <node id="4736815127" visible="true" version="3" changeset="54102507" timestamp="2017-11-26T18:49:14Z" user="frink" uid="56557" lat="53.2281788" lon="10.4043557">
  <tag k="entrance" v="yes"/>
 </node>
 <node id="4736815128" visible="true" version="2" changeset="54102507" timestamp="2017-11-26T18:44:35Z" user="frink" uid="56557" lat="53.2282587" lon="10.4044085"/>
 <node id="4736815129" visible="true" version="2" changeset="54102507" timestamp="2017-11-26T18:44:35Z" user="frink" uid="56557" lat="53.2282655" lon="10.4044793"/>
 <node id="4736815130" visible="true" version="2" changeset="54102507" timestamp="2017-11-26T18:44:35Z" user="frink" uid="56557" lat="53.2281479" lon="10.4046276"/>
 <node id="4736815131" visible="true" version="2" changeset="54102507" timestamp="2017-11-26T18:44:35Z" user="frink" uid="56557" lat="53.2282176" lon="10.4047146"/>
 <node id="4736815132" visible="true" version="6" changeset="154317001" timestamp="2024-07-23T17:16:21Z" user="hotteliene" uid="1913655" lat="53.2277040" lon="10.4048937"/>
 <node id="4736815133" visible="true" version="2" changeset="54102507" timestamp="2017-11-26T18:44:35Z" user="frink" uid="56557" lat="53.2280584" lon="10.4045804"/>
 <node id="4736815134" visible="true" version="3" changeset="54102507" timestamp="2017-11-26T18:49:14Z" user="frink" uid="56557" lat="53.2281544" lon="10.4047399">
  <tag k="entrance" v="yes"/>
 </node>
 <node id="4736815135" visible="true" version="5" changeset="148806700" timestamp="2024-03-18T09:37:14Z" user="Steffons" uid="15210452" lat="53.2287954" lon="10.4054092"/>
 <node id="4736815137" visible="true" version="7" changeset="154317001" timestamp="2024-07-23T17:16:21Z" user="hotteliene" uid="1913655" lat="53.2284976" lon="10.4052025">
  <tag k="access" v="yes"/>
  <tag k="addr:housenumber" v="1"/>
  <tag k="addr:street" v="Universitätsallee"/>
  <tag k="automatic_door" v="yes"/>
  <tag k="door" v="automatic"/>
  <tag k="entrance" v="main"/>
  <tag k="name" v="Leuphana Universität Lüneburg"/>
  <tag k="wheelchair" v="yes"/>
 </node>
 <node id="4814069292" visible="true" version="1" changeset="48101601" timestamp="2017-04-24T19:55:05Z" user="KR-KRKR-KR" uid="4847896" lat="53.2287062" lon="10.3990833"/>
 <node id="4814069293" visible="true" version="1" changeset="48101601" timestamp="2017-04-24T19:55:05Z" user="KR-KRKR-KR" uid="4847896" lat="53.2285820" lon="10.3990912"/>
 <node id="4814069294" visible="true" version="1" changeset="48101601" timestamp="2017-04-24T19:55:05Z" user="KR-KRKR-KR" uid="4847896" lat="53.2285728" lon="10.3987038"/>
 <node id="4814069295" visible="true" version="1" changeset="48101601" timestamp="2017-04-24T19:55:05Z" user="KR-KRKR-KR" uid="4847896" lat="53.2284486" lon="10.3987117"/>
 <node id="4814069296" visible="true" version="1" changeset="48101601" timestamp="2017-04-24T19:55:05Z" user="KR-KRKR-KR" uid="4847896" lat="53.2284575" lon="10.3990992"/>
 <node id="4814069297" visible="true" version="1" changeset="48101601" timestamp="2017-04-24T19:55:05Z" user="KR-KRKR-KR" uid="4847896" lat="53.2285816" lon="10.3990913"/>
 <node id="5249245046" visible="true" version="2" changeset="133409475" timestamp="2023-03-07T16:19:55Z" user="aseidel" uid="9616280" lat="53.2281616" lon="10.4035565"/>
 <node id="5249245047" visible="true" version="2" changeset="133409475" timestamp="2023-03-07T16:19:55Z" user="aseidel" uid="9616280" lat="53.2280174" lon="10.4043329"/>
 <node id="5249245048" visible="true" version="2" changeset="133409475" timestamp="2023-03-07T16:19:55Z" user="aseidel" uid="9616280" lat="53.2280014" lon="10.4043052"/>
 <node id="5249245049" visible="true" version="3" changeset="133409475" timestamp="2023-03-07T16:19:55Z" user="aseidel" uid="9616280" lat="53.2283092" lon="10.4038375"/>
 <node id="5249245050" visible="true" version="2" changeset="133409475" timestamp="2023-03-07T16:19:55Z" user="aseidel" uid="9616280" lat="53.2285257" lon="10.4035197"/>
 <node id="5249245051" visible="true" version="2" changeset="133409475" timestamp="2023-03-07T16:19:55Z" user="aseidel" uid="9616280" lat="53.2286559" lon="10.4040746"/>
 <node id="5249245052" visible="true" version="3" changeset="165637650" timestamp="2025-04-30T14:12:39Z" user="ch-sn" uid="38698" lat="53.2281111" lon="10.4035136">
  <tag k="barrier" v="gate"/>
  <tag k="maxwidth:physical" v="2"/>
 </node>
 <node id="5249245053" visible="true" version="3" changeset="133939018" timestamp="2023-03-21T12:36:17Z" user="aseidel" uid="9616280" lat="53.2286586" lon="10.4044626">
  <tag k="automatic_door" v="yes"/>
  <tag k="door" v="automatic"/>
  <tag k="entrance" v="yes"/>
  <tag k="wheelchair" v="yes"/>
 </node>
 <node id="5249245054" visible="true" version="2" changeset="154317001" timestamp="2024-07-23T17:16:21Z" user="hotteliene" uid="1913655" lat="53.2280430" lon="10.4052625"/>
 <node id="5249245055" visible="true" version="2" changeset="154317001" timestamp="2024-07-23T17:16:21Z" user="hotteliene" uid="1913655" lat="53.2280369" lon="10.4052061"/>
 <node id="5249245056" visible="true" version="2" changeset="154317001" timestamp="2024-07-23T17:16:21Z" user="hotteliene" uid="1913655" lat="53.2284712" lon="10.4051471"/>
 <node id="5249245057" visible="true" version="2" changeset="154317001" timestamp="2024-07-23T17:16:21Z" user="hotteliene" uid="1913655" lat="53.2284488" lon="10.4052161"/>
 <node id="5249245058" visible="true" version="4" changeset="93627994" timestamp="2020-11-05T23:08:14Z" user="hotteliene" uid="1913655" lat="53.2301357" lon="10.4016696"/>
 <node id="5249245060" visible="true" version="3" changeset="75600928" timestamp="2019-10-12T13:34:40Z" user="frink" uid="56557" lat="53.2279313" lon="10.3984779"/>
 <node id="5249245061" visible="true" version="3" changeset="75600928" timestamp="2019-10-12T13:34:40Z" user="frink" uid="56557" lat="53.2281380" lon="10.3982653"/>
 <node id="5249245062" visible="true" version="2" changeset="75187252" timestamp="2019-10-02T12:28:58Z" user="aseidel" uid="9616280" lat="53.2279538" lon="10.3991722"/>
 <node id="5249245063" visible="true" version="1" changeset="54102507" timestamp="2017-11-26T18:44:34Z" user="frink" uid="56557" lat="53.2282042" lon="10.3991243"/>
 <node id="5249245064" visible="true" version="1" changeset="54102507" timestamp="2017-11-26T18:44:34Z" user="frink" uid="56557" lat="53.2279891" lon="10.3991362"/>
 <node id="5249245065" visible="true" version="1" changeset="54102507" timestamp="2017-11-26T18:44:34Z" user="frink" uid="56557" lat="53.2278133" lon="10.3991497"/>
 <node id="5249246399" visible="true" version="5" changeset="89378247" timestamp="2020-08-13T22:56:22Z" user="hotteliene" uid="1913655" lat="53.2291569" lon="10.4048339"/>
 <node id="5249246400" visible="true" version="1" changeset="54102507" timestamp="2017-11-26T18:49:14Z" user="frink" uid="56557" lat="53.2291548" lon="10.4045811"/>
 <node id="5260908461" visible="true" version="3" changeset="89378247" timestamp="2020-08-13T22:56:22Z" user="hotteliene" uid="1913655" lat="53.2299796" lon="10.4047373"/>
 <node id="5260908462" visible="true" version="2" changeset="154317001" timestamp="2024-07-23T17:16:21Z" user="hotteliene" uid="1913655" lat="53.2289137" lon="10.4011782"/>
 <node id="5260908463" visible="true" version="1" changeset="54283409" timestamp="2017-12-02T22:11:09Z" user="frink" uid="56557" lat="53.2284909" lon="10.4012081"/>
 <node id="5260908464" visible="true" version="2" changeset="154317001" timestamp="2024-07-23T17:16:21Z" user="hotteliene" uid="1913655" lat="53.2281461" lon="10.4012325"/>
 <node id="5260908466" visible="true" version="5" changeset="154317001" timestamp="2024-07-23T17:16:21Z" user="hotteliene" uid="1913655" lat="53.2286260" lon="10.4024757"/>
 <node id="5260908467" visible="true" version="2" changeset="89378247" timestamp="2020-08-13T22:56:22Z" user="hotteliene" uid="1913655" lat="53.2277170" lon="10.4025453"/>
 <node id="5260908468" visible="true" version="3" changeset="89378247" timestamp="2020-08-13T22:56:22Z" user="hotteliene" uid="1913655" lat="53.2277226" lon="10.4027908"/>
 <node id="5260908469" visible="true" version="5" changeset="154317001" timestamp="2024-07-23T17:16:21Z" user="hotteliene" uid="1913655" lat="53.2286326" lon="10.4026946"/>
 <node id="5260924022" visible="true" version="2" changeset="133409475" timestamp="2023-03-07T16:19:55Z" user="aseidel" uid="9616280" lat="53.2287252" lon="10.4044106"/>
 <node id="5260924023" visible="true" version="3" changeset="89378247" timestamp="2020-08-13T22:56:22Z" user="hotteliene" uid="1913655" lat="53.2287021" lon="10.3992439"/>
 <node id="5260924024" visible="true" version="3" changeset="89378247" timestamp="2020-08-13T22:56:22Z" user="hotteliene" uid="1913655" lat="53.2290302" lon="10.3992043"/>
 <node id="5260924025" visible="true" version="4" changeset="89378247" timestamp="2020-08-13T22:56:22Z" user="hotteliene" uid="1913655" lat="53.2295577" lon="10.4004027"/>
 <node id="5260924026" visible="true" version="4" changeset="89378247" timestamp="2020-08-13T22:56:22Z" user="hotteliene" uid="1913655" lat="53.2298699" lon="10.4003754"/>
 <node id="5260924027" visible="true" version="4" changeset="89378247" timestamp="2020-08-13T22:56:22Z" user="hotteliene" uid="1913655" lat="53.2289991" lon="10.4004514"/>
 <node id="5385427167" visible="true" version="1" changeset="56050771" timestamp="2018-02-04T10:44:25Z" user="muesliviolin" uid="5620526" lat="53.2280661" lon="10.4003849">
  <tag k="genus" v="Betula"/>
  <tag k="genus:de" v="Birke"/>
  <tag k="genus:en" v="Birch"/>
  <tag k="natural" v="tree"/>
 </node>
 <node id="5385567674" visible="true" version="4" changeset="159351306" timestamp="2024-11-20T05:43:00Z" user="OSM_RogerWilco" uid="10114909" lat="53.2283800" lon="10.3991120">
  <tag k="covered" v="no"/>
  <tag k="leisure" v="picnic_table"/>
  <tag k="wheelchair" v="yes"/>
 </node>
 <node id="5385581632" visible="true" version="4" changeset="159351306" timestamp="2024-11-20T05:43:00Z" user="OSM_RogerWilco" uid="10114909" lat="53.2283477" lon="10.3990630">
  <tag k="amenity" v="bbq"/>
  <tag k="covered" v="no"/>
  <tag k="fuel" v="charcoal"/>
 </node>
 <node id="5385602590" visible="true" version="1" changeset="56052063" timestamp="2018-02-04T11:28:07Z" user="muesliviolin" uid="5620526" lat="53.2284771" lon="10.3991299">
  <tag k="natural" v="tree"/>
 </node>
 <node id="5385602591" visible="true" version="1" changeset="56052063" timestamp="2018-02-04T11:28:07Z" user="muesliviolin" uid="5620526" lat="53.2288485" lon="10.3990921">
  <tag k="natural" v="tree"/>
 </node>
 <node id="5385602593" visible="true" version="1" changeset="56052063" timestamp="2018-02-04T11:28:07Z" user="muesliviolin" uid="5620526" lat="53.2287745" lon="10.3991143">
  <tag k="natural" v="tree"/>
 </node>
 <node id="5385602594" visible="true" version="1" changeset="56052063" timestamp="2018-02-04T11:28:07Z" user="muesliviolin" uid="5620526" lat="53.2287038" lon="10.3991157">
  <tag k="natural" v="tree"/>
 </node>
 <node id="5385602595" visible="true" version="1" changeset="56052063" timestamp="2018-02-04T11:28:07Z" user="muesliviolin" uid="5620526" lat="53.2290824" lon="10.3990363">
  <tag k="natural" v="tree"/>
 </node>
 <node id="5385602596" visible="true" version="1" changeset="56052063" timestamp="2018-02-04T11:28:07Z" user="muesliviolin" uid="5620526" lat="53.2286279" lon="10.3991259">
  <tag k="natural" v="tree"/>
 </node>
 <node id="5385602597" visible="true" version="1" changeset="56052063" timestamp="2018-02-04T11:28:07Z" user="muesliviolin" uid="5620526" lat="53.2290029" lon="10.3990505">
  <tag k="natural" v="tree"/>
 </node>
 <node id="5385602598" visible="true" version="1" changeset="56052063" timestamp="2018-02-04T11:28:07Z" user="muesliviolin" uid="5620526" lat="53.2285533" lon="10.3991254">
  <tag k="natural" v="tree"/>
 </node>
 <node id="5385602599" visible="true" version="1" changeset="56052063" timestamp="2018-02-04T11:28:07Z" user="muesliviolin" uid="5620526" lat="53.2289235" lon="10.3990646">
  <tag k="natural" v="tree"/>
 </node>
 <node id="5385605323" visible="true" version="2" changeset="94859479" timestamp="2020-11-26T21:04:12Z" user="letihu" uid="1787357" lat="53.2284227" lon="10.3993237">
  <tag k="natural" v="tree"/>
 </node>
 <node id="5385605324" visible="true" version="1" changeset="56052117" timestamp="2018-02-04T11:29:44Z" user="muesliviolin" uid="5620526" lat="53.2282842" lon="10.3992621">
  <tag k="natural" v="tree"/>
 </node>
 <node id="5385605325" visible="true" version="2" changeset="94859479" timestamp="2020-11-26T21:04:12Z" user="letihu" uid="1787357" lat="53.2283523" lon="10.3994431">
  <tag k="natural" v="tree"/>
 </node>
 <node id="5385704516" visible="true" version="1" changeset="56052717" timestamp="2018-02-04T11:52:03Z" user="muesliviolin" uid="5620526" lat="53.2284762" lon="10.4013988">
  <tag k="natural" v="tree"/>
 </node>
 <node id="5385704517" visible="true" version="1" changeset="56052717" timestamp="2018-02-04T11:52:03Z" user="muesliviolin" uid="5620526" lat="53.2284505" lon="10.4016713">
  <tag k="natural" v="tree"/>
 </node>
 <node id="5385704518" visible="true" version="1" changeset="56052717" timestamp="2018-02-04T11:52:03Z" user="muesliviolin" uid="5620526" lat="53.2285296" lon="10.4016348">
  <tag k="natural" v="tree"/>
 </node>
 <node id="5385704519" visible="true" version="1" changeset="56052717" timestamp="2018-02-04T11:52:04Z" user="muesliviolin" uid="5620526" lat="53.2284464" lon="10.4015796">
  <tag k="natural" v="tree"/>
 </node>
 <node id="5385704520" visible="true" version="1" changeset="56052717" timestamp="2018-02-04T11:52:04Z" user="muesliviolin" uid="5620526" lat="53.2284900" lon="10.4015201">
  <tag k="natural" v="tree"/>
 </node>
 <node id="5385706021" visible="true" version="1" changeset="56052717" timestamp="2018-02-04T11:52:04Z" user="muesliviolin" uid="5620526" lat="53.2285022" lon="10.4018805">
  <tag k="natural" v="tree"/>
 </node>
 <node id="5385706022" visible="true" version="1" changeset="56052717" timestamp="2018-02-04T11:52:04Z" user="muesliviolin" uid="5620526" lat="53.2285502" lon="10.4015135">
  <tag k="natural" v="tree"/>
 </node>
 <node id="5385706023" visible="true" version="1" changeset="56052717" timestamp="2018-02-04T11:52:04Z" user="muesliviolin" uid="5620526" lat="53.2284914" lon="10.4016359">
  <tag k="natural" v="tree"/>
 </node>
 <node id="5385709442" visible="true" version="1" changeset="56052777" timestamp="2018-02-04T11:54:35Z" user="muesliviolin" uid="5620526" lat="53.2282592" lon="10.4016766">
  <tag k="natural" v="tree"/>
 </node>
 <node id="5385709443" visible="true" version="1" changeset="56052777" timestamp="2018-02-04T11:54:35Z" user="muesliviolin" uid="5620526" lat="53.2283359" lon="10.4016744">
  <tag k="natural" v="tree"/>
 </node>
 <node id="5385709444" visible="true" version="1" changeset="56052777" timestamp="2018-02-04T11:54:35Z" user="muesliviolin" uid="5620526" lat="53.2283900" lon="10.4016743">
  <tag k="natural" v="tree"/>
 </node>
 <node id="5385709445" visible="true" version="1" changeset="56052777" timestamp="2018-02-04T11:54:35Z" user="muesliviolin" uid="5620526" lat="53.2281867" lon="10.4016831">
  <tag k="natural" v="tree"/>
 </node>
 <node id="5385717936" visible="true" version="1" changeset="56052860" timestamp="2018-02-04T11:57:20Z" user="muesliviolin" uid="5620526" lat="53.2281673" lon="10.4020148">
  <tag k="natural" v="tree"/>
 </node>
 <node id="5385717937" visible="true" version="1" changeset="56052860" timestamp="2018-02-04T11:57:20Z" user="muesliviolin" uid="5620526" lat="53.2282404" lon="10.4020127">
  <tag k="natural" v="tree"/>
 </node>
 <node id="5385717938" visible="true" version="1" changeset="56052860" timestamp="2018-02-04T11:57:20Z" user="muesliviolin" uid="5620526" lat="53.2283084" lon="10.4020063">
  <tag k="natural" v="tree"/>
 </node>
 <node id="5385717939" visible="true" version="1" changeset="56052860" timestamp="2018-02-04T11:57:20Z" user="muesliviolin" uid="5620526" lat="53.2283730" lon="10.4019956">
  <tag k="natural" v="tree"/>
 </node>
 <node id="5385719233" visible="true" version="1" changeset="56052894" timestamp="2018-02-04T11:58:51Z" user="muesliviolin" uid="5620526" lat="53.2280916" lon="10.4015544">
  <tag k="natural" v="tree"/>
 </node>
 <node id="5385719234" visible="true" version="1" changeset="56052894" timestamp="2018-02-04T11:58:51Z" user="muesliviolin" uid="5620526" lat="53.2281032" lon="10.4014301">
  <tag k="natural" v="tree"/>
 </node>
 <node id="5385727587" visible="true" version="1" changeset="56053162" timestamp="2018-02-04T12:08:36Z" user="muesliviolin" uid="5620526" lat="53.2282584" lon="10.4005503">
  <tag k="genus" v="Betula"/>
  <tag k="genus:de" v="Birke"/>
  <tag k="genus:en" v="Birch"/>
  <tag k="natural" v="tree"/>
 </node>
 <node id="5385727588" visible="true" version="1" changeset="56053162" timestamp="2018-02-04T12:08:36Z" user="muesliviolin" uid="5620526" lat="53.2282586" lon="10.4006435">
  <tag k="genus" v="Betula"/>
  <tag k="genus:de" v="Birke"/>
  <tag k="genus:en" v="Birch"/>
  <tag k="natural" v="tree"/>
 </node>
 <node id="5385727589" visible="true" version="1" changeset="56053162" timestamp="2018-02-04T12:08:36Z" user="muesliviolin" uid="5620526" lat="53.2282600" lon="10.4007368">
  <tag k="genus" v="Betula"/>
  <tag k="genus:de" v="Birke"/>
  <tag k="genus:en" v="Birch"/>
  <tag k="natural" v="tree"/>
 </node>
 <node id="5385727590" visible="true" version="1" changeset="56053162" timestamp="2018-02-04T12:08:36Z" user="muesliviolin" uid="5620526" lat="53.2282584" lon="10.4008281">
  <tag k="genus" v="Betula"/>
  <tag k="genus:de" v="Birke"/>
  <tag k="genus:en" v="Birch"/>
  <tag k="natural" v="tree"/>
 </node>
 <node id="5385729147" visible="true" version="1" changeset="56053110" timestamp="2018-02-04T12:06:39Z" user="muesliviolin" uid="5620526" lat="53.2281503" lon="10.4008076">
  <tag k="genus" v="Betula"/>
  <tag k="genus:de" v="Birke"/>
  <tag k="genus:en" v="Birch"/>
  <tag k="natural" v="tree"/>
 </node>
 <node id="5385729148" visible="true" version="1" changeset="56053110" timestamp="2018-02-04T12:06:39Z" user="muesliviolin" uid="5620526" lat="53.2281541" lon="10.4009191">
  <tag k="genus" v="Betula"/>
  <tag k="genus:de" v="Birke"/>
  <tag k="genus:en" v="Birch"/>
  <tag k="natural" v="tree"/>
 </node>
 <node id="5385729149" visible="true" version="1" changeset="56053110" timestamp="2018-02-04T12:06:39Z" user="muesliviolin" uid="5620526" lat="53.2281580" lon="10.4010241">
  <tag k="genus" v="Betula"/>
  <tag k="genus:de" v="Birke"/>
  <tag k="genus:en" v="Birch"/>
  <tag k="natural" v="tree"/>
 </node>
 <node id="5385729150" visible="true" version="1" changeset="56053110" timestamp="2018-02-04T12:06:39Z" user="muesliviolin" uid="5620526" lat="53.2281482" lon="10.4005460">
  <tag k="genus" v="Betula"/>
  <tag k="genus:de" v="Birke"/>
  <tag k="genus:en" v="Birch"/>
  <tag k="natural" v="tree"/>
 </node>
 <node id="5385729151" visible="true" version="1" changeset="56053110" timestamp="2018-02-04T12:06:39Z" user="muesliviolin" uid="5620526" lat="53.2280849" lon="10.4010142">
  <tag k="genus" v="Betula"/>
  <tag k="genus:de" v="Birke"/>
  <tag k="genus:en" v="Birch"/>
  <tag k="natural" v="tree"/>
 </node>
 <node id="5385729152" visible="true" version="1" changeset="56053110" timestamp="2018-02-04T12:06:39Z" user="muesliviolin" uid="5620526" lat="53.2281572" lon="10.4011291">
  <tag k="genus" v="Betula"/>
  <tag k="genus:de" v="Birke"/>
  <tag k="genus:en" v="Birch"/>
  <tag k="natural" v="tree"/>
 </node>
 <node id="5385729153" visible="true" version="1" changeset="56053110" timestamp="2018-02-04T12:06:39Z" user="muesliviolin" uid="5620526" lat="53.2280880" lon="10.4009500">
  <tag k="genus" v="Betula"/>
  <tag k="genus:de" v="Birke"/>
  <tag k="genus:en" v="Birch"/>
  <tag k="natural" v="tree"/>
 </node>
 <node id="5385729154" visible="true" version="1" changeset="56053110" timestamp="2018-02-04T12:06:39Z" user="muesliviolin" uid="5620526" lat="53.2281477" lon="10.4006984">
  <tag k="genus" v="Betula"/>
  <tag k="genus:de" v="Birke"/>
  <tag k="genus:en" v="Birch"/>
  <tag k="natural" v="tree"/>
 </node>
 <node id="5385733865" visible="true" version="1" changeset="56053190" timestamp="2018-02-04T12:09:33Z" user="muesliviolin" uid="5620526" lat="53.2283770" lon="10.4005474">
  <tag k="genus" v="Betula"/>
  <tag k="genus:de" v="Birke"/>
  <tag k="genus:en" v="Birch"/>
  <tag k="natural" v="tree"/>
 </node>
 <node id="5385733866" visible="true" version="1" changeset="56053190" timestamp="2018-02-04T12:09:33Z" user="muesliviolin" uid="5620526" lat="53.2283822" lon="10.4008291">
  <tag k="genus" v="Betula"/>
  <tag k="genus:de" v="Birke"/>
  <tag k="genus:en" v="Birch"/>
  <tag k="natural" v="tree"/>
 </node>
 <node id="5385733867" visible="true" version="1" changeset="56053190" timestamp="2018-02-04T12:09:33Z" user="muesliviolin" uid="5620526" lat="53.2283818" lon="10.4007398">
  <tag k="genus" v="Betula"/>
  <tag k="genus:de" v="Birke"/>
  <tag k="genus:en" v="Birch"/>
  <tag k="natural" v="tree"/>
 </node>
 <node id="5385733868" visible="true" version="1" changeset="56053190" timestamp="2018-02-04T12:09:33Z" user="muesliviolin" uid="5620526" lat="53.2283797" lon="10.4006446">
  <tag k="genus" v="Betula"/>
  <tag k="genus:de" v="Birke"/>
  <tag k="genus:en" v="Birch"/>
  <tag k="natural" v="tree"/>
 </node>
 <node id="5385752421" visible="true" version="1" changeset="56053367" timestamp="2018-02-04T12:16:07Z" user="muesliviolin" uid="5620526" lat="53.2289209" lon="10.4005771"/>
 <node id="5385752422" visible="true" version="1" changeset="56053367" timestamp="2018-02-04T12:16:07Z" user="muesliviolin" uid="5620526" lat="53.2289689" lon="10.4004784"/>
 <node id="5385752423" visible="true" version="1" changeset="56053367" timestamp="2018-02-04T12:16:07Z" user="muesliviolin" uid="5620526" lat="53.2289198" lon="10.4004794"/>
 <node id="5385752424" visible="true" version="1" changeset="56053367" timestamp="2018-02-04T12:16:07Z" user="muesliviolin" uid="5620526" lat="53.2289696" lon="10.4005756"/>
 <node id="5385801971" visible="true" version="2" changeset="75391826" timestamp="2019-10-07T19:38:02Z" user="Weasel-Wiesel" uid="2414126" lat="53.2276538" lon="10.4000202">
  <tag k="entrance" v="yes"/>
 </node>
 <node id="5385801972" visible="true" version="2" changeset="75391826" timestamp="2019-10-07T19:38:02Z" user="Weasel-Wiesel" uid="2414126" lat="53.2276534" lon="10.4000069"/>
 <node id="5385801973" visible="true" version="2" changeset="75391826" timestamp="2019-10-07T19:38:02Z" user="Weasel-Wiesel" uid="2414126" lat="53.2276551" lon="10.4000663"/>
 <node id="5385801974" visible="true" version="2" changeset="75391826" timestamp="2019-10-07T19:38:02Z" user="Weasel-Wiesel" uid="2414126" lat="53.2277019" lon="10.4000624"/>
 <node id="5385801975" visible="true" version="2" changeset="75391826" timestamp="2019-10-07T19:38:02Z" user="Weasel-Wiesel" uid="2414126" lat="53.2277002" lon="10.4000049"/>
 <node id="5385845489" visible="true" version="1" changeset="56054093" timestamp="2018-02-04T12:47:15Z" user="muesliviolin" uid="5620526" lat="53.2289672" lon="10.4008428"/>
 <node id="5385845490" visible="true" version="1" changeset="56054093" timestamp="2018-02-04T12:47:15Z" user="muesliviolin" uid="5620526" lat="53.2289863" lon="10.4008101"/>
 <node id="5385845491" visible="true" version="2" changeset="154317001" timestamp="2024-07-23T17:16:21Z" user="hotteliene" uid="1913655" lat="53.2289035" lon="10.4008156"/>
 <node id="5385845492" visible="true" version="2" changeset="75966359" timestamp="2019-10-20T22:36:06Z" user="hotteliene" uid="1913655" lat="53.2291638" lon="10.4007979"/>
 <node id="5386954897" visible="true" version="1" changeset="56058781" timestamp="2018-02-04T15:40:35Z" user="muesliviolin" uid="5620526" lat="53.2282389" lon="10.4013442">
  <tag k="entrance" v="yes"/>
 </node>
 <node id="5386954898" visible="true" version="1" changeset="56058781" timestamp="2018-02-04T15:40:35Z" user="muesliviolin" uid="5620526" lat="53.2284001" lon="10.4013331">
  <tag k="entrance" v="yes"/>
 </node>
 <node id="5386954899" visible="true" version="1" changeset="56058781" timestamp="2018-02-04T15:40:35Z" user="muesliviolin" uid="5620526" lat="53.2283298" lon="10.4013055">
  <tag k="entrance" v="yes"/>
 </node>
 <node id="5386954900" visible="true" version="1" changeset="56058781" timestamp="2018-02-04T15:40:35Z" user="muesliviolin" uid="5620526" lat="53.2283121" lon="10.4013092">
  <tag k="entrance" v="yes"/>
 </node>
 <node id="5386954901" visible="true" version="1" changeset="56058781" timestamp="2018-02-04T15:40:35Z" user="muesliviolin" uid="5620526" lat="53.2282484" lon="10.4013573"/>
 <node id="5386954902" visible="true" version="1" changeset="56058781" timestamp="2018-02-04T15:40:35Z" user="muesliviolin" uid="5620526" lat="53.2283222" lon="10.4013516"/>
 <node id="5386954903" visible="true" version="1" changeset="56058781" timestamp="2018-02-04T15:40:35Z" user="muesliviolin" uid="5620526" lat="53.2283916" lon="10.4013466"/>
 <node id="5386954904" visible="true" version="1" changeset="56058781" timestamp="2018-02-04T15:40:35Z" user="muesliviolin" uid="5620526" lat="53.2283025" lon="10.4012932"/>
 <node id="5386954905" visible="true" version="1" changeset="56058781" timestamp="2018-02-04T15:40:35Z" user="muesliviolin" uid="5620526" lat="53.2283365" lon="10.4012891"/>
 <node id="5386954906" visible="true" version="1" changeset="56058781" timestamp="2018-02-04T15:40:36Z" user="muesliviolin" uid="5620526" lat="53.2283217" lon="10.4013253"/>
 <node id="5386954907" visible="true" version="1" changeset="56058781" timestamp="2018-02-04T15:40:36Z" user="muesliviolin" uid="5620526" lat="53.2282464" lon="10.4012957"/>
 <node id="5386954908" visible="true" version="1" changeset="56058781" timestamp="2018-02-04T15:40:36Z" user="muesliviolin" uid="5620526" lat="53.2282474" lon="10.4013433"/>
 <node id="5386954909" visible="true" version="1" changeset="56058781" timestamp="2018-02-04T15:40:36Z" user="muesliviolin" uid="5620526" lat="53.2282297" lon="10.4012973"/>
 <node id="5386954910" visible="true" version="1" changeset="56058781" timestamp="2018-02-04T15:40:36Z" user="muesliviolin" uid="5620526" lat="53.2282307" lon="10.4013450"/>
 <node id="5386954911" visible="true" version="1" changeset="56058781" timestamp="2018-02-04T15:40:36Z" user="muesliviolin" uid="5620526" lat="53.2283921" lon="10.4013335"/>
 <node id="5386954912" visible="true" version="1" changeset="56058781" timestamp="2018-02-04T15:40:36Z" user="muesliviolin" uid="5620526" lat="53.2284068" lon="10.4012833"/>
 <node id="5386954913" visible="true" version="1" changeset="56058781" timestamp="2018-02-04T15:40:36Z" user="muesliviolin" uid="5620526" lat="53.2283906" lon="10.4012850"/>
 <node id="5386954914" visible="true" version="1" changeset="56058781" timestamp="2018-02-04T15:40:36Z" user="muesliviolin" uid="5620526" lat="53.2284083" lon="10.4013326"/>
 <node id="5387023065" visible="true" version="1" changeset="56059252" timestamp="2018-02-04T15:56:00Z" user="muesliviolin" uid="5620526" lat="53.2271600" lon="10.4016399"/>
 <node id="5387023066" visible="true" version="1" changeset="56059252" timestamp="2018-02-04T15:56:00Z" user="muesliviolin" uid="5620526" lat="53.2272727" lon="10.4016330"/>
 <node id="5387023067" visible="true" version="1" changeset="56059252" timestamp="2018-02-04T15:56:00Z" user="muesliviolin" uid="5620526" lat="53.2272707" lon="10.4015771"/>
 <node id="5387120716" visible="true" version="1" changeset="56060141" timestamp="2018-02-04T16:25:21Z" user="muesliviolin" uid="5620526" lat="53.2299226" lon="10.4048856">
  <tag k="entrance" v="yes"/>
 </node>
 <node id="5387120717" visible="true" version="3" changeset="133939018" timestamp="2023-03-21T12:36:17Z" user="aseidel" uid="9616280" lat="53.2290482" lon="10.4049427">
  <tag k="door" v="automatic"/>
  <tag k="entrance" v="yes"/>
  <tag k="wheelchair" v="yes"/>
 </node>
 <node id="5427511317" visible="true" version="7" changeset="154317001" timestamp="2024-07-23T17:16:21Z" user="hotteliene" uid="1913655" lat="53.2278135" lon="10.4054958">
  <tag k="button_operated" v="yes"/>
  <tag k="crossing" v="traffic_signals"/>
  <tag k="crossing:island" v="no"/>
  <tag k="highway" v="crossing"/>
  <tag k="kerb" v="lowered"/>
  <tag k="tactile_paving" v="yes"/>
  <tag k="traffic_signals:sound" v="no"/>
  <tag k="traffic_signals:vibration" v="no"/>
 </node>
 <node id="5464872654" visible="true" version="3" changeset="154317001" timestamp="2024-07-23T17:16:21Z" user="hotteliene" uid="1913655" lat="53.2287770" lon="10.4055318"/>
 <node id="5464872655" visible="true" version="5" changeset="154317001" timestamp="2024-07-23T17:16:21Z" user="hotteliene" uid="1913655" lat="53.2287458" lon="10.4054151"/>
 <node id="5464872656" visible="true" version="1" changeset="57005083" timestamp="2018-03-08T15:57:24Z" user="038847" uid="209402" lat="53.2286056" lon="10.4052464"/>
 <node id="5464872657" visible="true" version="2" changeset="154317001" timestamp="2024-07-23T17:16:21Z" user="hotteliene" uid="1913655" lat="53.2284731" lon="10.4052497"/>
 <node id="5464872658" visible="true" version="5" changeset="154317001" timestamp="2024-07-23T17:16:21Z" user="hotteliene" uid="1913655" lat="53.2284003" lon="10.4054472"/>
 <node id="5464872659" visible="true" version="2" changeset="89358185" timestamp="2020-08-13T12:53:14Z" user="hotteliene" uid="1913655" lat="53.2283802" lon="10.4055798"/>
 <node id="5464872660" visible="true" version="4" changeset="154317001" timestamp="2024-07-23T17:16:21Z" user="hotteliene" uid="1913655" lat="53.2285774" lon="10.4051969">
  <tag k="automatic_door" v="yes"/>
  <tag k="door" v="automatic"/>
  <tag k="entrance" v="yes"/>
  <tag k="wheelchair" v="yes"/>
 </node>
 <node id="5495844468" visible="true" version="2" changeset="118414558" timestamp="2022-03-12T22:41:37Z" user="Garstedter" uid="2822207" lat="53.2299367" lon="10.4035056">
  <tag k="amenity" v="charging_station"/>
  <tag k="authentication:membership_card" v="yes"/>
  <tag k="capacity" v="1"/>
  <tag k="motorcar" v="yes"/>
  <tag k="network" v="NewMotion"/>
  <tag k="note" v="Bitte Leistung in kW vor Ort checken."/>
  <tag k="opening_hours" v="24/7"/>
  <tag k="operator" v="Leuphana Universität Lüneburg"/>
  <tag k="parking:fee" v="no"/>
  <tag k="socket:type2" v="1"/>
  <tag k="socket:type2:output" v="11kW"/>
  <tag k="voltage" v="400"/>
 </node>
 <node id="5614864316" visible="true" version="2" changeset="176966564" timestamp="2026-01-08T02:16:01Z" user="hotteliene" uid="1913655" lat="53.2266236" lon="10.3986188"/>
 <node id="5724011351" visible="true" version="4" changeset="154317001" timestamp="2024-07-23T17:16:21Z" user="hotteliene" uid="1913655" lat="53.2281607" lon="10.4029843">
  <tag k="disused:noexit" v="yes"/>
 </node>
 <node id="5724011352" visible="true" version="5" changeset="154317001" timestamp="2024-07-23T17:16:21Z" user="hotteliene" uid="1913655" lat="53.2286398" lon="10.4029327"/>
 <node id="5724011353" visible="true" version="2" changeset="152541645" timestamp="2024-06-11T12:40:28Z" user="violavoelker" uid="21602243" lat="53.2275805" lon="10.4034117">
  <tag k="barrier" v="bollard"/>
  <tag k="bicycle" v="yes"/>
  <tag k="bollard" v="removable"/>
  <tag k="foot" v="yes"/>
  <tag k="material" v="metal"/>
  <tag k="maxwidth:physical" v="1.4"/>
 </node>
 <node id="5724011354" visible="true" version="2" changeset="60991924" timestamp="2018-07-23T15:46:55Z" user="hotteliene" uid="1913655" lat="53.2275097" lon="10.4033848"/>
 <node id="5724011355" visible="true" version="4" changeset="89378247" timestamp="2020-08-13T22:56:22Z" user="hotteliene" uid="1913655" lat="53.2281619" lon="10.4032291"/>
 <node id="5724011356" visible="true" version="4" changeset="154317001" timestamp="2024-07-23T17:16:21Z" user="hotteliene" uid="1913655" lat="53.2280975" lon="10.4033862"/>
 <node id="5724011357" visible="true" version="2" changeset="89378247" timestamp="2020-08-13T22:56:22Z" user="hotteliene" uid="1913655" lat="53.2280440" lon="10.4034143"/>
 <node id="5724011358" visible="true" version="2" changeset="89378247" timestamp="2020-08-13T22:56:22Z" user="hotteliene" uid="1913655" lat="53.2276849" lon="10.4034385"/>
 <node id="5894406880" visible="true" version="1" changeset="62423851" timestamp="2018-09-09T12:48:03Z" user="hotteliene" uid="1913655" lat="53.2294369" lon="10.4014692">
  <tag k="emergency" v="fire_hydrant"/>
  <tag k="fire_hydrant:diameter" v="100"/>
  <tag k="fire_hydrant:position" v="green"/>
  <tag k="fire_hydrant:type" v="pillar"/>
  <tag k="ref" v="10"/>
 </node>
 <node id="5894406881" visible="true" version="1" changeset="62423851" timestamp="2018-09-09T12:48:03Z" user="hotteliene" uid="1913655" lat="53.2279199" lon="10.4054175">
  <tag k="emergency" v="fire_hydrant"/>
  <tag k="fire_hydrant:diameter" v="100"/>
  <tag k="fire_hydrant:position" v="green"/>
  <tag k="fire_hydrant:type" v="pillar"/>
 </node>
 <node id="5894406882" visible="true" version="1" changeset="62423851" timestamp="2018-09-09T12:48:03Z" user="hotteliene" uid="1913655" lat="53.2288071" lon="10.4052927">
  <tag k="emergency" v="fire_hydrant"/>
  <tag k="fire_hydrant:diameter" v="100"/>
  <tag k="fire_hydrant:position" v="sidewalk"/>
  <tag k="fire_hydrant:type" v="pillar"/>
  <tag k="ref" v="3"/>
 </node>
 <node id="5894406883" visible="true" version="1" changeset="62423851" timestamp="2018-09-09T12:48:04Z" user="hotteliene" uid="1913655" lat="53.2295330" lon="10.4045753">
  <tag k="emergency" v="fire_hydrant"/>
  <tag k="fire_hydrant:diameter" v="100"/>
  <tag k="fire_hydrant:position" v="green"/>
  <tag k="fire_hydrant:type" v="pillar"/>
  <tag k="ref" v="2"/>
 </node>
 <node id="5894406884" visible="true" version="2" changeset="66915498" timestamp="2019-02-04T21:16:22Z" user="hotteliene" uid="1913655" lat="53.2273185" lon="10.4021149">
  <tag k="emergency" v="fire_hydrant"/>
  <tag k="fire_hydrant:diameter" v="100"/>
  <tag k="fire_hydrant:position" v="lane"/>
  <tag k="fire_hydrant:type" v="underground"/>
  <tag k="ref" v="1041"/>
 </node>
 <node id="5894407485" visible="true" version="1" changeset="62423851" timestamp="2018-09-09T12:48:04Z" user="hotteliene" uid="1913655" lat="53.2286514" lon="10.4003792">
  <tag k="emergency" v="fire_hydrant"/>
  <tag k="fire_hydrant:diameter" v="100"/>
  <tag k="fire_hydrant:position" v="green"/>
  <tag k="fire_hydrant:type" v="pillar"/>
  <tag k="ref" v="15"/>
 </node>
 <node id="5894407486" visible="true" version="1" changeset="62423851" timestamp="2018-09-09T12:48:04Z" user="hotteliene" uid="1913655" lat="53.2293679" lon="10.3992541">
  <tag k="emergency" v="fire_hydrant"/>
  <tag k="fire_hydrant:diameter" v="100"/>
  <tag k="fire_hydrant:position" v="green"/>
  <tag k="fire_hydrant:type" v="underground"/>
 </node>
 <node id="5894407487" visible="true" version="1" changeset="62423851" timestamp="2018-09-09T12:48:04Z" user="hotteliene" uid="1913655" lat="53.2276651" lon="10.4036950">
  <tag k="emergency" v="fire_hydrant"/>
  <tag k="fire_hydrant:diameter" v="100"/>
  <tag k="fire_hydrant:position" v="green"/>
  <tag k="fire_hydrant:type" v="pillar"/>
  <tag k="ref" v="6"/>
 </node>
 <node id="5894407488" visible="true" version="1" changeset="62423851" timestamp="2018-09-09T12:48:04Z" user="hotteliene" uid="1913655" lat="53.2285530" lon="10.4028159">
  <tag k="emergency" v="fire_hydrant"/>
  <tag k="fire_hydrant:diameter" v="100"/>
  <tag k="fire_hydrant:position" v="green"/>
  <tag k="fire_hydrant:type" v="pillar"/>
  <tag k="ref" v="7"/>
 </node>
 <node id="5894407489" visible="true" version="1" changeset="62423851" timestamp="2018-09-09T12:48:04Z" user="hotteliene" uid="1913655" lat="53.2286682" lon="10.4018645">
  <tag k="emergency" v="fire_hydrant"/>
  <tag k="fire_hydrant:diameter" v="100"/>
  <tag k="fire_hydrant:position" v="green"/>
  <tag k="fire_hydrant:type" v="pillar"/>
  <tag k="ref" v="11"/>
 </node>
 <node id="5894407490" visible="true" version="1" changeset="62423851" timestamp="2018-09-09T12:48:04Z" user="hotteliene" uid="1913655" lat="53.2285445" lon="10.3992703">
  <tag k="emergency" v="fire_hydrant"/>
  <tag k="fire_hydrant:diameter" v="100"/>
  <tag k="fire_hydrant:position" v="green"/>
  <tag k="fire_hydrant:type" v="pillar"/>
  <tag k="ref" v="19"/>
 </node>
 <node id="5894407491" visible="true" version="2" changeset="68763217" timestamp="2019-04-01T17:29:04Z" user="hotteliene" uid="1913655" lat="53.2277401" lon="10.4046485">
  <tag k="emergency" v="fire_hydrant"/>
  <tag k="fire_hydrant:diameter" v="100"/>
  <tag k="fire_hydrant:position" v="green"/>
  <tag k="fire_hydrant:type" v="pillar"/>
  <tag k="ref" v="5"/>
 </node>
 <node id="5894407492" visible="true" version="1" changeset="62423851" timestamp="2018-09-09T12:48:04Z" user="hotteliene" uid="1913655" lat="53.2299274" lon="10.4047342">
  <tag k="emergency" v="fire_hydrant"/>
  <tag k="fire_hydrant:diameter" v="100"/>
  <tag k="fire_hydrant:position" v="green"/>
  <tag k="fire_hydrant:type" v="pillar"/>
  <tag k="ref" v="1"/>
 </node>
 <node id="5894407493" visible="true" version="1" changeset="62423851" timestamp="2018-09-09T12:48:04Z" user="hotteliene" uid="1913655" lat="53.2294931" lon="10.4033750">
  <tag k="emergency" v="fire_hydrant"/>
  <tag k="fire_hydrant:diameter" v="100"/>
  <tag k="fire_hydrant:position" v="green"/>
  <tag k="fire_hydrant:type" v="pillar"/>
  <tag k="ref" v="8"/>
 </node>
 <node id="5894407494" visible="true" version="1" changeset="62423851" timestamp="2018-09-09T12:48:04Z" user="hotteliene" uid="1913655" lat="53.2282423" lon="10.4020271">
  <tag k="emergency" v="fire_hydrant"/>
  <tag k="fire_hydrant:diameter" v="100"/>
  <tag k="fire_hydrant:position" v="sidewalk"/>
  <tag k="fire_hydrant:type" v="pillar"/>
  <tag k="ref" v="12"/>
 </node>
 <node id="5894424216" visible="true" version="2" changeset="75966359" timestamp="2019-10-20T22:36:06Z" user="hotteliene" uid="1913655" lat="53.2293888" lon="10.4048162"/>
 <node id="6061611981" visible="true" version="3" changeset="121814146" timestamp="2022-06-01T14:01:01Z" user="Madelaine079" uid="15989268" lat="53.2288299" lon="10.4047943"/>
 <node id="6061611982" visible="true" version="3" changeset="121814146" timestamp="2022-06-01T14:01:01Z" user="Madelaine079" uid="15989268" lat="53.2287661" lon="10.4048200"/>
 <node id="6061611983" visible="true" version="3" changeset="121814146" timestamp="2022-06-01T14:01:01Z" user="Madelaine079" uid="15989268" lat="53.2287642" lon="10.4037957"/>
 <node id="6061611984" visible="true" version="3" changeset="121814146" timestamp="2022-06-01T14:01:01Z" user="Madelaine079" uid="15989268" lat="53.2288128" lon="10.4037964"/>
 <node id="6061611985" visible="true" version="1" changeset="64502438" timestamp="2018-11-14T20:49:49Z" user="frink" uid="56557" lat="53.2293722" lon="10.4047025"/>
 <node id="6061611986" visible="true" version="1" changeset="64502438" timestamp="2018-11-14T20:49:49Z" user="frink" uid="56557" lat="53.2288771" lon="10.4047443"/>
 <node id="6061611987" visible="true" version="1" changeset="64502438" timestamp="2018-11-14T20:49:49Z" user="frink" uid="56557" lat="53.2288322" lon="10.4032635"/>
 <node id="6061611988" visible="true" version="1" changeset="64502438" timestamp="2018-11-14T20:49:49Z" user="frink" uid="56557" lat="53.2293274" lon="10.4032217"/>
 <node id="6095213399" visible="true" version="2" changeset="155570490" timestamp="2024-08-21T17:28:26Z" user="oz42" uid="20098342" lat="53.2280842" lon="10.3974288">
  <tag k="amenity" v="bicycle_parking"/>
  <tag k="bicycle_parking" v="stands"/>
  <tag k="capacity" v="4"/>
  <tag k="covered" v="no"/>
 </node>
 <node id="6095213400" visible="true" version="2" changeset="75600928" timestamp="2019-10-12T13:34:40Z" user="frink" uid="56557" lat="53.2282516" lon="10.3993167"/>
 <node id="6095213401" visible="true" version="2" changeset="75600928" timestamp="2019-10-12T13:34:40Z" user="frink" uid="56557" lat="53.2282528" lon="10.3993642"/>
 <node id="6095213403" visible="true" version="2" changeset="75600928" timestamp="2019-10-12T13:34:40Z" user="frink" uid="56557" lat="53.2275168" lon="10.3993709"/>
 <node id="6095241249" visible="true" version="1" changeset="64931644" timestamp="2018-11-27T11:00:24Z" user="JNocke" uid="9155518" lat="53.2297418" lon="10.4030219">
  <tag k="amenity" v="bicycle_parking"/>
  <tag k="bicycle_parking" v="stands"/>
  <tag k="capacity" v="16"/>
  <tag k="covered" v="no"/>
 </node>
 <node id="6095241250" visible="true" version="2" changeset="163322568" timestamp="2025-03-07T11:10:47Z" user="jkeyser" uid="2299815" lat="53.2295173" lon="10.4038557">
  <tag k="amenity" v="bicycle_parking"/>
  <tag k="bicycle_parking" v="stands"/>
  <tag k="capacity" v="30"/>
  <tag k="covered" v="no"/>
 </node>
 <node id="6095241251" visible="true" version="1" changeset="64931644" timestamp="2018-11-27T11:00:24Z" user="JNocke" uid="9155518" lat="53.2299783" lon="10.4048133">
  <tag k="amenity" v="bicycle_parking"/>
  <tag k="bicycle_parking" v="stands"/>
  <tag k="capacity" v="32"/>
  <tag k="covered" v="no"/>
 </node>
 <node id="6095241252" visible="true" version="1" changeset="64931644" timestamp="2018-11-27T11:00:24Z" user="JNocke" uid="9155518" lat="53.2298620" lon="10.4048166">
  <tag k="amenity" v="bicycle_parking"/>
  <tag k="bicycle_parking" v="stands"/>
  <tag k="capacity" v="42"/>
  <tag k="covered" v="no"/>
 </node>
 <node id="6095584716" visible="true" version="2" changeset="89378247" timestamp="2020-08-13T22:56:22Z" user="hotteliene" uid="1913655" lat="53.2289576" lon="10.4040693"/>
 <node id="6095584717" visible="true" version="3" changeset="133409475" timestamp="2023-03-07T16:19:55Z" user="aseidel" uid="9616280" lat="53.2287883" lon="10.4040846"/>
 <node id="6095584719" visible="true" version="2" changeset="89343585" timestamp="2020-08-13T08:32:03Z" user="hotteliene" uid="1913655" lat="53.2293648" lon="10.4022915"/>
 <node id="6095584720" visible="true" version="2" changeset="89343585" timestamp="2020-08-13T08:32:03Z" user="hotteliene" uid="1913655" lat="53.2290908" lon="10.4025828"/>
 <node id="6220902829" visible="true" version="5" changeset="154305891" timestamp="2024-07-23T12:46:15Z" user="hotteliene" uid="1913655" lat="53.2267522" lon="10.4055172">
  <tag k="crossing" v="traffic_signals"/>
  <tag k="highway" v="crossing"/>
  <tag k="tactile_paving" v="no"/>
 </node>
 <node id="6376385268" visible="true" version="4" changeset="159360673" timestamp="2024-11-20T11:01:14Z" user="aseidel" uid="9616280" lat="53.2278115" lon="10.4054323">
  <tag k="access" v="yes"/>
  <tag k="entrance" v="main"/>
  <tag k="name" v="Zufahrt 1 Leuphana Universität Lüneburg"/>
 </node>
 <node id="6376385269" visible="true" version="3" changeset="154317001" timestamp="2024-07-23T17:16:21Z" user="hotteliene" uid="1913655" lat="53.2276672" lon="10.4047371"/>
 <node id="6490275133" visible="true" version="4" changeset="154317001" timestamp="2024-07-23T17:16:21Z" user="hotteliene" uid="1913655" lat="53.2288435" lon="10.4031720"/>
 <node id="6490275134" visible="true" version="2" changeset="121814146" timestamp="2022-06-01T14:01:01Z" user="Madelaine079" uid="15989268" lat="53.2288720" lon="10.4034917"/>
 <node id="6490275135" visible="true" version="2" changeset="121814146" timestamp="2022-06-01T14:01:01Z" user="Madelaine079" uid="15989268" lat="53.2290520" lon="10.4038691"/>
 <node id="6490275136" visible="true" version="3" changeset="121814146" timestamp="2022-06-01T14:01:01Z" user="Madelaine079" uid="15989268" lat="53.2293458" lon="10.4046341"/>
 <node id="6490275137" visible="true" version="4" changeset="89378247" timestamp="2020-08-13T22:56:22Z" user="hotteliene" uid="1913655" lat="53.2294352" lon="10.4048001"/>
 <node id="6490275138" visible="true" version="2" changeset="121814146" timestamp="2022-06-01T14:01:01Z" user="Madelaine079" uid="15989268" lat="53.2292250" lon="10.4044199"/>
 <node id="6490275139" visible="true" version="1" changeset="70506736" timestamp="2019-05-22T09:11:57Z" user="ChimPthePimP" uid="9902602" lat="53.2290994" lon="10.4042577"/>
 <node id="6490275140" visible="true" version="4" changeset="133410332" timestamp="2023-03-07T16:43:21Z" user="aseidel" uid="9616280" lat="53.2294936" lon="10.4047903"/>
 <node id="6490275141" visible="true" version="2" changeset="133410332" timestamp="2023-03-07T16:43:21Z" user="aseidel" uid="9616280" lat="53.2295002" lon="10.4050086"/>
 <node id="6490275142" visible="true" version="2" changeset="133410332" timestamp="2023-03-07T16:43:21Z" user="aseidel" uid="9616280" lat="53.2294266" lon="10.4050166"/>
 <node id="6490275143" visible="true" version="2" changeset="133410332" timestamp="2023-03-07T16:43:21Z" user="aseidel" uid="9616280" lat="53.2294287" lon="10.4050872"/>
 <node id="6490275146" visible="true" version="3" changeset="133410332" timestamp="2023-03-07T16:43:21Z" user="aseidel" uid="9616280" lat="53.2294312" lon="10.4051819"/>
 <node id="6490275147" visible="true" version="2" changeset="133410332" timestamp="2023-03-07T16:43:21Z" user="aseidel" uid="9616280" lat="53.2294335" lon="10.4052581"/>
 <node id="6490275148" visible="true" version="2" changeset="133410332" timestamp="2023-03-07T16:43:21Z" user="aseidel" uid="9616280" lat="53.2295060" lon="10.4052506"/>
 <node id="6490275149" visible="true" version="3" changeset="148806700" timestamp="2024-03-18T09:37:14Z" user="Steffons" uid="15210452" lat="53.2295100" lon="10.4053341"/>
 <node id="6490275151" visible="true" version="2" changeset="133410332" timestamp="2023-03-07T16:43:21Z" user="aseidel" uid="9616280" lat="53.2295018" lon="10.4050809"/>
 <node id="6490275152" visible="true" version="3" changeset="133410332" timestamp="2023-03-07T16:43:21Z" user="aseidel" uid="9616280" lat="53.2295045" lon="10.4051766"/>
 <node id="6490275154" visible="true" version="4" changeset="89378247" timestamp="2020-08-13T22:56:22Z" user="hotteliene" uid="1913655" lat="53.2300945" lon="10.4024176">
  <tag k="access" v="yes"/>
  <tag k="entrance" v="yes"/>
 </node>
 <node id="6490275155" visible="true" version="3" changeset="89378247" timestamp="2020-08-13T22:56:22Z" user="hotteliene" uid="1913655" lat="53.2299979" lon="10.3996753">
  <tag k="access" v="yes"/>
  <tag k="entrance" v="yes"/>
 </node>
 <node id="6490366293" visible="true" version="5" changeset="154317001" timestamp="2024-07-23T17:16:21Z" user="hotteliene" uid="1913655" lat="53.2286116" lon="10.4019947">
  <tag k="barrier" v="bollard"/>
  <tag k="bicycle" v="yes"/>
  <tag k="bollard" v="removable"/>
  <tag k="foot" v="yes"/>
  <tag k="material" v="metal"/>
  <tag k="maxwidth" v="1.4"/>
  <tag k="motor_vehicle" v="no"/>
 </node>
 <node id="6835389826" visible="true" version="3" changeset="179655992" timestamp="2026-03-10T19:41:49Z" user="NGL-engel" uid="1957590" lat="53.2285437" lon="10.4062750"/>
 <node id="6835389827" visible="true" version="2" changeset="154317001" timestamp="2024-07-23T17:16:21Z" user="hotteliene" uid="1913655" lat="53.2284949" lon="10.4062079"/>
 <node id="6835389828" visible="true" version="2" changeset="154317001" timestamp="2024-07-23T17:16:21Z" user="hotteliene" uid="1913655" lat="53.2281281" lon="10.4060355"/>
 <node id="6842808827" visible="true" version="4" changeset="152542642" timestamp="2024-06-11T13:05:18Z" user="violavoelker" uid="21602243" lat="53.2297499" lon="10.4018650">
  <tag k="barrier" v="bollard"/>
  <tag k="bicycle" v="yes"/>
  <tag k="bollard" v="removable"/>
  <tag k="foot" v="yes"/>
  <tag k="material" v="metal"/>
  <tag k="maxwidth:physical" v="1.4"/>
  <tag k="motor_vehicle" v="no"/>
 </node>
 <node id="6842808828" visible="true" version="2" changeset="89378247" timestamp="2020-08-13T22:56:22Z" user="hotteliene" uid="1913655" lat="53.2301627" lon="10.4024114"/>
 <node id="6842808829" visible="true" version="3" changeset="156109193" timestamp="2024-09-02T17:18:17Z" user="hotteliene" uid="1913655" lat="53.2300653" lon="10.3996702"/>
 <node id="6843804100" visible="true" version="3" changeset="148806700" timestamp="2024-03-18T09:37:14Z" user="Steffons" uid="15210452" lat="53.2280069" lon="10.4054835"/>
 <node id="6843804101" visible="true" version="8" changeset="148806700" timestamp="2024-03-18T09:37:14Z" user="Steffons" uid="15210452" lat="53.2280070" lon="10.4056157">
  <tag k="bicycle" v="yes"/>
  <tag k="button_operated" v="yes"/>
  <tag k="crossing" v="traffic_signals"/>
  <tag k="crossing:island" v="no"/>
  <tag k="foot" v="yes"/>
  <tag k="highway" v="crossing"/>
  <tag k="segregated" v="no"/>
  <tag k="tactile_paving" v="yes"/>
  <tag k="traffic_signals:sound" v="yes"/>
  <tag k="traffic_signals:vibration" v="yes"/>
 </node>
 <node id="6843954078" visible="true" version="12" changeset="163183503" timestamp="2025-03-04T02:11:47Z" user="bwbuz" uid="2807324" lat="53.2284523" lon="10.4038461">
  <tag k="addr:city" v="Lüneburg"/>
  <tag k="addr:country" v="DE"/>
  <tag k="addr:housenumber" v="1"/>
  <tag k="addr:postcode" v="21335"/>
  <tag k="addr:street" v="Universitätsallee"/>
  <tag k="air_conditioning" v="yes"/>
  <tag k="amenity" v="cafe"/>
  <tag k="contact:website" v="https://www.deinklippo.de/"/>
  <tag k="diet:vegan" v="yes"/>
  <tag k="diet:vegetarian" v="yes"/>
  <tag k="indoor_seating" v="yes"/>
  <tag k="internet_access" v="wlan"/>
  <tag k="name" v="Klippo"/>
  <tag k="note" v="WLAN kostenlos für StudentInnen und Mitarbeitende an der Leuphana"/>
  <tag k="opening_hours" v="Mo-Fr 09:00-18:00"/>
  <tag k="outdoor_seating" v="yes"/>
  <tag k="payment:credit_cards" v="yes"/>
  <tag k="payment:debit_cards" v="yes"/>
  <tag k="self_service" v="yes"/>
  <tag k="smoking" v="outside"/>
  <tag k="wheelchair" v="yes"/>
 </node>
 <node id="6844035334" visible="true" version="3" changeset="113071755" timestamp="2021-10-28T08:48:26Z" user="rupertvdk" uid="9616702" lat="53.2293468" lon="10.4017671">
  <tag k="barrier" v="bollard"/>
  <tag k="bicycle" v="yes"/>
  <tag k="bollard" v="removable"/>
  <tag k="foot" v="yes"/>
  <tag k="material" v="metal"/>
  <tag k="motor_vehicle" v="no"/>
 </node>
 <node id="6844035335" visible="true" version="3" changeset="152542827" timestamp="2024-06-11T13:09:45Z" user="violavoelker" uid="21602243" lat="53.2293523" lon="10.4019224">
  <tag k="barrier" v="bollard"/>
  <tag k="bicycle" v="yes"/>
  <tag k="bollard" v="removable"/>
  <tag k="foot" v="yes"/>
  <tag k="material" v="metal"/>
  <tag k="maxwidth:physical" v="1.4"/>
  <tag k="motor_vehicle" v="no"/>
 </node>
 <node id="6844035336" visible="true" version="4" changeset="152883196" timestamp="2024-06-19T08:42:28Z" user="carlottacordes" uid="21551910" lat="53.2293055" lon="10.4004814">
  <tag k="barrier" v="bollard"/>
  <tag k="bicycle" v="yes"/>
  <tag k="bollard" v="removable"/>
  <tag k="foot" v="yes"/>
  <tag k="material" v="metal"/>
  <tag k="maxwidth:physical" v="1.45"/>
  <tag k="motor_vehicle" v="no"/>
 </node>
 <node id="6844035337" visible="true" version="3" changeset="152543135" timestamp="2024-06-11T13:16:52Z" user="violavoelker" uid="21602243" lat="53.2297562" lon="10.4047088">
  <tag k="barrier" v="bollard"/>
  <tag k="bicycle" v="yes"/>
  <tag k="bollard" v="removable"/>
  <tag k="foot" v="yes"/>
  <tag k="material" v="metal"/>
  <tag k="maxwidth:physical" v="1.4"/>
  <tag k="motor_vehicle" v="no"/>
 </node>
 <node id="6844110156" visible="true" version="6" changeset="154317001" timestamp="2024-07-23T17:16:21Z" user="hotteliene" uid="1913655" lat="53.2296380" lon="10.4031047">
  <tag k="barrier" v="bollard"/>
  <tag k="bicycle" v="yes"/>
  <tag k="bollard" v="removable"/>
  <tag k="foot" v="yes"/>
  <tag k="material" v="metal"/>
  <tag k="maxwidth:physical" v="1.4"/>
  <tag k="motor_vehicle" v="no"/>
 </node>
 <node id="6844278379" visible="true" version="2" changeset="89378247" timestamp="2020-08-13T22:56:22Z" user="hotteliene" uid="1913655" lat="53.2301789" lon="10.4048175"/>
 <node id="6844278380" visible="true" version="1" changeset="75187125" timestamp="2019-10-02T12:24:55Z" user="aseidel" uid="9616280" lat="53.2295747" lon="10.4052721"/>
 <node id="6844341255" visible="true" version="2" changeset="75391826" timestamp="2019-10-07T19:38:02Z" user="Weasel-Wiesel" uid="2414126" lat="53.2277739" lon="10.3981740"/>
 <node id="6844341256" visible="true" version="1" changeset="75187252" timestamp="2019-10-02T12:28:58Z" user="aseidel" uid="9616280" lat="53.2281701" lon="10.3981225"/>
 <node id="6844341257" visible="true" version="1" changeset="75187252" timestamp="2019-10-02T12:28:58Z" user="aseidel" uid="9616280" lat="53.2281491" lon="10.3979398"/>
 <node id="6844341259" visible="true" version="2" changeset="75600928" timestamp="2019-10-12T13:34:40Z" user="frink" uid="56557" lat="53.2278307" lon="10.3982910"/>
 <node id="6844341260" visible="true" version="1" changeset="75187252" timestamp="2019-10-02T12:28:58Z" user="aseidel" uid="9616280" lat="53.2278546" lon="10.3991838"/>
 <node id="6858784764" visible="true" version="1" changeset="75391826" timestamp="2019-10-07T19:38:02Z" user="Weasel-Wiesel" uid="2414126" lat="53.2281724" lon="10.3989833"/>
 <node id="6858784766" visible="true" version="1" changeset="75391826" timestamp="2019-10-07T19:38:02Z" user="Weasel-Wiesel" uid="2414126" lat="53.2281528" lon="10.3983902"/>
 <node id="6858784767" visible="true" version="1" changeset="75391826" timestamp="2019-10-07T19:38:02Z" user="Weasel-Wiesel" uid="2414126" lat="53.2281752" lon="10.3983697"/>
 <node id="6858784768" visible="true" version="1" changeset="75391826" timestamp="2019-10-07T19:38:02Z" user="Weasel-Wiesel" uid="2414126" lat="53.2279668" lon="10.3983955"/>
 <node id="6858784769" visible="true" version="1" changeset="75391826" timestamp="2019-10-07T19:38:02Z" user="Weasel-Wiesel" uid="2414126" lat="53.2279874" lon="10.3990583"/>
 <node id="6858784771" visible="true" version="1" changeset="75391826" timestamp="2019-10-07T19:38:02Z" user="Weasel-Wiesel" uid="2414126" lat="53.2285069" lon="10.4024294"/>
 <node id="6858784772" visible="true" version="1" changeset="75391826" timestamp="2019-10-07T19:38:02Z" user="Weasel-Wiesel" uid="2414126" lat="53.2285730" lon="10.4024239"/>
 <node id="6859994656" visible="true" version="4" changeset="154317001" timestamp="2024-07-23T17:16:21Z" user="hotteliene" uid="1913655" lat="53.2287286" lon="10.4053575">
  <tag k="access" v="yes"/>
  <tag k="entrance" v="main"/>
 </node>
 <node id="6860036923" visible="true" version="2" changeset="89358185" timestamp="2020-08-13T12:53:14Z" user="hotteliene" uid="1913655" lat="53.2285509" lon="10.4055588"/>
 <node id="6860081286" visible="true" version="2" changeset="89378247" timestamp="2020-08-13T22:56:22Z" user="hotteliene" uid="1913655" lat="53.2300949" lon="10.4005125"/>
 <node id="6860081287" visible="true" version="1" changeset="75409328" timestamp="2019-10-08T10:54:30Z" user="aseidel" uid="9616280" lat="53.2299951" lon="10.4005266">
  <tag k="barrier" v="bollard"/>
  <tag k="bicycle" v="yes"/>
  <tag k="foot" v="yes"/>
  <tag k="motor_vehicle" v="no"/>
 </node>
 <node id="6860081288" visible="true" version="2" changeset="89378247" timestamp="2020-08-13T22:56:22Z" user="hotteliene" uid="1913655" lat="53.2299124" lon="10.4007091"/>
 <node id="6860081289" visible="true" version="2" changeset="89378247" timestamp="2020-08-13T22:56:22Z" user="hotteliene" uid="1913655" lat="53.2299348" lon="10.4014105"/>
 <node id="6860081290" visible="true" version="1" changeset="75409328" timestamp="2019-10-08T10:54:30Z" user="aseidel" uid="9616280" lat="53.2300224" lon="10.4014627">
  <tag k="barrier" v="bollard"/>
  <tag k="bicycle" v="yes"/>
  <tag k="foot" v="yes"/>
  <tag k="motor_vehicle" v="no"/>
 </node>
 <node id="6860081291" visible="true" version="2" changeset="89378247" timestamp="2020-08-13T22:56:22Z" user="hotteliene" uid="1913655" lat="53.2301286" lon="10.4014570"/>
 <node id="6860081292" visible="true" version="1" changeset="75409328" timestamp="2019-10-08T10:54:30Z" user="aseidel" uid="9616280" lat="53.2297083" lon="10.4015621"/>
 <node id="6860081293" visible="true" version="1" changeset="75409328" timestamp="2019-10-08T10:54:30Z" user="aseidel" uid="9616280" lat="53.2298474" lon="10.4012240"/>
 <node id="6860081294" visible="true" version="1" changeset="75409328" timestamp="2019-10-08T10:54:30Z" user="aseidel" uid="9616280" lat="53.2298731" lon="10.4011811"/>
 <node id="6860081295" visible="true" version="2" changeset="89378247" timestamp="2020-08-13T22:56:22Z" user="hotteliene" uid="1913655" lat="53.2299211" lon="10.4011720"/>
 <node id="6860824130" visible="true" version="3" changeset="154825601" timestamp="2024-08-04T18:35:13Z" user="OSM_RogerWilco" uid="10114909" lat="53.2301153" lon="10.4052782"/>
 <node id="6862449075" visible="true" version="4" changeset="154317001" timestamp="2024-07-23T17:16:21Z" user="hotteliene" uid="1913655" lat="53.2297646" lon="10.4034635"/>
 <node id="6862449076" visible="true" version="2" changeset="89378247" timestamp="2020-08-13T22:56:22Z" user="hotteliene" uid="1913655" lat="53.2300716" lon="10.4034261"/>
 <node id="6862449077" visible="true" version="4" changeset="154317001" timestamp="2024-07-23T17:16:21Z" user="hotteliene" uid="1913655" lat="53.2297719" lon="10.4037043"/>
 <node id="6862449078" visible="true" version="2" changeset="89378247" timestamp="2020-08-13T22:56:22Z" user="hotteliene" uid="1913655" lat="53.2300801" lon="10.4036685"/>
 <node id="6862449079" visible="true" version="4" changeset="154317001" timestamp="2024-07-23T17:16:21Z" user="hotteliene" uid="1913655" lat="53.2297798" lon="10.4039516"/>
 <node id="6862449080" visible="true" version="2" changeset="89378247" timestamp="2020-08-13T22:56:22Z" user="hotteliene" uid="1913655" lat="53.2300886" lon="10.4039109"/>
 <node id="6862449081" visible="true" version="4" changeset="154317001" timestamp="2024-07-23T17:16:21Z" user="hotteliene" uid="1913655" lat="53.2297875" lon="10.4041903"/>
 <node id="6862449082" visible="true" version="2" changeset="89378247" timestamp="2020-08-13T22:56:22Z" user="hotteliene" uid="1913655" lat="53.2300971" lon="10.4041533"/>
 <node id="6862449083" visible="true" version="3" changeset="154317001" timestamp="2024-07-23T17:16:21Z" user="hotteliene" uid="1913655" lat="53.2297954" lon="10.4044358"/>
 <node id="6862449084" visible="true" version="2" changeset="89378247" timestamp="2020-08-13T22:56:22Z" user="hotteliene" uid="1913655" lat="53.2301057" lon="10.4043958"/>
 <node id="6862495285" visible="true" version="5" changeset="159359811" timestamp="2024-11-20T10:38:02Z" user="aseidel" uid="9616280" lat="53.2301172" lon="10.4030641">
  <tag k="access" v="yes"/>
  <tag k="entrance" v="secondary"/>
  <tag k="name" v="Zufahrt 2 Leuphana Universität Lüneburg"/>
 </node>
 <node id="6862495286" visible="true" version="3" changeset="89378247" timestamp="2020-08-13T22:56:22Z" user="hotteliene" uid="1913655" lat="53.2301858" lon="10.4030583"/>
 <node id="6862495287" visible="true" version="3" changeset="159359811" timestamp="2024-11-20T10:38:02Z" user="aseidel" uid="9616280" lat="53.2299117" lon="10.3972238">
  <tag k="access" v="yes"/>
  <tag k="entrance" v="secondary"/>
  <tag k="name" v="Zufahrt 3 Leuphana Universität Lüneburg"/>
 </node>
 <node id="6867891434" visible="true" version="3" changeset="89378247" timestamp="2020-08-13T22:56:22Z" user="hotteliene" uid="1913655" lat="53.2301769" lon="10.4047596">
  <tag k="access" v="yes"/>
  <tag k="entrance" v="yes"/>
 </node>
 <node id="6867891435" visible="true" version="2" changeset="133410332" timestamp="2023-03-07T16:43:21Z" user="aseidel" uid="9616280" lat="53.2295029" lon="10.4052788">
  <tag k="access" v="yes"/>
  <tag k="entrance" v="yes"/>
 </node>
 <node id="6867891436" visible="true" version="5" changeset="159359811" timestamp="2024-11-20T10:38:02Z" user="aseidel" uid="9616280" lat="53.2300698" lon="10.4016767">
  <tag k="emergency" v="yes"/>
  <tag k="entrance" v="secondary"/>
 </node>
 <node id="6867891437" visible="true" version="5" changeset="159359811" timestamp="2024-11-20T10:38:02Z" user="aseidel" uid="9616280" lat="53.2299776" lon="10.3991293">
  <tag k="bicycle" v="yes"/>
  <tag k="entrance" v="secondary"/>
  <tag k="foot" v="yes"/>
  <tag k="wheelchair" v="yes"/>
 </node>
 <node id="6871391528" visible="true" version="3" changeset="133939018" timestamp="2023-03-21T12:36:17Z" user="aseidel" uid="9616280" lat="53.2290741" lon="10.4025213">
  <tag k="access" v="yes"/>
  <tag k="entrance" v="yes"/>
  <tag k="wheelchair" v="no"/>
 </node>
 <node id="6871391529" visible="true" version="1" changeset="75575240" timestamp="2019-10-11T15:59:06Z" user="aseidel" uid="9616280" lat="53.2295509" lon="10.3983036">
  <tag k="entrance" v="service"/>
 </node>
 <node id="6871391530" visible="true" version="1" changeset="75575240" timestamp="2019-10-11T15:59:06Z" user="aseidel" uid="9616280" lat="53.2285604" lon="10.4042352">
  <tag k="entrance" v="emergency"/>
 </node>
 <node id="6871391531" visible="true" version="2" changeset="133939018" timestamp="2023-03-21T12:36:17Z" user="aseidel" uid="9616280" lat="53.2283075" lon="10.4039453">
  <tag k="door" v="yes/manual"/>
  <tag k="entrance" v="yes"/>
  <tag k="wheelchair" v="yes"/>
 </node>
 <node id="6873249902" visible="true" version="1" changeset="75600928" timestamp="2019-10-12T13:34:40Z" user="frink" uid="56557" lat="53.2280966" lon="10.3982688"/>
 <node id="6873249903" visible="true" version="1" changeset="75600928" timestamp="2019-10-12T13:34:40Z" user="frink" uid="56557" lat="53.2278358" lon="10.3984856"/>
 <node id="6901154116" visible="true" version="1" changeset="75966359" timestamp="2019-10-20T22:36:06Z" user="hotteliene" uid="1913655" lat="53.2269422" lon="10.3991376"/>
 <node id="6901154123" visible="true" version="1" changeset="75966359" timestamp="2019-10-20T22:36:06Z" user="hotteliene" uid="1913655" lat="53.2282549" lon="10.3991537"/>
 <node id="6901154124" visible="true" version="1" changeset="75966359" timestamp="2019-10-20T22:36:06Z" user="hotteliene" uid="1913655" lat="53.2284435" lon="10.3992502"/>
 <node id="6961717479" visible="true" version="1" changeset="76867071" timestamp="2019-11-10T12:43:38Z" user="hotteliene" uid="1913655" lat="53.2287823" lon="10.4031179">
  <tag k="emergency" v="fire_hydrant"/>
  <tag k="fire_hydrant:diameter" v="150"/>
  <tag k="fire_hydrant:position" v="green"/>
  <tag k="fire_hydrant:type" v="underground"/>
  <tag k="ref" v="13"/>
 </node>
 <node id="6961717480" visible="true" version="1" changeset="76867071" timestamp="2019-11-10T12:43:38Z" user="hotteliene" uid="1913655" lat="53.2294625" lon="10.4025096">
  <tag k="emergency" v="fire_hydrant"/>
  <tag k="fire_hydrant:diameter" v="100"/>
  <tag k="fire_hydrant:position" v="green"/>
  <tag k="fire_hydrant:type" v="pillar"/>
  <tag k="ref" v="9"/>
 </node>
 <node id="7123464147" visible="true" version="10" changeset="162430123" timestamp="2025-02-12T13:40:08Z" user="woodpeck_repair" uid="145231" lat="53.2271489" lon="10.4012934">
  <tag k="amenity" v="parcel_locker"/>
  <tag k="brand" v="DHL Packstation"/>
  <tag k="brand:wikidata" v="Q1766703"/>
  <tag k="brand:wikipedia" v="de:Packstation"/>
  <tag k="check_date" v="2024-06-29"/>
  <tag k="opening_hours" v="24/7"/>
  <tag k="operator" v="DHL"/>
  <tag k="operator:wikidata" v="Q489815"/>
  <tag k="operator:wikipedia" v="de:DHL"/>
  <tag k="parcel_locker:type" v="cabinet"/>
  <tag k="parcel_mail_in" v="yes"/>
  <tag k="parcel_pickup" v="yes"/>
  <tag k="postal_code" v="21335"/>
  <tag k="ref" v="174"/>
  <tag k="surveillance" v="no"/>
  <tag k="website" v="https://www.packstation.de"/>
 </node>
 <node id="7238808096" visible="true" version="7" changeset="163183503" timestamp="2025-03-04T02:11:47Z" user="bwbuz" uid="2807324" lat="53.2281466" lon="10.4022072">
  <tag k="addr:city" v="Lüneburg"/>
  <tag k="addr:country" v="DE"/>
  <tag k="addr:housenumber" v="34a"/>
  <tag k="addr:postcode" v="21335"/>
  <tag k="addr:street" v="Heinrich-Böll-Straße"/>
  <tag k="cuisine" v="coffee_shop"/>
  <tag k="internet_access" v="wlan"/>
  <tag k="name" v="TRAFOS"/>
  <tag k="office" v="coworking"/>
  <tag k="opening_hours" v="Mo-Fr 10:00-16:00"/>
  <tag k="outdoor_seating" v="sidewalk"/>
  <tag k="website" v="https://www.leuphana.de/kooperationen/forschung-kooperation/transformationsraeume.html"/>
  <tag k="wheelchair" v="limited"/>
 </node>
 <node id="7810713203" visible="true" version="5" changeset="152543351" timestamp="2024-06-11T13:21:29Z" user="violavoelker" uid="21602243" lat="53.2287899" lon="10.4048636">
  <tag k="barrier" v="bollard"/>
  <tag k="bicycle" v="yes"/>
  <tag k="bollard" v="removable"/>
  <tag k="foot" v="yes"/>
  <tag k="maxwidth:physical" v="1.4"/>
 </node>
 <node id="7811144896" visible="true" version="1" changeset="89378247" timestamp="2020-08-13T22:56:22Z" user="hotteliene" uid="1913655" lat="53.2298958" lon="10.3967732"/>
 <node id="7811144897" visible="true" version="1" changeset="89378247" timestamp="2020-08-13T22:56:22Z" user="hotteliene" uid="1913655" lat="53.2297922" lon="10.4045905"/>
 <node id="7811144898" visible="true" version="1" changeset="89378247" timestamp="2020-08-13T22:56:22Z" user="hotteliene" uid="1913655" lat="53.2296853" lon="10.3997018"/>
 <node id="7811144899" visible="true" version="1" changeset="89378247" timestamp="2020-08-13T22:56:22Z" user="hotteliene" uid="1913655" lat="53.2296966" lon="10.3996797"/>
 <node id="7811144900" visible="true" version="1" changeset="89378247" timestamp="2020-08-13T22:56:22Z" user="hotteliene" uid="1913655" lat="53.2297043" lon="10.3996907"/>
 <node id="7811144901" visible="true" version="1" changeset="89378247" timestamp="2020-08-13T22:56:22Z" user="hotteliene" uid="1913655" lat="53.2297024" lon="10.3997072"/>
 <node id="7811144902" visible="true" version="1" changeset="89378247" timestamp="2020-08-13T22:56:22Z" user="hotteliene" uid="1913655" lat="53.2296929" lon="10.3997128"/>
 <node id="7811144903" visible="true" version="1" changeset="89378247" timestamp="2020-08-13T22:56:22Z" user="hotteliene" uid="1913655" lat="53.2296655" lon="10.3996592"/>
 <node id="7811144904" visible="true" version="1" changeset="89378247" timestamp="2020-08-13T22:56:22Z" user="hotteliene" uid="1913655" lat="53.2297181" lon="10.3996518"/>
 <node id="7811144905" visible="true" version="1" changeset="89378247" timestamp="2020-08-13T22:56:22Z" user="hotteliene" uid="1913655" lat="53.2296988" lon="10.3997606"/>
 <node id="7811144906" visible="true" version="1" changeset="89378247" timestamp="2020-08-13T22:56:22Z" user="hotteliene" uid="1913655" lat="53.2296840" lon="10.3997589"/>
 <node id="7811144907" visible="true" version="1" changeset="89378247" timestamp="2020-08-13T22:56:22Z" user="hotteliene" uid="1913655" lat="53.2293531" lon="10.3997324">
  <tag k="leaf_type" v="broadleaved"/>
  <tag k="natural" v="tree"/>
 </node>
 <node id="7811144908" visible="true" version="1" changeset="89378247" timestamp="2020-08-13T22:56:22Z" user="hotteliene" uid="1913655" lat="53.2293700" lon="10.3997592"/>
 <node id="7811144909" visible="true" version="1" changeset="89378247" timestamp="2020-08-13T22:56:22Z" user="hotteliene" uid="1913655" lat="53.2293206" lon="10.3997847"/>
 <node id="7811144910" visible="true" version="1" changeset="89378247" timestamp="2020-08-13T22:56:22Z" user="hotteliene" uid="1913655" lat="53.2292977" lon="10.3997672"/>
 <node id="7811144911" visible="true" version="1" changeset="89378247" timestamp="2020-08-13T22:56:22Z" user="hotteliene" uid="1913655" lat="53.2292993" lon="10.3997290"/>
 <node id="7811144912" visible="true" version="1" changeset="89378247" timestamp="2020-08-13T22:56:22Z" user="hotteliene" uid="1913655" lat="53.2293218" lon="10.3996995"/>
 <node id="7811144913" visible="true" version="1" changeset="89378247" timestamp="2020-08-13T22:56:22Z" user="hotteliene" uid="1913655" lat="53.2293716" lon="10.3996941"/>
 <node id="7811144914" visible="true" version="1" changeset="89378247" timestamp="2020-08-13T22:56:22Z" user="hotteliene" uid="1913655" lat="53.2294262" lon="10.3997163"/>
 <node id="7811144915" visible="true" version="1" changeset="89378247" timestamp="2020-08-13T22:56:22Z" user="hotteliene" uid="1913655" lat="53.2292777" lon="10.3996191"/>
 <node id="7811144916" visible="true" version="1" changeset="89378247" timestamp="2020-08-13T22:56:22Z" user="hotteliene" uid="1913655" lat="53.2292843" lon="10.3998484"/>
 <node id="7811144917" visible="true" version="1" changeset="89378247" timestamp="2020-08-13T22:56:22Z" user="hotteliene" uid="1913655" lat="53.2294719" lon="10.3997183"/>
 <node id="7811144918" visible="true" version="1" changeset="89378247" timestamp="2020-08-13T22:56:22Z" user="hotteliene" uid="1913655" lat="53.2297295" lon="10.3997172"/>
 <node id="7811144919" visible="true" version="1" changeset="89378247" timestamp="2020-08-13T22:56:22Z" user="hotteliene" uid="1913655" lat="53.2297232" lon="10.3997375"/>
 <node id="7811144920" visible="true" version="1" changeset="89378247" timestamp="2020-08-13T22:56:22Z" user="hotteliene" uid="1913655" lat="53.2296708" lon="10.3997476"/>
 <node id="7811144921" visible="true" version="1" changeset="89378247" timestamp="2020-08-13T22:56:22Z" user="hotteliene" uid="1913655" lat="53.2296613" lon="10.3997286"/>
 <node id="7811144922" visible="true" version="1" changeset="89378247" timestamp="2020-08-13T22:56:22Z" user="hotteliene" uid="1913655" lat="53.2296570" lon="10.3997048"/>
 <node id="7811144923" visible="true" version="1" changeset="89378247" timestamp="2020-08-13T22:56:22Z" user="hotteliene" uid="1913655" lat="53.2296585" lon="10.3996806"/>
 <node id="7811144924" visible="true" version="1" changeset="89378247" timestamp="2020-08-13T22:56:22Z" user="hotteliene" uid="1913655" lat="53.2296768" lon="10.3996440"/>
 <node id="7811144925" visible="true" version="1" changeset="89378247" timestamp="2020-08-13T22:56:22Z" user="hotteliene" uid="1913655" lat="53.2296908" lon="10.3996372"/>
 <node id="7811144926" visible="true" version="1" changeset="89378247" timestamp="2020-08-13T22:56:22Z" user="hotteliene" uid="1913655" lat="53.2297053" lon="10.3996399"/>
 <node id="7811144927" visible="true" version="1" changeset="89378247" timestamp="2020-08-13T22:56:22Z" user="hotteliene" uid="1913655" lat="53.2297271" lon="10.3996710"/>
 <node id="7811144928" visible="true" version="1" changeset="89378247" timestamp="2020-08-13T22:56:22Z" user="hotteliene" uid="1913655" lat="53.2296952" lon="10.3996975">
  <tag k="leaf_type" v="broadleaved"/>
  <tag k="natural" v="tree"/>
 </node>
 <node id="7811144929" visible="true" version="2" changeset="108697821" timestamp="2021-07-27T15:34:16Z" user="8hjsC7KP" uid="11290223" lat="53.2296947" lon="10.3996908">
  <tag k="amenity" v="bench"/>
  <tag k="backrest" v="no"/>
 </node>
 <node id="7811144930" visible="true" version="1" changeset="89378247" timestamp="2020-08-13T22:56:22Z" user="hotteliene" uid="1913655" lat="53.2296981" lon="10.3997121"/>
 <node id="7811144931" visible="true" version="1" changeset="89378247" timestamp="2020-08-13T22:56:22Z" user="hotteliene" uid="1913655" lat="53.2296882" lon="10.3997090"/>
 <node id="7811144932" visible="true" version="1" changeset="89378247" timestamp="2020-08-13T22:56:22Z" user="hotteliene" uid="1913655" lat="53.2296849" lon="10.3996931"/>
 <node id="7811144933" visible="true" version="1" changeset="89378247" timestamp="2020-08-13T22:56:22Z" user="hotteliene" uid="1913655" lat="53.2296871" lon="10.3996852"/>
 <node id="7811144934" visible="true" version="1" changeset="89378247" timestamp="2020-08-13T22:56:22Z" user="hotteliene" uid="1913655" lat="53.2296914" lon="10.3996803"/>
 <node id="7811144935" visible="true" version="1" changeset="89378247" timestamp="2020-08-13T22:56:22Z" user="hotteliene" uid="1913655" lat="53.2297013" lon="10.3996835"/>
 <node id="7811144936" visible="true" version="1" changeset="89378247" timestamp="2020-08-13T22:56:22Z" user="hotteliene" uid="1913655" lat="53.2297047" lon="10.3996994"/>
 <node id="7811144937" visible="true" version="1" changeset="89378247" timestamp="2020-08-13T22:56:22Z" user="hotteliene" uid="1913655" lat="53.2297129" lon="10.3997525"/>
 <node id="7811144938" visible="true" version="1" changeset="89378247" timestamp="2020-08-13T22:56:22Z" user="hotteliene" uid="1913655" lat="53.2301417" lon="10.4018254"/>
 <node id="7811144939" visible="true" version="1" changeset="89378247" timestamp="2020-08-13T22:56:22Z" user="hotteliene" uid="1913655" lat="53.2298880" lon="10.4018523"/>
 <node id="7811144940" visible="true" version="1" changeset="89378247" timestamp="2020-08-13T22:56:22Z" user="hotteliene" uid="1913655" lat="53.2276969" lon="10.4025748"/>
 <node id="7811144941" visible="true" version="1" changeset="89378247" timestamp="2020-08-13T22:56:22Z" user="hotteliene" uid="1913655" lat="53.2276166" lon="10.4035632"/>
 <node id="8956510539" visible="true" version="2" changeset="149307452" timestamp="2024-03-29T11:25:41Z" user="jp_spino" uid="20650565" lat="53.2285102" lon="10.3998984"/>
 <node id="8956510540" visible="true" version="2" changeset="149307452" timestamp="2024-03-29T11:25:41Z" user="jp_spino" uid="20650565" lat="53.2283539" lon="10.3999940"/>
 <node id="8956510541" visible="true" version="2" changeset="149307452" timestamp="2024-03-29T11:25:41Z" user="jp_spino" uid="20650565" lat="53.2283039" lon="10.4000357"/>
 <node id="8956510542" visible="true" version="2" changeset="149307452" timestamp="2024-03-29T11:25:41Z" user="jp_spino" uid="20650565" lat="53.2282871" lon="10.4001193"/>
 <node id="8956510543" visible="true" version="2" changeset="149307452" timestamp="2024-03-29T11:25:41Z" user="jp_spino" uid="20650565" lat="53.2282930" lon="10.4001773"/>
 <node id="8956510544" visible="true" version="2" changeset="149307452" timestamp="2024-03-29T11:25:41Z" user="jp_spino" uid="20650565" lat="53.2283404" lon="10.4003192"/>
 <node id="8956510545" visible="true" version="2" changeset="149307452" timestamp="2024-03-29T11:25:41Z" user="jp_spino" uid="20650565" lat="53.2285162" lon="10.4002218"/>
 <node id="9052901634" visible="true" version="7" changeset="160386703" timestamp="2024-12-19T10:22:58Z" user="ch-sn" uid="38698" lat="53.2287834" lon="10.4045440">
  <tag k="amenity" v="bicycle_rental"/>
  <tag k="bicycle_rental" v="docking_station"/>
  <tag k="brand" v="StadtRAD Lüneburg"/>
  <tag k="capacity" v="16"/>
  <tag k="check_date" v="2024-12-19"/>
  <tag k="check_date:capacity" v="2024-12-19"/>
  <tag k="contact:website" v="https://stadtradlueneburg.de"/>
  <tag k="name" v="Universitätsallee / Zentralgebäude"/>
  <tag k="network" v="StadtRAD Lüneburg"/>
  <tag k="note" v="Nur ein fester Stellplatz, daher ist eine Kapazitätsangabe nicht möglich .."/>
  <tag k="operator" v="Deutsche Bahn Connect GmbH"/>
  <tag k="ref" v="90202"/>
  <tag k="website" v="https://stadtradlueneburg.de"/>
 </node>
 <node id="9204349188" visible="true" version="1" changeset="113027129" timestamp="2021-10-27T09:08:59Z" user="aseidel" uid="9616280" lat="53.2268845" lon="10.4008556"/>
 <node id="9204349189" visible="true" version="1" changeset="113027129" timestamp="2021-10-27T09:08:59Z" user="aseidel" uid="9616280" lat="53.2269000" lon="10.4012518"/>
 <node id="9204349190" visible="true" version="1" changeset="113027129" timestamp="2021-10-27T09:08:59Z" user="aseidel" uid="9616280" lat="53.2271722" lon="10.4021277"/>
 <node id="9204349191" visible="true" version="1" changeset="113027129" timestamp="2021-10-27T09:08:59Z" user="aseidel" uid="9616280" lat="53.2274848" lon="10.4016209"/>
 <node id="9204349192" visible="true" version="1" changeset="113027129" timestamp="2021-10-27T09:08:59Z" user="aseidel" uid="9616280" lat="53.2271438" lon="10.4016493"/>
 <node id="9204349193" visible="true" version="1" changeset="113027129" timestamp="2021-10-27T09:08:59Z" user="aseidel" uid="9616280" lat="53.2274963" lon="10.4019622"/>
 <node id="9204349194" visible="true" version="1" changeset="113027129" timestamp="2021-10-27T09:08:59Z" user="aseidel" uid="9616280" lat="53.2271676" lon="10.4019905"/>
 <node id="9204349195" visible="true" version="1" changeset="113027129" timestamp="2021-10-27T09:08:59Z" user="aseidel" uid="9616280" lat="53.2272558" lon="10.4016400"/>
 <node id="9204349196" visible="true" version="1" changeset="113027129" timestamp="2021-10-27T09:08:59Z" user="aseidel" uid="9616280" lat="53.2274132" lon="10.4018997"/>
 <node id="9382310666" visible="true" version="1" changeset="115617727" timestamp="2021-12-31T17:24:53Z" user="KuyybGuTJT" uid="14750024" lat="53.2296617" lon="10.4026109">
  <tag k="leaf_cycle" v="deciduous"/>
  <tag k="leaf_type" v="broadleaved"/>
  <tag k="natural" v="tree"/>
  <tag k="species" v="Malus domestica"/>
  <tag k="species:de" v="Kulturapfelbaum"/>
 </node>
 <node id="9383565455" visible="true" version="2" changeset="160386783" timestamp="2024-12-19T10:24:35Z" user="ch-sn" uid="38698" lat="53.2285579" lon="10.4051886">
  <tag k="defibrillator:location" v="Im Foyer"/>
  <tag k="emergency" v="defibrillator"/>
  <tag k="indoor" v="yes"/>
  <tag k="website" v="https://www.lueneburg-schockt.de/defi-standorte/detailanischt/show/5210"/>
 </node>
 <node id="9383565456" visible="true" version="1" changeset="115636184" timestamp="2022-01-01T13:26:05Z" user="KuyybGuTJT" uid="14750024" lat="53.2279274" lon="10.3994387">
  <tag k="defibrillator:location" v="Leuphana Universität Lüneburg, Campus, Hochschulsport, Studio 21,Am Empfang ACHTUNG: In der Vorlesungsfreien Zeit sind die Uhrzeiten reduziert!"/>
  <tag k="emergency" v="defibrillator"/>
  <tag k="indoor" v="yes"/>
  <tag k="website" v="https://www.lueneburg-schockt.de/defi-standorte/detailanischt/show/3891"/>
 </node>
 <node id="9383565457" visible="true" version="1" changeset="115636184" timestamp="2022-01-01T13:26:05Z" user="KuyybGuTJT" uid="14750024" lat="53.2278867" lon="10.4007785">
  <tag k="defibrillator:location" v="Leuphana Universität Lüneburg, Campus, Gebäude CB Lesesaal Bibliothek, Am Empfang ACHTUNG: In der Vorlesungsfreien Zeit sind die Uhrzeiten reduziert!"/>
  <tag k="emergency" v="defibrillator"/>
  <tag k="indoor" v="yes"/>
  <tag k="website" v="https://www.lueneburg-schockt.de/defi-standorte/detailanischt/show/3890"/>
 </node>
 <node id="9416664171" visible="true" version="1" changeset="116127796" timestamp="2022-01-13T22:55:55Z" user="KartoGrapHiti" uid="57645" lat="53.2300981" lon="10.3982109">
  <tag k="amenity" v="bicycle_parking"/>
  <tag k="bicycle_parking" v="stands"/>
  <tag k="capacity" v="12"/>
  <tag k="covered" v="no"/>
 </node>
 <node id="9713836478" visible="true" version="1" changeset="120539792" timestamp="2022-05-04T11:35:08Z" user="rupertvdk" uid="9616702" lat="53.2299907" lon="10.3992241">
  <tag k="direction" v="N"/>
  <tag k="traffic_sign" v="DE:267,1022-10"/>
 </node>
 <node id="9713836479" visible="true" version="1" changeset="120539792" timestamp="2022-05-04T11:35:08Z" user="rupertvdk" uid="9616702" lat="53.2299876" lon="10.3991115">
  <tag k="direction" v="N"/>
  <tag k="traffic_sign" v="DE:267,1022-10"/>
 </node>
 <node id="9713836480" visible="true" version="2" changeset="156109193" timestamp="2024-09-02T17:18:17Z" user="hotteliene" uid="1913655" lat="53.2300187" lon="10.3991494"/>
 <node id="9713836481" visible="true" version="1" changeset="120539792" timestamp="2022-05-04T11:35:08Z" user="rupertvdk" uid="9616702" lat="53.2296352" lon="10.3990103">
  <tag k="direction" v="E"/>
  <tag k="traffic_sign" v="DE:267"/>
 </node>
 <node id="9713836482" visible="true" version="1" changeset="120539792" timestamp="2022-05-04T11:35:08Z" user="rupertvdk" uid="9616702" lat="53.2295540" lon="10.3988900">
  <tag k="direction" v="E"/>
  <tag k="traffic_sign" v="DE:267"/>
 </node>
 <node id="9745253774" visible="true" version="1" changeset="121066360" timestamp="2022-05-16T19:18:26Z" user="ToniLeffers" uid="15637598" lat="53.2301910" lon="10.4020775">
  <tag k="direction" v="S"/>
  <tag k="traffic_sign" v="DE:250,1020-12"/>
 </node>
 <node id="9746254968" visible="true" version="1" changeset="121066495" timestamp="2022-05-16T19:22:23Z" user="ToniLeffers" uid="15637598" lat="53.2301813" lon="10.4019609">
  <tag k="direction" v="S"/>
  <tag k="traffic_sign" v="DE:136-10"/>
 </node>
 <node id="9765501718" visible="true" version="3" changeset="154927588" timestamp="2024-08-07T10:03:56Z" user="Katrin_H" uid="19336183" lat="53.2292291" lon="10.4012180">
  <tag k="amenity" v="bench"/>
  <tag k="backrest" v="no"/>
  <tag k="mapillary" v="648105386513192"/>
  <tag k="source:position" v="Mapillary 2022-01-11"/>
  <tag k="survey:date" v="2022-01-11"/>
 </node>
 <node id="9765503754" visible="true" version="2" changeset="154927588" timestamp="2024-08-07T10:04:08Z" user="Katrin_H" uid="19336183" lat="53.2292620" lon="10.4013544">
  <tag k="amenity" v="bench"/>
  <tag k="backrest" v="no"/>
  <tag k="mapillary" v="648105386513192"/>
  <tag k="source:position" v="Mapillary 2022-01-11"/>
  <tag k="survey:date" v="2022-01-11"/>
 </node>
 <node id="9765503755" visible="true" version="2" changeset="154927588" timestamp="2024-08-07T10:04:05Z" user="Katrin_H" uid="19336183" lat="53.2292491" lon="10.4013155">
  <tag k="amenity" v="bench"/>
  <tag k="backrest" v="no"/>
  <tag k="mapillary" v="648105386513192"/>
  <tag k="source:position" v="Mapillary 2022-01-11"/>
  <tag k="survey:date" v="2022-01-11"/>
 </node>
 <node id="9765503756" visible="true" version="2" changeset="154927588" timestamp="2024-08-07T10:04:01Z" user="Katrin_H" uid="19336183" lat="53.2292335" lon="10.4012673">
  <tag k="amenity" v="bench"/>
  <tag k="backrest" v="no"/>
  <tag k="mapillary" v="648105386513192"/>
  <tag k="source:position" v="Mapillary 2022-01-11"/>
  <tag k="survey:date" v="2022-01-11"/>
 </node>
 <node id="9782479268" visible="true" version="1" changeset="121727329" timestamp="2022-05-30T15:57:03Z" user="KTim" uid="75623" lat="53.2296827" lon="10.4023667"/>
 <node id="9782479269" visible="true" version="1" changeset="121727329" timestamp="2022-05-30T15:57:03Z" user="KTim" uid="75623" lat="53.2296857" lon="10.4024436"/>
 <node id="9788459939" visible="true" version="1" changeset="121814146" timestamp="2022-06-01T14:01:01Z" user="Madelaine079" uid="15989268" lat="53.2291714" lon="10.4043234"/>
 <node id="9788459940" visible="true" version="1" changeset="121814146" timestamp="2022-06-01T14:01:01Z" user="Madelaine079" uid="15989268" lat="53.2291370" lon="10.4042790"/>
 <node id="9788459941" visible="true" version="1" changeset="121814146" timestamp="2022-06-01T14:01:01Z" user="Madelaine079" uid="15989268" lat="53.2292862" lon="10.4045318"/>
 <node id="9788459942" visible="true" version="1" changeset="121814146" timestamp="2022-06-01T14:01:01Z" user="Madelaine079" uid="15989268" lat="53.2289105" lon="10.4036265"/>
 <node id="9788459943" visible="true" version="1" changeset="121814146" timestamp="2022-06-01T14:01:01Z" user="Madelaine079" uid="15989268" lat="53.2290030" lon="10.4037301"/>
 <node id="9788459944" visible="true" version="1" changeset="121814146" timestamp="2022-06-01T14:01:01Z" user="Madelaine079" uid="15989268" lat="53.2287689" lon="10.4047626"/>
 <node id="9788459945" visible="true" version="1" changeset="121814146" timestamp="2022-06-01T14:01:01Z" user="Madelaine079" uid="15989268" lat="53.2287674" lon="10.4042845"/>
 <node id="9830940639" visible="true" version="1" changeset="122578941" timestamp="2022-06-19T13:04:17Z" user="Joeschr" uid="16165726" lat="53.2220852" lon="10.4090044"/>
 <node id="10032023333" visible="true" version="2" changeset="126318847" timestamp="2022-09-18T06:21:33Z" user="sorzebs" uid="7196034" lat="53.2266618" lon="10.3980243"/>
 <node id="10032023334" visible="true" version="2" changeset="126318847" timestamp="2022-09-18T06:21:33Z" user="sorzebs" uid="7196034" lat="53.2266568" lon="10.3979909"/>
 <node id="10032023335" visible="true" version="2" changeset="126318847" timestamp="2022-09-18T06:21:33Z" user="sorzebs" uid="7196034" lat="53.2270085" lon="10.3978424"/>
 <node id="10032023336" visible="true" version="2" changeset="126318847" timestamp="2022-09-18T06:21:33Z" user="sorzebs" uid="7196034" lat="53.2270136" lon="10.3978759"/>
 <node id="10032023337" visible="true" version="2" changeset="126318847" timestamp="2022-09-18T06:21:33Z" user="sorzebs" uid="7196034" lat="53.2270507" lon="10.3978146"/>
 <node id="10032023338" visible="true" version="2" changeset="126318847" timestamp="2022-09-18T06:21:33Z" user="sorzebs" uid="7196034" lat="53.2270559" lon="10.3978489"/>
 <node id="10032023339" visible="true" version="2" changeset="126318847" timestamp="2022-09-18T06:21:33Z" user="sorzebs" uid="7196034" lat="53.2280892" lon="10.3974098"/>
 <node id="10032023340" visible="true" version="2" changeset="126318847" timestamp="2022-09-18T06:21:33Z" user="sorzebs" uid="7196034" lat="53.2280840" lon="10.3973759"/>
 <node id="10032023341" visible="true" version="2" changeset="126318847" timestamp="2022-09-18T06:21:33Z" user="sorzebs" uid="7196034" lat="53.2281316" lon="10.3974023"/>
 <node id="10032023342" visible="true" version="2" changeset="126318847" timestamp="2022-09-18T06:21:33Z" user="sorzebs" uid="7196034" lat="53.2281263" lon="10.3973671"/>
 <node id="10032023343" visible="true" version="2" changeset="126318847" timestamp="2022-09-18T06:21:33Z" user="sorzebs" uid="7196034" lat="53.2284101" lon="10.3972469"/>
 <node id="10032023344" visible="true" version="2" changeset="126318847" timestamp="2022-09-18T06:21:33Z" user="sorzebs" uid="7196034" lat="53.2284155" lon="10.3972822"/>
 <node id="10032023345" visible="true" version="2" changeset="126318847" timestamp="2022-09-18T06:21:33Z" user="sorzebs" uid="7196034" lat="53.2288184" lon="10.3970781"/>
 <node id="10032023346" visible="true" version="2" changeset="126318847" timestamp="2022-09-18T06:21:33Z" user="sorzebs" uid="7196034" lat="53.2284861" lon="10.3972158"/>
 <node id="10032023347" visible="true" version="2" changeset="126318847" timestamp="2022-09-18T06:21:33Z" user="sorzebs" uid="7196034" lat="53.2284914" lon="10.3972518"/>
 <node id="10032023348" visible="true" version="2" changeset="126318847" timestamp="2022-09-18T06:21:33Z" user="sorzebs" uid="7196034" lat="53.2288237" lon="10.3971139"/>
 <node id="10098433131" visible="true" version="1" changeset="127478220" timestamp="2022-10-13T15:57:56Z" user="KTim" uid="75623" lat="53.2319384" lon="10.3959330"/>
 <node id="10140295907" visible="true" version="1" changeset="128254644" timestamp="2022-10-30T16:30:26Z" user="KTim" uid="75623" lat="53.2331011" lon="10.4092414"/>
 <node id="10140295908" visible="true" version="2" changeset="173228796" timestamp="2025-10-13T13:43:35Z" user="hotteliene" uid="1913655" lat="53.2326858" lon="10.4049985"/>
 <node id="10140295912" visible="true" version="1" changeset="128254644" timestamp="2022-10-30T16:30:26Z" user="KTim" uid="75623" lat="53.2329912" lon="10.4082130"/>
 <node id="10140295913" visible="true" version="1" changeset="128254644" timestamp="2022-10-30T16:30:26Z" user="KTim" uid="75623" lat="53.2329057" lon="10.4072998"/>
 <node id="10140295914" visible="true" version="1" changeset="128254644" timestamp="2022-10-30T16:30:26Z" user="KTim" uid="75623" lat="53.2327269" lon="10.4054368"/>
 <node id="10537054071" visible="true" version="1" changeset="131109980" timestamp="2023-01-10T14:48:55Z" user="rupertvdk" uid="9616702" lat="53.2289943" lon="10.3999246"/>
 <node id="10537054072" visible="true" version="1" changeset="131109980" timestamp="2023-01-10T14:48:55Z" user="rupertvdk" uid="9616702" lat="53.2286834" lon="10.3999539"/>
 <node id="10537054073" visible="true" version="1" changeset="131109980" timestamp="2023-01-10T14:48:55Z" user="rupertvdk" uid="9616702" lat="53.2285743" lon="10.4000800"/>
 <node id="10719373269" visible="true" version="1" changeset="133410332" timestamp="2023-03-07T16:43:21Z" user="aseidel" uid="9616280" lat="53.2287035" lon="10.4048677"/>
 <node id="10719373270" visible="true" version="1" changeset="133410332" timestamp="2023-03-07T16:43:21Z" user="aseidel" uid="9616280" lat="53.2285014" lon="10.4038014">
  <tag k="entrance" v="restaurant"/>
  <tag k="wheelchair" v="yes"/>
 </node>
 <node id="10719373271" visible="true" version="1" changeset="133410332" timestamp="2023-03-07T16:43:21Z" user="aseidel" uid="9616280" lat="53.2294842" lon="10.4050219"/>
 <node id="10719373272" visible="true" version="1" changeset="133410332" timestamp="2023-03-07T16:43:21Z" user="aseidel" uid="9616280" lat="53.2294856" lon="10.4050707"/>
 <node id="10719373273" visible="true" version="1" changeset="133410332" timestamp="2023-03-07T16:43:21Z" user="aseidel" uid="9616280" lat="53.2294377" lon="10.4050745"/>
 <node id="10719373274" visible="true" version="1" changeset="133410332" timestamp="2023-03-07T16:43:21Z" user="aseidel" uid="9616280" lat="53.2294364" lon="10.4050257"/>
 <node id="10719373275" visible="true" version="1" changeset="133410332" timestamp="2023-03-07T16:43:21Z" user="aseidel" uid="9616280" lat="53.2294869" lon="10.4050999"/>
 <node id="10719373276" visible="true" version="1" changeset="133410332" timestamp="2023-03-07T16:43:21Z" user="aseidel" uid="9616280" lat="53.2294883" lon="10.4051488"/>
 <node id="10719373277" visible="true" version="1" changeset="133410332" timestamp="2023-03-07T16:43:21Z" user="aseidel" uid="9616280" lat="53.2294405" lon="10.4051525"/>
 <node id="10719373278" visible="true" version="1" changeset="133410332" timestamp="2023-03-07T16:43:21Z" user="aseidel" uid="9616280" lat="53.2294391" lon="10.4051037"/>
 <node id="10719373279" visible="true" version="1" changeset="133410332" timestamp="2023-03-07T16:43:21Z" user="aseidel" uid="9616280" lat="53.2294860" lon="10.4050999"/>
 <node id="10719373280" visible="true" version="1" changeset="133410332" timestamp="2023-03-07T16:43:21Z" user="aseidel" uid="9616280" lat="53.2294874" lon="10.4051488"/>
 <node id="10719373281" visible="true" version="1" changeset="133410332" timestamp="2023-03-07T16:43:21Z" user="aseidel" uid="9616280" lat="53.2294396" lon="10.4051525"/>
 <node id="10719373282" visible="true" version="1" changeset="133410332" timestamp="2023-03-07T16:43:21Z" user="aseidel" uid="9616280" lat="53.2294382" lon="10.4051037"/>
 <node id="10719373283" visible="true" version="1" changeset="133410332" timestamp="2023-03-07T16:43:21Z" user="aseidel" uid="9616280" lat="53.2294888" lon="10.4051848"/>
 <node id="10719373284" visible="true" version="1" changeset="133410332" timestamp="2023-03-07T16:43:21Z" user="aseidel" uid="9616280" lat="53.2294901" lon="10.4052336"/>
 <node id="10719373285" visible="true" version="1" changeset="133410332" timestamp="2023-03-07T16:43:21Z" user="aseidel" uid="9616280" lat="53.2294423" lon="10.4052374"/>
 <node id="10719373286" visible="true" version="1" changeset="133410332" timestamp="2023-03-07T16:43:21Z" user="aseidel" uid="9616280" lat="53.2294409" lon="10.4051885"/>
 <node id="10719373287" visible="true" version="2" changeset="152543245" timestamp="2024-06-11T13:19:34Z" user="violavoelker" uid="21602243" lat="53.2294958" lon="10.4048626">
  <tag k="barrier" v="bollard"/>
  <tag k="bollard" v="removable"/>
  <tag k="material" v="metal"/>
  <tag k="maxwidth:physical" v="1.4"/>
 </node>
 <node id="10719373288" visible="true" version="1" changeset="133410332" timestamp="2023-03-07T16:43:21Z" user="aseidel" uid="9616280" lat="53.2291485" lon="10.3990869"/>
 <node id="10719377307" visible="true" version="1" changeset="133409475" timestamp="2023-03-07T16:19:55Z" user="aseidel" uid="9616280" lat="53.2287796" lon="10.4053703"/>
 <node id="10719377308" visible="true" version="1" changeset="133409475" timestamp="2023-03-07T16:19:55Z" user="aseidel" uid="9616280" lat="53.2288263" lon="10.4053370"/>
 <node id="10719377309" visible="true" version="1" changeset="133409475" timestamp="2023-03-07T16:19:55Z" user="aseidel" uid="9616280" lat="53.2288605" lon="10.4053713"/>
 <node id="10719377310" visible="true" version="1" changeset="133409475" timestamp="2023-03-07T16:19:55Z" user="aseidel" uid="9616280" lat="53.2292611" lon="10.4053287"/>
 <node id="10719377311" visible="true" version="1" changeset="133409475" timestamp="2023-03-07T16:19:55Z" user="aseidel" uid="9616280" lat="53.2294241" lon="10.4053100"/>
 <node id="10719377312" visible="true" version="1" changeset="133409475" timestamp="2023-03-07T16:19:55Z" user="aseidel" uid="9616280" lat="53.2294228" lon="10.4052736"/>
 <node id="10719377313" visible="true" version="2" changeset="148806700" timestamp="2024-03-18T09:37:14Z" user="Steffons" uid="15210452" lat="53.2287670" lon="10.4053912"/>
 <node id="10719377314" visible="true" version="1" changeset="133409475" timestamp="2023-03-07T16:19:55Z" user="aseidel" uid="9616280" lat="53.2287939" lon="10.4053512"/>
 <node id="10719377315" visible="true" version="1" changeset="133409475" timestamp="2023-03-07T16:19:55Z" user="aseidel" uid="9616280" lat="53.2287989" lon="10.4053256"/>
 <node id="10719377316" visible="true" version="1" changeset="133409475" timestamp="2023-03-07T16:19:55Z" user="aseidel" uid="9616280" lat="53.2287914" lon="10.4053367"/>
 <node id="10719377317" visible="true" version="1" changeset="133409475" timestamp="2023-03-07T16:19:55Z" user="aseidel" uid="9616280" lat="53.2287767" lon="10.4053485">
  <tag k="barrier" v="bollard"/>
  <tag k="bicycle" v="yes"/>
 </node>
 <node id="10719377318" visible="true" version="1" changeset="133409475" timestamp="2023-03-07T16:19:55Z" user="aseidel" uid="9616280" lat="53.2287888" lon="10.4046159"/>
 <node id="10719377319" visible="true" version="2" changeset="154317001" timestamp="2024-07-23T17:16:21Z" user="hotteliene" uid="1913655" lat="53.2287784" lon="10.4031776"/>
 <node id="10719377320" visible="true" version="1" changeset="133409475" timestamp="2023-03-07T16:19:55Z" user="aseidel" uid="9616280" lat="53.2287879" lon="10.4053025"/>
 <node id="10719377321" visible="true" version="1" changeset="133409475" timestamp="2023-03-07T16:19:55Z" user="aseidel" uid="9616280" lat="53.2287668" lon="10.4053202"/>
 <node id="10719377322" visible="true" version="1" changeset="133409475" timestamp="2023-03-07T16:19:55Z" user="aseidel" uid="9616280" lat="53.2287245" lon="10.4051643"/>
 <node id="10719377323" visible="true" version="1" changeset="133409475" timestamp="2023-03-07T16:19:55Z" user="aseidel" uid="9616280" lat="53.2287363" lon="10.4048827"/>
 <node id="10719377324" visible="true" version="1" changeset="133409475" timestamp="2023-03-07T16:19:55Z" user="aseidel" uid="9616280" lat="53.2287655" lon="10.4048806"/>
 <node id="10719377325" visible="true" version="1" changeset="133409475" timestamp="2023-03-07T16:19:55Z" user="aseidel" uid="9616280" lat="53.2287537" lon="10.4051664"/>
 <node id="10719377326" visible="true" version="1" changeset="133409475" timestamp="2023-03-07T16:19:55Z" user="aseidel" uid="9616280" lat="53.2287636" lon="10.4048266"/>
 <node id="10719377327" visible="true" version="1" changeset="133409475" timestamp="2023-03-07T16:19:55Z" user="aseidel" uid="9616280" lat="53.2287630" lon="10.4044286"/>
 <node id="10719377328" visible="true" version="1" changeset="133409475" timestamp="2023-03-07T16:19:55Z" user="aseidel" uid="9616280" lat="53.2287630" lon="10.4043060"/>
 <node id="10719377329" visible="true" version="1" changeset="133409475" timestamp="2023-03-07T16:19:55Z" user="aseidel" uid="9616280" lat="53.2287599" lon="10.4034757"/>
 <node id="10719377330" visible="true" version="1" changeset="133409475" timestamp="2023-03-07T16:19:55Z" user="aseidel" uid="9616280" lat="53.2287886" lon="10.4043610"/>
 <node id="10719377331" visible="true" version="1" changeset="133409475" timestamp="2023-03-07T16:19:55Z" user="aseidel" uid="9616280" lat="53.2287892" lon="10.4043298"/>
 <node id="10719377332" visible="true" version="1" changeset="133409475" timestamp="2023-03-07T16:19:55Z" user="aseidel" uid="9616280" lat="53.2287676" lon="10.4043485"/>
 <node id="10719377333" visible="true" version="1" changeset="133409475" timestamp="2023-03-07T16:19:55Z" user="aseidel" uid="9616280" lat="53.2285311" lon="10.4039189"/>
 <node id="10719377334" visible="true" version="2" changeset="154317001" timestamp="2024-07-23T17:16:21Z" user="hotteliene" uid="1913655" lat="53.2285246" lon="10.4031991"/>
 <node id="10719377335" visible="true" version="1" changeset="133409475" timestamp="2023-03-07T16:19:55Z" user="aseidel" uid="9616280" lat="53.2281104" lon="10.4034793"/>
 <node id="10719377336" visible="true" version="1" changeset="133409475" timestamp="2023-03-07T16:19:55Z" user="aseidel" uid="9616280" lat="53.2287856" lon="10.4038333"/>
 <node id="10719377337" visible="true" version="1" changeset="133409475" timestamp="2023-03-07T16:19:55Z" user="aseidel" uid="9616280" lat="53.2285700" lon="10.4035061"/>
 <node id="10719377338" visible="true" version="1" changeset="133409475" timestamp="2023-03-07T16:19:55Z" user="aseidel" uid="9616280" lat="53.2285959" lon="10.4035461"/>
 <node id="10719377339" visible="true" version="1" changeset="133409475" timestamp="2023-03-07T16:19:55Z" user="aseidel" uid="9616280" lat="53.2285670" lon="10.4036914"/>
 <node id="10719377340" visible="true" version="1" changeset="133409475" timestamp="2023-03-07T16:19:55Z" user="aseidel" uid="9616280" lat="53.2285680" lon="10.4038400"/>
 <node id="10719377341" visible="true" version="1" changeset="133409475" timestamp="2023-03-07T16:19:55Z" user="aseidel" uid="9616280" lat="53.2286139" lon="10.4038383"/>
 <node id="10719377342" visible="true" version="1" changeset="133409475" timestamp="2023-03-07T16:19:55Z" user="aseidel" uid="9616280" lat="53.2286099" lon="10.4033959"/>
 <node id="10719377343" visible="true" version="1" changeset="133409475" timestamp="2023-03-07T16:19:55Z" user="aseidel" uid="9616280" lat="53.2285690" lon="10.4033959"/>
 <node id="10719377344" visible="true" version="1" changeset="133409475" timestamp="2023-03-07T16:19:55Z" user="aseidel" uid="9616280" lat="53.2287339" lon="10.4035628">
  <tag k="leaf_cycle" v="deciduous"/>
  <tag k="leaf_type" v="broadleaved"/>
  <tag k="natural" v="tree"/>
 </node>
 <node id="10719377345" visible="true" version="1" changeset="133409475" timestamp="2023-03-07T16:19:55Z" user="aseidel" uid="9616280" lat="53.2287059" lon="10.4036162">
  <tag k="leaf_cycle" v="deciduous"/>
  <tag k="leaf_type" v="broadleaved"/>
  <tag k="natural" v="tree"/>
 </node>
 <node id="10719377346" visible="true" version="1" changeset="133409475" timestamp="2023-03-07T16:19:55Z" user="aseidel" uid="9616280" lat="53.2287149" lon="10.4036814">
  <tag k="leaf_cycle" v="deciduous"/>
  <tag k="leaf_type" v="broadleaved"/>
  <tag k="natural" v="tree"/>
 </node>
 <node id="10719377347" visible="true" version="1" changeset="133409475" timestamp="2023-03-07T16:19:55Z" user="aseidel" uid="9616280" lat="53.2287439" lon="10.4037849">
  <tag k="leaf_cycle" v="deciduous"/>
  <tag k="leaf_type" v="broadleaved"/>
  <tag k="natural" v="tree"/>
 </node>
 <node id="10719377348" visible="true" version="1" changeset="133409475" timestamp="2023-03-07T16:19:55Z" user="aseidel" uid="9616280" lat="53.2286749" lon="10.4032273"/>
 <node id="10719377349" visible="true" version="1" changeset="133409475" timestamp="2023-03-07T16:19:55Z" user="aseidel" uid="9616280" lat="53.2285769" lon="10.4032356"/>
 <node id="10719377350" visible="true" version="3" changeset="154317001" timestamp="2024-07-23T17:16:21Z" user="hotteliene" uid="1913655" lat="53.2286488" lon="10.4032316">
  <tag k="barrier" v="bollard"/>
  <tag k="bollard" v="removable"/>
  <tag k="material" v="metal"/>
  <tag k="maxwidth:physical" v="1.4"/>
 </node>
 <node id="10719377351" visible="true" version="1" changeset="133409475" timestamp="2023-03-07T16:19:55Z" user="aseidel" uid="9616280" lat="53.2276100" lon="10.4020226">
  <tag k="direction" v="S"/>
  <tag k="mapillary" v="371721511595574"/>
  <tag k="traffic_sign" v="DE:325"/>
 </node>
 <node id="10719377352" visible="true" version="1" changeset="133409475" timestamp="2023-03-07T16:19:55Z" user="aseidel" uid="9616280" lat="53.2276226" lon="10.4019765"/>
 <node id="10719377353" visible="true" version="1" changeset="133409475" timestamp="2023-03-07T16:19:55Z" user="aseidel" uid="9616280" lat="53.2275915" lon="10.4018956"/>
 <node id="10719377354" visible="true" version="1" changeset="133409475" timestamp="2023-03-07T16:19:55Z" user="aseidel" uid="9616280" lat="53.2275346" lon="10.4004415"/>
 <node id="10719377355" visible="true" version="1" changeset="133409475" timestamp="2023-03-07T16:19:55Z" user="aseidel" uid="9616280" lat="53.2275496" lon="10.4004114"/>
 <node id="10719377356" visible="true" version="1" changeset="133409475" timestamp="2023-03-07T16:19:55Z" user="aseidel" uid="9616280" lat="53.2280273" lon="10.4003680"/>
 <node id="10719377357" visible="true" version="2" changeset="176966564" timestamp="2026-01-08T02:16:01Z" user="hotteliene" uid="1913655" lat="53.2274533" lon="10.4006711"/>
 <node id="10719377358" visible="true" version="2" changeset="176966564" timestamp="2026-01-08T02:16:01Z" user="hotteliene" uid="1913655" lat="53.2274837" lon="10.4006444"/>
 <node id="10719377359" visible="true" version="1" changeset="133409475" timestamp="2023-03-07T16:19:55Z" user="aseidel" uid="9616280" lat="53.2275384" lon="10.4005401"/>
 <node id="10719377360" visible="true" version="1" changeset="133409475" timestamp="2023-03-07T16:19:55Z" user="aseidel" uid="9616280" lat="53.2278334" lon="10.4000842"/>
 <node id="10719377361" visible="true" version="1" changeset="133409475" timestamp="2023-03-07T16:19:55Z" user="aseidel" uid="9616280" lat="53.2279573" lon="10.4002395"/>
 <node id="10719377363" visible="true" version="2" changeset="176966564" timestamp="2026-01-08T02:16:01Z" user="hotteliene" uid="1913655" lat="53.2276221" lon="10.4000483"/>
 <node id="10719377364" visible="true" version="1" changeset="133409475" timestamp="2023-03-07T16:19:55Z" user="aseidel" uid="9616280" lat="53.2276445" lon="10.4000974"/>
 <node id="10719377365" visible="true" version="1" changeset="133409475" timestamp="2023-03-07T16:19:55Z" user="aseidel" uid="9616280" lat="53.2278774" lon="10.4000346"/>
 <node id="10719377366" visible="true" version="1" changeset="133409475" timestamp="2023-03-07T16:19:55Z" user="aseidel" uid="9616280" lat="53.2282272" lon="10.3999959"/>
 <node id="10719377367" visible="true" version="1" changeset="133409475" timestamp="2023-03-07T16:19:55Z" user="aseidel" uid="9616280" lat="53.2283251" lon="10.3995377"/>
 <node id="10719377368" visible="true" version="2" changeset="154317001" timestamp="2024-07-23T17:16:21Z" user="hotteliene" uid="1913655" lat="53.2281500" lon="10.4005133"/>
 <node id="10719377369" visible="true" version="4" changeset="152884638" timestamp="2024-06-19T09:09:07Z" user="carlottacordes" uid="21551910" lat="53.2290960" lon="10.3975904">
  <tag k="barrier" v="block"/>
  <tag k="material" v="stone"/>
  <tag k="maxwidth:physical" v="1.6"/>
 </node>
 <node id="10720761067" visible="true" version="1" changeset="133432859" timestamp="2023-03-08T09:29:49Z" user="aseidel" uid="9616280" lat="53.2278903" lon="10.4052620">
  <tag k="direction" v="E;W"/>
  <tag k="traffic_sign" v="DE:325.1;DE:325.2"/>
 </node>
 <node id="10720761068" visible="true" version="1" changeset="133432859" timestamp="2023-03-08T09:29:49Z" user="aseidel" uid="9616280" lat="53.2277091" lon="10.4052879">
  <tag k="direction" v="E;W"/>
  <tag k="traffic_sign" v="DE:325.1;DE:325.2"/>
 </node>
 <node id="10720761069" visible="true" version="1" changeset="133432859" timestamp="2023-03-08T09:29:49Z" user="aseidel" uid="9616280" lat="53.2300699" lon="10.4029761">
  <tag k="direction" v="N;S"/>
  <tag k="traffic_sign" v="DE:325.1;DE:325.2"/>
 </node>
 <node id="10720761070" visible="true" version="2" changeset="159365067" timestamp="2024-11-20T13:03:26Z" user="aseidel" uid="9616280" lat="53.2298713" lon="10.3971667">
  <tag k="direction" v="N;S"/>
  <tag k="mapillary" v="24974465865501922"/>
  <tag k="traffic_sign" v="DE:325.1;DE:325.2"/>
 </node>
 <node id="10750730981" visible="true" version="1" changeset="133939018" timestamp="2023-03-21T12:36:17Z" user="aseidel" uid="9616280" lat="53.2296367" lon="10.3973280"/>
 <node id="10750730982" visible="true" version="2" changeset="133940564" timestamp="2023-03-21T13:14:06Z" user="aseidel" uid="9616280" lat="53.2294014" lon="10.3986260">
  <tag k="door" v="automatic"/>
  <tag k="entrance" v="yes"/>
  <tag k="wheelchair" v="yes"/>
 </node>
 <node id="10750730983" visible="true" version="1" changeset="133939018" timestamp="2023-03-21T12:36:17Z" user="aseidel" uid="9616280" lat="53.2294880" lon="10.3986723">
  <tag k="entrance" v="yes"/>
  <tag k="wheelchair" v="no"/>
 </node>
 <node id="10750730984" visible="true" version="1" changeset="133939018" timestamp="2023-03-21T12:36:17Z" user="aseidel" uid="9616280" lat="53.2296328" lon="10.4011230">
  <tag k="door" v="automatic"/>
  <tag k="entrance" v="yes"/>
  <tag k="wheelchair" v="yes"/>
 </node>
 <node id="10750730985" visible="true" version="1" changeset="133939018" timestamp="2023-03-21T12:36:17Z" user="aseidel" uid="9616280" lat="53.2291118" lon="10.4030337">
  <tag k="entrance" v="yes"/>
 </node>
 <node id="10750730986" visible="true" version="1" changeset="133939018" timestamp="2023-03-21T12:36:17Z" user="aseidel" uid="9616280" lat="53.2288356" lon="10.4030580">
  <tag k="entrance" v="yes"/>
  <tag k="wheelchair" v="no"/>
 </node>
 <node id="10750730987" visible="true" version="1" changeset="133939018" timestamp="2023-03-21T12:36:17Z" user="aseidel" uid="9616280" lat="53.2296358" lon="10.3986085">
  <tag k="entrance" v="yes"/>
  <tag k="wheelchair" v="yes"/>
 </node>
 <node id="10750730988" visible="true" version="1" changeset="133939018" timestamp="2023-03-21T12:36:17Z" user="aseidel" uid="9616280" lat="53.2287982" lon="10.4003461">
  <tag k="entrance" v="yes"/>
  <tag k="wheelchair" v="no"/>
 </node>
 <node id="10750862814" visible="true" version="1" changeset="133940564" timestamp="2023-03-21T13:14:06Z" user="aseidel" uid="9616280" lat="53.2301128" lon="10.4024159"/>
 <node id="10750862815" visible="true" version="1" changeset="133940564" timestamp="2023-03-21T13:14:06Z" user="aseidel" uid="9616280" lat="53.2300704" lon="10.4024205"/>
 <node id="11225363940" visible="true" version="3" changeset="171065970" timestamp="2025-08-27T08:05:42Z" user="ch-sn" uid="38698" lat="53.2295616" lon="10.3989790">
  <tag k="amenity" v="bicycle_repair_station"/>
  <tag k="service:bicycle:chain_tool" v="no"/>
  <tag k="service:bicycle:pump" v="yes"/>
  <tag k="service:bicycle:stand" v="yes"/>
  <tag k="service:bicycle:tools" v="yes"/>
 </node>
 <node id="11293228869" visible="true" version="1" changeset="143211793" timestamp="2023-10-27T13:29:16Z" user="Kokorox" uid="6396943" lat="53.2293030" lon="10.4015240">
  <tag k="name" v="Gondel"/>
  <tag k="shop" v="coffee"/>
 </node>
 <node id="11554630682" visible="true" version="2" changeset="154317001" timestamp="2024-07-23T17:16:21Z" user="hotteliene" uid="1913655" lat="53.2301901" lon="10.4020065">
  <tag k="direction" v="backward"/>
  <tag k="highway" v="give_way"/>
 </node>
 <node id="11554630683" visible="true" version="2" changeset="154317001" timestamp="2024-07-23T17:16:21Z" user="hotteliene" uid="1913655" lat="53.2303565" lon="10.4019908"/>
 <node id="11554630684" visible="true" version="1" changeset="146720482" timestamp="2024-01-26T18:21:28Z" user="hotteliene" uid="1913655" lat="53.2302945" lon="10.4051670"/>
 <node id="11554630685" visible="true" version="2" changeset="156109193" timestamp="2024-09-02T17:18:17Z" user="hotteliene" uid="1913655" lat="53.2301487" lon="10.4000984">
  <tag k="direction" v="backward"/>
  <tag k="highway" v="give_way"/>
 </node>
 <node id="11613041148" visible="true" version="3" changeset="175187442" timestamp="2025-11-27T08:47:41Z" user="Ræume" uid="21522606" lat="53.2285073" lon="10.4025380">
  <tag k="amenity" v="car_sharing"/>
  <tag k="capacity" v="4"/>
  <tag k="name" v="Universität"/>
  <tag k="operator" v="cambio CarSharing"/>
  <tag k="operator:short" v="Cambio"/>
  <tag k="operator:type" v="private"/>
  <tag k="operator:wikidata" v="Q1028155"/>
  <tag k="short_name" v="Cambio"/>
  <tag k="website" v="https://www.cambio-carsharing.de"/>
 </node>
 <node id="11618201176" visible="true" version="1" changeset="147400834" timestamp="2024-02-13T09:41:48Z" user="Till_btn" uid="16371836" lat="53.2284889" lon="10.4030208">
  <tag k="authentication:membership_card" v="yes"/>
  <tag k="capacity" v="2"/>
  <tag k="fee" v="yes"/>
  <tag k="man_made" v="charge_point"/>
  <tag k="motorcar" v="yes"/>
  <tag k="opening_hours" v="24/7"/>
  <tag k="operator" v="Lünestrom"/>
  <tag k="parking:fee" v="no"/>
  <tag k="socket:type2" v="2"/>
  <tag k="socket:type2:output" v="22 kW"/>
 </node>
 <node id="11618201177" visible="true" version="1" changeset="147400834" timestamp="2024-02-13T09:41:48Z" user="Till_btn" uid="16371836" lat="53.2285326" lon="10.4030174">
  <tag k="authentication:membership_card" v="yes"/>
  <tag k="capacity" v="2"/>
  <tag k="fee" v="yes"/>
  <tag k="man_made" v="charge_point"/>
  <tag k="motorcar" v="yes"/>
  <tag k="opening_hours" v="24/7"/>
  <tag k="operator" v="Lünestrom"/>
  <tag k="parking:fee" v="no"/>
  <tag k="socket:type2" v="2"/>
  <tag k="socket:type2:output" v="22 kW"/>
 </node>
 <node id="11618201178" visible="true" version="1" changeset="147400834" timestamp="2024-02-13T09:41:48Z" user="Till_btn" uid="16371836" lat="53.2284568" lon="10.4029791"/>
 <node id="11618201179" visible="true" version="1" changeset="147400834" timestamp="2024-02-13T09:41:48Z" user="Till_btn" uid="16371836" lat="53.2284589" lon="10.4030375"/>
 <node id="11618201180" visible="true" version="1" changeset="147400834" timestamp="2024-02-13T09:41:48Z" user="Till_btn" uid="16371836" lat="53.2285608" lon="10.4030273"/>
 <node id="11618201181" visible="true" version="1" changeset="147400834" timestamp="2024-02-13T09:41:48Z" user="Till_btn" uid="16371836" lat="53.2285587" lon="10.4029690"/>
 <node id="11740741582" visible="true" version="1" changeset="148806700" timestamp="2024-03-18T09:37:14Z" user="Steffons" uid="15210452" lat="53.2269342" lon="10.4054750">
  <tag k="direction" v="SW"/>
  <tag k="mapillary" v="407799135204017"/>
  <tag k="traffic_sign" v="DE:239,1022-10"/>
 </node>
 <node id="11740741584" visible="true" version="1" changeset="148806700" timestamp="2024-03-18T09:37:14Z" user="Steffons" uid="15210452" lat="53.2278916" lon="10.4053737">
  <tag k="direction" v="NE"/>
  <tag k="mapillary" v="930339478539897"/>
  <tag k="traffic_sign" v="DE:239"/>
 </node>
 <node id="11740741586" visible="true" version="1" changeset="148806700" timestamp="2024-03-18T09:37:14Z" user="Steffons" uid="15210452" lat="53.2295498" lon="10.4052906">
  <tag k="direction" v="S"/>
  <tag k="mapillary" v="1505987283280277"/>
  <tag k="traffic_sign" v="1000-32"/>
 </node>
 <node id="11740741587" visible="true" version="1" changeset="148806700" timestamp="2024-03-18T09:37:14Z" user="Steffons" uid="15210452" lat="53.2301346" lon="10.4052490">
  <tag k="direction" v="N"/>
  <tag k="mapillary" v="24943749121940097"/>
  <tag k="traffic_sign" v="DE:239,1022-10"/>
 </node>
 <node id="11771241315" visible="true" version="1" changeset="149309240" timestamp="2024-03-29T12:05:56Z" user="jp_spino" uid="20650565" lat="53.2293015" lon="10.4032707"/>
 <node id="11771241316" visible="true" version="1" changeset="149309240" timestamp="2024-03-29T12:05:56Z" user="jp_spino" uid="20650565" lat="53.2293042" lon="10.4033383"/>
 <node id="11771241317" visible="true" version="1" changeset="149309240" timestamp="2024-03-29T12:05:56Z" user="jp_spino" uid="20650565" lat="53.2291378" lon="10.4033578"/>
 <node id="11771241318" visible="true" version="1" changeset="149309240" timestamp="2024-03-29T12:05:56Z" user="jp_spino" uid="20650565" lat="53.2291396" lon="10.4032842"/>
 <node id="11958069752" visible="true" version="4" changeset="159365067" timestamp="2024-11-20T13:03:26Z" user="aseidel" uid="9616280" lat="53.2281621" lon="10.3979783">
  <tag k="direction" v="SSE;NNW"/>
  <tag k="mapillary" v="586213427313276;562811013064017"/>
  <tag k="traffic_sign" v="DE:267;DE:209-10"/>
 </node>
 <node id="11958551137" visible="true" version="1" changeset="152290525" timestamp="2024-06-05T14:18:31Z" user="aseidel" uid="9616280" lat="53.2281621" lon="10.3979343"/>
 <node id="11971902063" visible="true" version="1" changeset="152540126" timestamp="2024-06-11T12:05:05Z" user="aseidel" uid="9616280" lat="53.2274744" lon="10.4019088">
  <tag k="direction" v="E"/>
  <tag k="mapillary" v="3722280801349274"/>
  <tag k="traffic_sign" v="DE:245,1022-10"/>
 </node>
 <node id="11971902064" visible="true" version="1" changeset="152540126" timestamp="2024-06-11T12:05:05Z" user="aseidel" uid="9616280" lat="53.2275276" lon="10.4018999">
  <tag k="direction" v="E"/>
  <tag k="mapillary" v="3722280801349274"/>
  <tag k="traffic_sign" v="DE:245,1022-10"/>
 </node>
 <node id="11971902065" visible="true" version="1" changeset="152540126" timestamp="2024-06-11T12:05:05Z" user="aseidel" uid="9616280" lat="53.2274404" lon="10.4010339">
  <tag k="direction" v="W"/>
  <tag k="mapillary" v="164328816110726"/>
  <tag k="traffic_sign" v="DE:267,1022-10"/>
 </node>
 <node id="11971902066" visible="true" version="1" changeset="152540126" timestamp="2024-06-11T12:05:05Z" user="aseidel" uid="9616280" lat="53.2274957" lon="10.4010180">
  <tag k="direction" v="W"/>
  <tag k="mapillary" v="164328816110726"/>
  <tag k="traffic_sign" v="DE:267,1022-10"/>
 </node>
 <node id="11971902067" visible="true" version="1" changeset="152540126" timestamp="2024-06-11T12:05:05Z" user="aseidel" uid="9616280" lat="53.2274643" lon="10.4010109"/>
 <node id="11972012082" visible="true" version="1" changeset="152541260" timestamp="2024-06-11T12:30:19Z" user="aseidel" uid="9616280" lat="53.2267527" lon="10.4036065"/>
 <node id="11972012083" visible="true" version="1" changeset="152541260" timestamp="2024-06-11T12:30:19Z" user="aseidel" uid="9616280" lat="53.2268115" lon="10.4035599"/>
 <node id="11972012084" visible="true" version="1" changeset="152541260" timestamp="2024-06-11T12:30:19Z" user="aseidel" uid="9616280" lat="53.2274620" lon="10.4034991"/>
 <node id="11972012085" visible="true" version="1" changeset="152541260" timestamp="2024-06-11T12:30:19Z" user="aseidel" uid="9616280" lat="53.2275356" lon="10.4034965"/>
 <node id="11972012086" visible="true" version="1" changeset="152541260" timestamp="2024-06-11T12:30:19Z" user="aseidel" uid="9616280" lat="53.2275767" lon="10.4034836"/>
 <node id="11972012087" visible="true" version="1" changeset="152541260" timestamp="2024-06-11T12:30:19Z" user="aseidel" uid="9616280" lat="53.2275930" lon="10.4034249"/>
 <node id="11972023050" visible="true" version="1" changeset="152541990" timestamp="2024-06-11T12:49:41Z" user="violavoelker" uid="21602243" lat="53.2282197" lon="10.4032249">
  <tag k="barrier" v="bollard"/>
  <tag k="bollard" v="removable"/>
  <tag k="maxwidth:physical" v="1.47"/>
 </node>
 <node id="12009180098" visible="true" version="1" changeset="153146348" timestamp="2024-06-25T08:50:09Z" user="aseidel" uid="9616280" lat="53.2277494" lon="10.4019670">
  <tag k="barrier" v="bollard"/>
  <tag k="bollard" v="removable"/>
  <tag k="mapillary" v="3456101484669629"/>
  <tag k="material" v="metal"/>
  <tag k="maxwidth:physical" v="1.3"/>
 </node>
 <node id="12011755902" visible="true" version="1" changeset="153186591" timestamp="2024-06-26T06:49:21Z" user="Gesa R" uid="21599260" lat="53.2270582" lon="10.4034362"/>
 <node id="12012291704" visible="true" version="1" changeset="153199617" timestamp="2024-06-26T12:10:09Z" user="aseidel" uid="9616280" lat="53.2268880" lon="10.4053918"/>
 <node id="12045935999" visible="true" version="1" changeset="153780823" timestamp="2024-07-10T11:55:46Z" user="jp_spino" uid="20650565" lat="53.2284952" lon="10.3998687"/>
 <node id="12045936000" visible="true" version="1" changeset="153780823" timestamp="2024-07-10T11:55:46Z" user="jp_spino" uid="20650565" lat="53.2284863" lon="10.3992861"/>
 <node id="12045936001" visible="true" version="1" changeset="153780823" timestamp="2024-07-10T11:55:46Z" user="jp_spino" uid="20650565" lat="53.2283697" lon="10.3992795"/>
 <node id="12045936002" visible="true" version="1" changeset="153780823" timestamp="2024-07-10T11:55:46Z" user="jp_spino" uid="20650565" lat="53.2283104" lon="10.3995601"/>
 <node id="12045936003" visible="true" version="1" changeset="153780823" timestamp="2024-07-10T11:55:46Z" user="jp_spino" uid="20650565" lat="53.2279448" lon="10.3995832"/>
 <node id="12045936004" visible="true" version="1" changeset="153780823" timestamp="2024-07-10T11:55:46Z" user="jp_spino" uid="20650565" lat="53.2279448" lon="10.3996987"/>
 <node id="12045936005" visible="true" version="1" changeset="153780823" timestamp="2024-07-10T11:55:46Z" user="jp_spino" uid="20650565" lat="53.2277620" lon="10.3997301"/>
 <node id="12045936006" visible="true" version="1" changeset="153780823" timestamp="2024-07-10T11:55:46Z" user="jp_spino" uid="20650565" lat="53.2277464" lon="10.4000903"/>
 <node id="12045936007" visible="true" version="1" changeset="153780823" timestamp="2024-07-10T11:55:46Z" user="jp_spino" uid="20650565" lat="53.2276938" lon="10.4001081"/>
 <node id="12045936008" visible="true" version="1" changeset="153780823" timestamp="2024-07-10T11:55:46Z" user="jp_spino" uid="20650565" lat="53.2276980" lon="10.4003979"/>
 <node id="12045936009" visible="true" version="1" changeset="153780823" timestamp="2024-07-10T11:55:46Z" user="jp_spino" uid="20650565" lat="53.2281120" lon="10.4004697"/>
 <node id="12045936010" visible="true" version="1" changeset="153780823" timestamp="2024-07-10T11:55:46Z" user="jp_spino" uid="20650565" lat="53.2283588" lon="10.4004217"/>
 <node id="12045936011" visible="true" version="1" changeset="153780823" timestamp="2024-07-10T11:55:46Z" user="jp_spino" uid="20650565" lat="53.2282788" lon="10.4001889"/>
 <node id="12045936012" visible="true" version="1" changeset="153780823" timestamp="2024-07-10T11:55:46Z" user="jp_spino" uid="20650565" lat="53.2282699" lon="10.4001328"/>
 <node id="12045936013" visible="true" version="1" changeset="153780823" timestamp="2024-07-10T11:55:46Z" user="jp_spino" uid="20650565" lat="53.2282758" lon="10.4000767"/>
 <node id="12045936014" visible="true" version="1" changeset="153780823" timestamp="2024-07-10T11:55:46Z" user="jp_spino" uid="20650565" lat="53.2282906" lon="10.4000239"/>
 <node id="12045936015" visible="true" version="1" changeset="153780823" timestamp="2024-07-10T11:55:46Z" user="jp_spino" uid="20650565" lat="53.2283301" lon="10.3999810"/>
 <node id="12070256475" visible="true" version="1" changeset="154317001" timestamp="2024-07-23T17:16:21Z" user="hotteliene" uid="1913655" lat="53.2280869" lon="10.4004592"/>
 <node id="12070256476" visible="true" version="1" changeset="154317001" timestamp="2024-07-23T17:16:21Z" user="hotteliene" uid="1913655" lat="53.2281553" lon="10.4004083"/>
 <node id="12070256477" visible="true" version="1" changeset="154317001" timestamp="2024-07-23T17:16:21Z" user="hotteliene" uid="1913655" lat="53.2284475" lon="10.4054113"/>
 <node id="12070256478" visible="true" version="1" changeset="154317001" timestamp="2024-07-23T17:16:21Z" user="hotteliene" uid="1913655" lat="53.2284515" lon="10.4053630"/>
 <node id="12070256479" visible="true" version="1" changeset="154317001" timestamp="2024-07-23T17:16:21Z" user="hotteliene" uid="1913655" lat="53.2284652" lon="10.4053275"/>
 <node id="12070256480" visible="true" version="1" changeset="154317001" timestamp="2024-07-23T17:16:21Z" user="hotteliene" uid="1913655" lat="53.2284893" lon="10.4053016"/>
 <node id="12070256481" visible="true" version="1" changeset="154317001" timestamp="2024-07-23T17:16:21Z" user="hotteliene" uid="1913655" lat="53.2286603" lon="10.4052973"/>
 <node id="12070256482" visible="true" version="1" changeset="154317001" timestamp="2024-07-23T17:16:21Z" user="hotteliene" uid="1913655" lat="53.2286775" lon="10.4053211"/>
 <node id="12070256483" visible="true" version="1" changeset="154317001" timestamp="2024-07-23T17:16:21Z" user="hotteliene" uid="1913655" lat="53.2286892" lon="10.4053878"/>
 <node id="12070256484" visible="true" version="1" changeset="154317001" timestamp="2024-07-23T17:16:21Z" user="hotteliene" uid="1913655" lat="53.2286896" lon="10.4052396"/>
 <node id="12092274576" visible="true" version="1" changeset="154825601" timestamp="2024-08-04T18:35:13Z" user="OSM_RogerWilco" uid="10114909" lat="53.2300898" lon="10.4054032">
  <tag k="highway" v="traffic_signals"/>
  <tag k="traffic_signals:direction" v="forward"/>
 </node>
 <node id="12092274577" visible="true" version="1" changeset="154825601" timestamp="2024-08-04T18:35:13Z" user="OSM_RogerWilco" uid="10114909" lat="53.2301836" lon="10.4052530"/>
 <node id="12092274578" visible="true" version="1" changeset="154825601" timestamp="2024-08-04T18:35:13Z" user="OSM_RogerWilco" uid="10114909" lat="53.2302590" lon="10.4051544">
  <tag k="highway" v="traffic_signals"/>
  <tag k="traffic_signals:direction" v="backward"/>
 </node>
 <node id="12097040115" visible="true" version="1" changeset="154933252" timestamp="2024-08-07T12:13:51Z" user="Katrin_H" uid="19336183" lat="53.2274558" lon="10.4007591">
  <tag k="barrier" v="bollard"/>
  <tag k="bollard" v="rising"/>
 </node>
 <node id="12151973514" visible="true" version="1" changeset="156109193" timestamp="2024-09-02T17:18:17Z" user="hotteliene" uid="1913655" lat="53.2302930" lon="10.4000849"/>
 <node id="12357850840" visible="true" version="1" changeset="159359811" timestamp="2024-11-20T10:38:02Z" user="aseidel" uid="9616280" lat="53.2300499" lon="10.4017511">
  <tag k="direction" v="N"/>
  <tag k="mapillary" v="796089898780183"/>
  <tag k="traffic_sign" v="DE:325,1022-10,1026-35"/>
 </node>
 <node id="12357889203" visible="true" version="1" changeset="159360673" timestamp="2024-11-20T11:01:14Z" user="aseidel" uid="9616280" lat="53.2278026" lon="10.4052944"/>
 <node id="12358110623" visible="true" version="1" changeset="159365067" timestamp="2024-11-20T13:03:26Z" user="aseidel" uid="9616280" lat="53.2298835" lon="10.3972992">
  <tag k="direction" v="N;S"/>
  <tag k="mapillary" v="24974465865501922"/>
  <tag k="traffic_sign" v="DE:325.1;DE:325.2"/>
 </node>
 <node id="12358110624" visible="true" version="2" changeset="165013410" timestamp="2025-04-16T06:58:41Z" user="aseidel" uid="9616280" lat="53.2298707" lon="10.3971684">
  <tag k="direction" v="N"/>
  <tag k="mapillary" v="24974465865501922"/>
  <tag k="removed:traffic_sign" v="DE:220"/>
 </node>
 <node id="12361782054" visible="true" version="1" changeset="159412505" timestamp="2024-11-21T14:29:28Z" user="OSM_RogerWilco" uid="10114909" lat="53.2290953" lon="10.3975754">
  <tag k="barrier" v="kerb"/>
  <tag k="check_date" v="2024-05-22"/>
  <tag k="kerb" v="lowered"/>
  <tag k="tactile_paving" v="no"/>
 </node>
 <node id="12400201474" visible="true" version="1" changeset="159994874" timestamp="2024-12-06T13:38:29Z" user="Tuiui" uid="10072222" lat="53.2272995" lon="10.4036912">
  <tag k="colour" v="white"/>
  <tag k="man_made" v="chimney"/>
  <tag k="material" v="metal"/>
  <tag k="source" v="survey"/>
 </node>
 <node id="12438442897" visible="true" version="1" changeset="160465021" timestamp="2024-12-21T10:53:59Z" user="Till_btn" uid="16371836" lat="53.2281635" lon="10.3983960">
  <tag k="amenity" v="waste_basket"/>
 </node>
 <node id="12438442898" visible="true" version="1" changeset="160465021" timestamp="2024-12-21T10:53:59Z" user="Till_btn" uid="16371836" lat="53.2281745" lon="10.3986855">
  <tag k="amenity" v="waste_basket"/>
 </node>
 <node id="12438442899" visible="true" version="1" changeset="160465021" timestamp="2024-12-21T10:53:59Z" user="Till_btn" uid="16371836" lat="53.2281855" lon="10.3989740">
  <tag k="amenity" v="waste_basket"/>
 </node>
 <node id="12438442900" visible="true" version="1" changeset="160465021" timestamp="2024-12-21T10:53:59Z" user="Till_btn" uid="16371836" lat="53.2283361" lon="10.3991443">
  <tag k="amenity" v="waste_basket"/>
 </node>
 <node id="12438479901" visible="true" version="1" changeset="160465021" timestamp="2024-12-21T10:53:59Z" user="Till_btn" uid="16371836" lat="53.2283707" lon="10.3990648">
  <tag k="amenity" v="waste_basket"/>
 </node>
 <node id="12438479902" visible="true" version="1" changeset="160465021" timestamp="2024-12-21T10:53:59Z" user="Till_btn" uid="16371836" lat="53.2283943" lon="10.3991708">
  <tag k="amenity" v="waste_basket"/>
 </node>
 <node id="12438488256" visible="true" version="1" changeset="160465765" timestamp="2024-12-21T11:18:25Z" user="Till_btn" uid="16371836" lat="53.2282979" lon="10.3987836"/>
 <node id="12438488257" visible="true" version="1" changeset="160465765" timestamp="2024-12-21T11:18:25Z" user="Till_btn" uid="16371836" lat="53.2282831" lon="10.3988068"/>
 <node id="12438488258" visible="true" version="1" changeset="160465765" timestamp="2024-12-21T11:18:25Z" user="Till_btn" uid="16371836" lat="53.2282700" lon="10.3988084"/>
 <node id="12438488259" visible="true" version="1" changeset="160465765" timestamp="2024-12-21T11:18:25Z" user="Till_btn" uid="16371836" lat="53.2282698" lon="10.3987842"/>
 <node id="12438488260" visible="true" version="1" changeset="160465765" timestamp="2024-12-21T11:18:25Z" user="Till_btn" uid="16371836" lat="53.2282829" lon="10.3987839"/>
 <node id="12438488261" visible="true" version="1" changeset="160465765" timestamp="2024-12-21T11:18:25Z" user="Till_btn" uid="16371836" lat="53.2282940" lon="10.3987837"/>
 <node id="12438488262" visible="true" version="1" changeset="160465765" timestamp="2024-12-21T11:18:25Z" user="Till_btn" uid="16371836" lat="53.2282941" lon="10.3988062"/>
 <node id="12438488263" visible="true" version="1" changeset="160465765" timestamp="2024-12-21T11:18:25Z" user="Till_btn" uid="16371836" lat="53.2282953" lon="10.3988301"/>
 <node id="12438488264" visible="true" version="1" changeset="160465765" timestamp="2024-12-21T11:18:25Z" user="Till_btn" uid="16371836" lat="53.2282954" lon="10.3988515"/>
 <node id="12438488265" visible="true" version="1" changeset="160465765" timestamp="2024-12-21T11:18:25Z" user="Till_btn" uid="16371836" lat="53.2282837" lon="10.3988517"/>
 <node id="12438488266" visible="true" version="1" changeset="160465765" timestamp="2024-12-21T11:18:25Z" user="Till_btn" uid="16371836" lat="53.2282719" lon="10.3988519"/>
 <node id="12438488267" visible="true" version="1" changeset="160465765" timestamp="2024-12-21T11:18:25Z" user="Till_btn" uid="16371836" lat="53.2282718" lon="10.3988293"/>
 <node id="12438488268" visible="true" version="1" changeset="160465765" timestamp="2024-12-21T11:18:25Z" user="Till_btn" uid="16371836" lat="53.2282684" lon="10.3988181"/>
 <node id="12438488269" visible="true" version="1" changeset="160465765" timestamp="2024-12-21T11:18:25Z" user="Till_btn" uid="16371836" lat="53.2282997" lon="10.3988175"/>
 <node id="12438488270" visible="true" version="1" changeset="160465765" timestamp="2024-12-21T11:18:25Z" user="Till_btn" uid="16371836" lat="53.2282355" lon="10.3988601"/>
 <node id="12438488271" visible="true" version="1" changeset="160465765" timestamp="2024-12-21T11:18:25Z" user="Till_btn" uid="16371836" lat="53.2282352" lon="10.3988098"/>
 <node id="12438488272" visible="true" version="1" changeset="160465765" timestamp="2024-12-21T11:18:25Z" user="Till_btn" uid="16371836" lat="53.2282478" lon="10.3988599"/>
 <node id="12438488273" visible="true" version="1" changeset="160465765" timestamp="2024-12-21T11:18:25Z" user="Till_btn" uid="16371836" lat="53.2282474" lon="10.3988096"/>
 <node id="12438488274" visible="true" version="1" changeset="160465765" timestamp="2024-12-21T11:18:25Z" user="Till_btn" uid="16371836" lat="53.2283198" lon="10.3988759"/>
 <node id="12438488275" visible="true" version="1" changeset="160465765" timestamp="2024-12-21T11:18:25Z" user="Till_btn" uid="16371836" lat="53.2282211" lon="10.3988841"/>
 <node id="12438488276" visible="true" version="1" changeset="160465765" timestamp="2024-12-21T11:18:25Z" user="Till_btn" uid="16371836" lat="53.2282173" lon="10.3987556"/>
 <node id="12438488277" visible="true" version="1" changeset="160465765" timestamp="2024-12-21T11:18:25Z" user="Till_btn" uid="16371836" lat="53.2283160" lon="10.3987474"/>
 <node id="12475452845" visible="true" version="1" changeset="161016947" timestamp="2025-01-05T11:42:04Z" user="Till_btn" uid="16371836" lat="53.2287672" lon="10.3975867"/>
 <node id="12475452846" visible="true" version="1" changeset="161016947" timestamp="2025-01-05T11:42:04Z" user="Till_btn" uid="16371836" lat="53.2286324" lon="10.3976442"/>
 <node id="12475452847" visible="true" version="1" changeset="161016947" timestamp="2025-01-05T11:42:04Z" user="Till_btn" uid="16371836" lat="53.2286281" lon="10.3976165"/>
 <node id="12475452848" visible="true" version="1" changeset="161016947" timestamp="2025-01-05T11:42:04Z" user="Till_btn" uid="16371836" lat="53.2290357" lon="10.3974674"/>
 <node id="12475452849" visible="true" version="1" changeset="161016947" timestamp="2025-01-05T11:42:04Z" user="Till_btn" uid="16371836" lat="53.2289009" lon="10.3975248"/>
 <node id="12475452850" visible="true" version="1" changeset="161016947" timestamp="2025-01-05T11:42:04Z" user="Till_btn" uid="16371836" lat="53.2288967" lon="10.3974971"/>
 <node id="12480204282" visible="true" version="1" changeset="161090630" timestamp="2025-01-07T10:54:38Z" user="jp_spino" uid="20650565" lat="53.2281450" lon="10.4020725">
  <tag k="access" v="permissive"/>
  <tag k="door" v="hinged"/>
  <tag k="entrance" v="yes"/>
  <tag k="wheelchair" v="limited"/>
 </node>
 <node id="12480204283" visible="true" version="1" changeset="161090630" timestamp="2025-01-07T10:54:38Z" user="jp_spino" uid="20650565" lat="53.2281481" lon="10.4023214">
  <tag k="access" v="permissive"/>
  <tag k="door" v="hinged"/>
  <tag k="entrance" v="yes"/>
  <tag k="wheelchair" v="no"/>
 </node>
 <node id="12480204284" visible="true" version="1" changeset="161090630" timestamp="2025-01-07T10:54:38Z" user="jp_spino" uid="20650565" lat="53.2280720" lon="10.4020800">
  <tag k="access" v="permissive"/>
  <tag k="door" v="hinged"/>
  <tag k="entrance" v="yes"/>
  <tag k="wheelchair" v="limited"/>
 </node>
 <node id="12480204285" visible="true" version="1" changeset="161090630" timestamp="2025-01-07T10:54:38Z" user="jp_spino" uid="20650565" lat="53.2284396" lon="10.4020399">
  <tag k="door" v="hinged"/>
  <tag k="entrance" v="yes"/>
  <tag k="wheelchair" v="limited"/>
 </node>
 <node id="12480204286" visible="true" version="1" changeset="161090630" timestamp="2025-01-07T10:54:38Z" user="jp_spino" uid="20650565" lat="53.2283909" lon="10.4020465">
  <tag k="door" v="hinged"/>
  <tag k="entrance" v="yes"/>
  <tag k="wheelchair" v="limited"/>
 </node>
 <node id="12480204287" visible="true" version="1" changeset="161090630" timestamp="2025-01-07T10:54:38Z" user="jp_spino" uid="20650565" lat="53.2283416" lon="10.4020513">
  <tag k="door" v="hinged"/>
  <tag k="entrance" v="yes"/>
  <tag k="wheelchair" v="limited"/>
 </node>
 <node id="12480204288" visible="true" version="1" changeset="161090630" timestamp="2025-01-07T10:54:38Z" user="jp_spino" uid="20650565" lat="53.2282923" lon="10.4020569">
  <tag k="door" v="hinged"/>
  <tag k="entrance" v="yes"/>
  <tag k="wheelchair" v="limited"/>
 </node>
 <node id="12480204289" visible="true" version="1" changeset="161090630" timestamp="2025-01-07T10:54:38Z" user="jp_spino" uid="20650565" lat="53.2282278" lon="10.4020638">
  <tag k="access" v="permissive"/>
  <tag k="door" v="hinged"/>
  <tag k="entrance" v="yes"/>
  <tag k="wheelchair" v="limited"/>
 </node>
 <node id="12480204290" visible="true" version="1" changeset="161090630" timestamp="2025-01-07T10:54:38Z" user="jp_spino" uid="20650565" lat="53.2279557" lon="10.4020923">
  <tag k="door" v="hinged"/>
  <tag k="entrance" v="yes"/>
  <tag k="wheelchair" v="limited"/>
 </node>
 <node id="12480204291" visible="true" version="1" changeset="161090630" timestamp="2025-01-07T10:54:38Z" user="jp_spino" uid="20650565" lat="53.2276997" lon="10.4021185">
  <tag k="door" v="hinged"/>
  <tag k="entrance" v="yes"/>
  <tag k="wheelchair" v="limited"/>
 </node>
 <node id="13115949402" visible="true" version="1" changeset="171396281" timestamp="2025-09-03T08:56:09Z" user="BankDruecker" uid="23252507" lat="53.2290297" lon="10.4040535">
  <tag k="amenity" v="bench"/>
 </node>
 <node id="13115961701" visible="true" version="1" changeset="171396281" timestamp="2025-09-03T08:56:09Z" user="BankDruecker" uid="23252507" lat="53.2290423" lon="10.4040183">
  <tag k="amenity" v="bench"/>
 </node>
 <node id="13326788493" visible="true" version="1" changeset="175039089" timestamp="2025-11-23T19:24:03Z" user="frink" uid="56557" lat="53.2281537" lon="10.4027452"/>
 <node id="13326788494" visible="true" version="1" changeset="175039089" timestamp="2025-11-23T19:24:03Z" user="frink" uid="56557" lat="53.2281464" lon="10.4025124"/>
 <node id="13326788495" visible="true" version="1" changeset="175039089" timestamp="2025-11-23T19:24:03Z" user="frink" uid="56557" lat="53.2288019" lon="10.4026963"/>
 <node id="13326788496" visible="true" version="1" changeset="175039089" timestamp="2025-11-23T19:24:03Z" user="frink" uid="56557" lat="53.2287353" lon="10.4027026"/>
 <node id="13326788497" visible="true" version="1" changeset="175039089" timestamp="2025-11-23T19:24:03Z" user="frink" uid="56557" lat="53.2287329" lon="10.4026319"/>
 <node id="13326788498" visible="true" version="1" changeset="175039089" timestamp="2025-11-23T19:24:03Z" user="frink" uid="56557" lat="53.2286789" lon="10.4026370"/>
 <node id="13326788499" visible="true" version="1" changeset="175039089" timestamp="2025-11-23T19:24:03Z" user="frink" uid="56557" lat="53.2286720" lon="10.4024331"/>
 <node id="13326788500" visible="true" version="1" changeset="175039089" timestamp="2025-11-23T19:24:03Z" user="frink" uid="56557" lat="53.2287926" lon="10.4024218"/>
 <node id="13438909844" visible="true" version="1" changeset="176966268" timestamp="2026-01-08T01:53:44Z" user="hotteliene" uid="1913655" lat="53.2232466" lon="10.4037809"/>
 <node id="13438934526" visible="true" version="1" changeset="176966564" timestamp="2026-01-08T02:16:01Z" user="hotteliene" uid="1913655" lat="53.2280626" lon="10.3975430"/>
 <node id="13438934527" visible="true" version="1" changeset="176966564" timestamp="2026-01-08T02:16:01Z" user="hotteliene" uid="1913655" lat="53.2279167" lon="10.3975486"/>
 <node id="13438934528" visible="true" version="1" changeset="176966564" timestamp="2026-01-08T02:16:01Z" user="hotteliene" uid="1913655" lat="53.2280456" lon="10.3975396"/>
 <node id="13438934529" visible="true" version="1" changeset="176966564" timestamp="2026-01-08T02:16:01Z" user="hotteliene" uid="1913655" lat="53.2280005" lon="10.3975088"/>
 <node id="13438934530" visible="true" version="1" changeset="176966564" timestamp="2026-01-08T02:16:01Z" user="hotteliene" uid="1913655" lat="53.2280248" lon="10.3975145"/>
 <node id="13438934531" visible="true" version="1" changeset="176966564" timestamp="2026-01-08T02:16:01Z" user="hotteliene" uid="1913655" lat="53.2279004" lon="10.3976064"/>
 <node id="13634800837" visible="true" version="1" changeset="179655992" timestamp="2026-03-10T19:41:49Z" user="NGL-engel" uid="1957590" lat="53.2278552" lon="10.4059701"/>
 <way id="24943784" visible="true" version="31" changeset="154825601" timestamp="2024-08-04T18:35:13Z" user="OSM_RogerWilco" uid="10114909">
  <nd ref="6860036923"/>
  <nd ref="5464872654"/>
  <nd ref="3211150430"/>
  <nd ref="3211150431"/>
  <nd ref="12092274576"/>
  <nd ref="270540950"/>
  <nd ref="175237700"/>
  <tag k="bicycle" v="use_sidepath"/>
  <tag k="cycleway:left" v="no"/>
  <tag k="cycleway:right" v="separate"/>
  <tag k="highway" v="secondary"/>
  <tag k="lanes" v="3"/>
  <tag k="lanes:backward" v="1"/>
  <tag k="lanes:forward" v="2"/>
  <tag k="lit" v="yes"/>
  <tag k="maxspeed" v="50"/>
  <tag k="name" v="Universitätsallee"/>
  <tag k="old_ref" v="B 4"/>
  <tag k="sidewalk" v="separate"/>
  <tag k="surface" v="asphalt"/>
  <tag k="turn:lanes:forward" v="left|through"/>
 </way>
 <way id="25056636" visible="true" version="16" changeset="159359811" timestamp="2024-11-20T10:38:02Z" user="aseidel" uid="9616280">
  <nd ref="6862495286"/>
  <nd ref="6862495285"/>
  <nd ref="1841136603"/>
  <nd ref="272605390"/>
  <nd ref="6844110156"/>
  <tag k="class:bicycle" v="1"/>
  <tag k="highway" v="living_street"/>
  <tag k="lit" v="yes"/>
  <tag k="smoothness" v="good"/>
  <tag k="surface" v="asphalt"/>
 </way>
 <way id="25056654" visible="true" version="14" changeset="159359811" timestamp="2024-11-20T10:38:02Z" user="aseidel" uid="9616280">
  <nd ref="272605390"/>
  <nd ref="6862449075"/>
  <nd ref="6862449077"/>
  <nd ref="6862449079"/>
  <nd ref="6862449081"/>
  <nd ref="6862449083"/>
  <nd ref="7811144897"/>
  <nd ref="6844035337"/>
  <nd ref="274227868"/>
  <tag k="highway" v="service"/>
  <tag k="living_street" v="yes"/>
  <tag k="surface" v="asphalt"/>
 </way>
 <way id="25093619" visible="true" version="40" changeset="163879443" timestamp="2025-03-20T20:15:38Z" user="Apolemus" uid="192046">
  <nd ref="273106543"/>
  <nd ref="7811144896"/>
  <nd ref="6862495287"/>
  <nd ref="6867891437"/>
  <nd ref="6490275155"/>
  <nd ref="6867891436"/>
  <nd ref="6490275154"/>
  <nd ref="6862495285"/>
  <nd ref="6867891434"/>
  <nd ref="6844278379"/>
  <nd ref="273106544"/>
  <nd ref="6844278380"/>
  <nd ref="6867891435"/>
  <nd ref="10719377314"/>
  <nd ref="1668269322"/>
  <nd ref="6859994656"/>
  <nd ref="6376385268"/>
  <nd ref="273106548"/>
  <nd ref="1668269278"/>
  <nd ref="1584670800"/>
  <nd ref="2188253097"/>
  <nd ref="273106552"/>
  <nd ref="2188253165"/>
  <nd ref="3544299202"/>
  <nd ref="273106543"/>
  <tag k="name" v="Zentraler Campus"/>
  <tag k="operator" v="Leuphana Universität Lüneburg"/>
 </way>
 <way id="25146614" visible="true" version="19" changeset="158652162" timestamp="2024-11-02T10:34:05Z" user="Till_btn" uid="16371836">
  <nd ref="274058480"/>
  <nd ref="11554630682"/>
  <nd ref="11554630683"/>
  <nd ref="395336849"/>
  <tag k="bicycle" v="yes"/>
  <tag k="class:bicycle" v="2"/>
  <tag k="highway" v="residential"/>
  <tag k="lit" v="yes"/>
  <tag k="maxspeed" v="30"/>
  <tag k="name" v="Gneisenaustraße"/>
  <tag k="surface" v="sett"/>
  <tag k="traffic_sign" v="DE:250,DE:1020-12"/>
  <tag k="vehicle" v="destination"/>
  <tag k="width" v="5.20"/>
  <tag k="width:lanes" v="3.4"/>
  <tag k="zone:maxspeed" v="DE:30"/>
 </way>
 <way id="25150561" visible="true" version="11" changeset="154317001" timestamp="2024-07-23T17:16:21Z" user="hotteliene" uid="1913655">
  <nd ref="274097005"/>
  <nd ref="10719377350"/>
  <nd ref="274097006"/>
  <tag k="highway" v="path"/>
  <tag k="incline" v="up"/>
  <tag k="lit" v="yes"/>
  <tag k="smoothness" v="excellent"/>
  <tag k="surface" v="paving_stones"/>
 </way>
 <way id="25155751" visible="true" version="10" changeset="155898875" timestamp="2024-08-28T20:02:56Z" user="Till_btn" uid="16371836">
  <nd ref="274227868"/>
  <nd ref="5260908461"/>
  <tag k="highway" v="living_street"/>
  <tag k="noname" v="yes"/>
  <tag k="surface" v="asphalt"/>
  <tag k="traffic_sign" v="DE:325"/>
 </way>
 <way id="25155757" visible="true" version="23" changeset="155898875" timestamp="2024-08-28T20:02:56Z" user="Till_btn" uid="16371836">
  <nd ref="274227868"/>
  <nd ref="6490275140"/>
  <nd ref="274098134"/>
  <nd ref="6490275137"/>
  <nd ref="5894424216"/>
  <nd ref="5249246399"/>
  <nd ref="7810713203"/>
  <tag k="class:bicycle" v="1"/>
  <tag k="highway" v="living_street"/>
  <tag k="lit" v="yes"/>
  <tag k="noname" v="yes"/>
  <tag k="smoothness" v="good"/>
  <tag k="surface" v="asphalt"/>
  <tag k="traffic_sign" v="DE:325"/>
 </way>
 <way id="25155763" visible="true" version="8" changeset="119951134" timestamp="2022-04-20T12:06:35Z" user="ToniLeffers" uid="15637598">
  <nd ref="555939025"/>
  <nd ref="274228100"/>
  <nd ref="417279701"/>
  <nd ref="274228101"/>
  <tag k="highway" v="footway"/>
  <tag k="surface" v="paving_stones"/>
 </way>
 <way id="25155811" visible="true" version="14" changeset="155898875" timestamp="2024-08-28T20:02:56Z" user="Till_btn" uid="16371836">
  <nd ref="274229128"/>
  <nd ref="274229129"/>
  <nd ref="1841136602"/>
  <nd ref="274229131"/>
  <nd ref="274229132"/>
  <nd ref="555939025"/>
  <nd ref="274229128"/>
  <tag k="building" v="university"/>
  <tag k="building:levels" v="3"/>
  <tag k="name" v="Gebäude 12"/>
  <tag k="operator" v="Leuphana Universität Lüneburg"/>
  <tag k="ref" v="C12"/>
  <tag k="roof:levels" v="1"/>
  <tag k="roof:shape" v="hipped"/>
  <tag k="wheelchair" v="yes"/>
 </way>
 <way id="25324685" visible="true" version="5" changeset="133409475" timestamp="2023-03-07T16:19:55Z" user="aseidel" uid="9616280">
  <nd ref="275907714"/>
  <nd ref="275907785"/>
  <tag k="class:bicycle" v="2"/>
  <tag k="highway" v="path"/>
  <tag k="incline" v="up"/>
  <tag k="lit" v="yes"/>
  <tag k="smoothness" v="intermediate"/>
  <tag k="surface" v="sett"/>
  <tag k="width" v="3"/>
 </way>
 <way id="25324692" visible="true" version="34" changeset="159359811" timestamp="2024-11-20T10:38:02Z" user="aseidel" uid="9616280">
  <nd ref="275907785"/>
  <nd ref="10719377352"/>
  <nd ref="12009180098"/>
  <nd ref="417279249"/>
  <tag k="class:bicycle" v="1"/>
  <tag k="highway" v="living_street"/>
  <tag k="lit" v="yes"/>
  <tag k="noname" v="yes"/>
  <tag k="smoothness" v="intermediate"/>
  <tag k="surface" v="concrete:plates"/>
  <tag k="traffic_sign" v="DE:325"/>
  <tag k="width" v="4.20"/>
 </way>
 <way id="25324693" visible="true" version="16" changeset="155898875" timestamp="2024-08-28T20:02:56Z" user="Till_btn" uid="16371836">
  <nd ref="275907791"/>
  <nd ref="275907797"/>
  <nd ref="10750730985"/>
  <nd ref="10750730986"/>
  <nd ref="275907806"/>
  <nd ref="275907802"/>
  <nd ref="555939028"/>
  <nd ref="275907791"/>
  <tag k="building" v="university"/>
  <tag k="building:levels" v="3"/>
  <tag k="name" v="Gebäude 13"/>
  <tag k="operator" v="Leuphana Universität Lüneburg"/>
  <tag k="ref" v="C13"/>
  <tag k="roof:levels" v="1"/>
  <tag k="roof:shape" v="hipped"/>
  <tag k="wheelchair" v="yes"/>
 </way>
 <way id="25408955" visible="true" version="18" changeset="165013410" timestamp="2025-04-16T06:58:41Z" user="aseidel" uid="9616280">
  <nd ref="276915516"/>
  <nd ref="6862495287"/>
  <nd ref="1841136597"/>
  <tag k="highway" v="living_street"/>
  <tag k="lit" v="yes"/>
  <tag k="noname" v="yes"/>
  <tag k="oneway" v="no"/>
  <tag k="smoothness" v="good"/>
  <tag k="surface" v="paving_stones"/>
  <tag k="traffic_sign" v="DE:325"/>
 </way>
 <way id="25408958" visible="true" version="9" changeset="158652162" timestamp="2024-11-02T10:34:05Z" user="Till_btn" uid="16371836">
  <nd ref="276915523"/>
  <nd ref="3052356945"/>
  <nd ref="3052356948"/>
  <nd ref="3051670362"/>
  <nd ref="3051673972"/>
  <nd ref="3051670370"/>
  <nd ref="276915529"/>
  <tag k="class:bicycle" v="1"/>
  <tag k="highway" v="residential"/>
  <tag k="lit" v="yes"/>
  <tag k="maxspeed" v="30"/>
  <tag k="name" v="Carl-von-Ossietzky-Straße"/>
  <tag k="smoothness" v="good"/>
  <tag k="surface" v="paving_stones"/>
  <tag k="zone:maxspeed" v="DE:30"/>
 </way>
 <way id="25408959" visible="true" version="2" changeset="155570487" timestamp="2024-08-21T17:28:22Z" user="oz42" uid="20098342">
  <nd ref="276915529"/>
  <nd ref="276915524"/>
  <tag k="bicycle" v="yes"/>
  <tag k="foot" v="yes"/>
  <tag k="highway" v="path"/>
  <tag k="horse" v="no"/>
  <tag k="motorcar" v="no"/>
  <tag k="ski" v="no"/>
  <tag k="snowmobile" v="no"/>
  <tag k="surface" v="sett"/>
 </way>
 <way id="25408960" visible="true" version="23" changeset="159359811" timestamp="2024-11-20T10:38:02Z" user="aseidel" uid="9616280">
  <nd ref="276915524"/>
  <nd ref="277126896"/>
  <nd ref="6844341260"/>
  <nd ref="5249245062"/>
  <nd ref="276915527"/>
  <nd ref="6901154123"/>
  <nd ref="6901154124"/>
  <nd ref="1602186811"/>
  <nd ref="5260924023"/>
  <nd ref="5260924024"/>
  <nd ref="2239449374"/>
  <nd ref="276915530"/>
  <tag k="highway" v="living_street"/>
  <tag k="lit" v="yes"/>
  <tag k="noname" v="yes"/>
  <tag k="surface" v="asphalt"/>
  <tag k="traffic_sign" v="DE:325"/>
 </way>
 <way id="25408961" visible="true" version="13" changeset="159412505" timestamp="2024-11-21T14:29:28Z" user="OSM_RogerWilco" uid="10114909">
  <nd ref="1841136517"/>
  <nd ref="12361782054"/>
  <nd ref="10719377369"/>
  <nd ref="10719373288"/>
  <tag k="class:bicycle" v="1"/>
  <tag k="highway" v="path"/>
  <tag k="lit" v="no"/>
  <tag k="smoothness" v="good"/>
  <tag k="surface" v="fine_gravel"/>
  <tag k="width" v="5.72"/>
 </way>
 <way id="25408962" visible="true" version="12" changeset="159359811" timestamp="2024-11-20T10:38:02Z" user="aseidel" uid="9616280">
  <nd ref="276915534"/>
  <nd ref="5260924025"/>
  <nd ref="276915536"/>
  <nd ref="5260924026"/>
  <nd ref="276915535"/>
  <tag k="highway" v="living_street"/>
  <tag k="lit" v="yes"/>
  <tag k="noname" v="yes"/>
  <tag k="smoothness" v="good"/>
  <tag k="surface" v="asphalt"/>
  <tag k="traffic_sign" v="DE:325"/>
 </way>
 <way id="25408963" visible="true" version="13" changeset="159359811" timestamp="2024-11-20T10:38:02Z" user="aseidel" uid="9616280">
  <nd ref="276915536"/>
  <nd ref="6860081292"/>
  <nd ref="275907728"/>
  <tag k="highway" v="living_street"/>
  <tag k="noname" v="yes"/>
  <tag k="surface" v="asphalt"/>
  <tag k="traffic_sign" v="DE:325"/>
 </way>
 <way id="25408966" visible="true" version="23" changeset="159359811" timestamp="2024-11-20T10:38:02Z" user="aseidel" uid="9616280">
  <nd ref="275907747"/>
  <nd ref="6844035335"/>
  <nd ref="6095584719"/>
  <nd ref="274228101"/>
  <nd ref="287752991"/>
  <nd ref="427525337"/>
  <nd ref="274098134"/>
  <tag k="class:bicycle" v="1"/>
  <tag k="highway" v="living_street"/>
  <tag k="lit" v="yes"/>
  <tag k="noname" v="yes"/>
  <tag k="smoothness" v="good"/>
  <tag k="surface" v="asphalt"/>
  <tag k="traffic_sign" v="DE:325"/>
 </way>
 <way id="25428431" visible="true" version="3" changeset="133409475" timestamp="2023-03-07T16:19:55Z" user="aseidel" uid="9616280">
  <nd ref="277126892"/>
  <nd ref="277126896"/>
  <tag k="highway" v="path"/>
  <tag k="lit" v="yes"/>
  <tag k="smoothness" v="good"/>
  <tag k="surface" v="paving_stones"/>
 </way>
 <way id="25428432" visible="true" version="18" changeset="159359811" timestamp="2024-11-20T10:38:02Z" user="aseidel" uid="9616280">
  <nd ref="276915534"/>
  <nd ref="1602198223"/>
  <nd ref="5260924027"/>
  <nd ref="1841136480"/>
  <nd ref="1602186812"/>
  <nd ref="10719377368"/>
  <nd ref="277126901"/>
  <tag k="highway" v="living_street"/>
  <tag k="lit" v="yes"/>
  <tag k="noname" v="yes"/>
  <tag k="smoothness" v="good"/>
  <tag k="surface" v="asphalt"/>
  <tag k="traffic_sign" v="DE:325"/>
 </way>
 <way id="25428435" visible="true" version="8" changeset="54102870" timestamp="2017-11-26T19:01:48Z" user="frink" uid="56557">
  <nd ref="277126908"/>
  <nd ref="277126929"/>
  <nd ref="277126915"/>
  <nd ref="2239449353"/>
  <nd ref="2239449355"/>
  <nd ref="277126911"/>
  <nd ref="277126908"/>
  <tag k="building" v="university"/>
  <tag k="leisure" v="sports_centre"/>
  <tag k="name" v="Hochschulsport"/>
  <tag k="operator" v="Leuphana Universität Lüneburg"/>
  <tag k="ref" v="C20"/>
  <tag k="wheelchair" v="limited"/>
 </way>
 <way id="25428436" visible="true" version="6" changeset="142872530" timestamp="2023-10-20T14:09:10Z" user="sorzebs" uid="7196034">
  <nd ref="277126932"/>
  <nd ref="277126940"/>
  <nd ref="1602194733"/>
  <nd ref="1602194731"/>
  <nd ref="3184998773"/>
  <nd ref="277126939"/>
  <nd ref="5249245063"/>
  <nd ref="1602194730"/>
  <nd ref="1602194729"/>
  <nd ref="6858784767"/>
  <nd ref="277126935"/>
  <nd ref="277126932"/>
  <tag k="landuse" v="grass"/>
  <tag k="name" v="Leuphana Mensawiese"/>
 </way>
 <way id="25428437" visible="true" version="14" changeset="133939018" timestamp="2023-03-21T12:36:17Z" user="aseidel" uid="9616280">
  <nd ref="1073593915"/>
  <nd ref="1602226009"/>
  <nd ref="1602226010"/>
  <nd ref="1073593922"/>
  <nd ref="277126946"/>
  <nd ref="10750730983"/>
  <nd ref="277126948"/>
  <nd ref="6871391529"/>
  <nd ref="277126952"/>
  <nd ref="1073593915"/>
  <tag k="building" v="university"/>
  <tag k="building:levels" v="2"/>
  <tag k="name" v="Gebäude 3"/>
  <tag k="operator" v="Leuphana Universität Lüneburg"/>
  <tag k="ref" v="C3"/>
  <tag k="roof:levels" v="1"/>
  <tag k="roof:shape" v="hipped"/>
  <tag k="wheelchair" v="yes"/>
 </way>
 <way id="25428438" visible="true" version="11" changeset="163860524" timestamp="2025-03-20T12:19:25Z" user="Till_btn" uid="16371836">
  <nd ref="277126954"/>
  <nd ref="3037347702"/>
  <nd ref="3037347704"/>
  <nd ref="3037347707"/>
  <nd ref="3037347706"/>
  <nd ref="277126967"/>
  <nd ref="277126961"/>
  <nd ref="3037347692"/>
  <nd ref="3037347691"/>
  <nd ref="3037347688"/>
  <nd ref="3037347690"/>
  <nd ref="277126964"/>
  <nd ref="3037347697"/>
  <nd ref="3037347669"/>
  <nd ref="3037347696"/>
  <nd ref="3037347698"/>
  <nd ref="3037347699"/>
  <nd ref="277126954"/>
  <tag k="addr:city" v="Lüneburg"/>
  <tag k="addr:country" v="DE"/>
  <tag k="addr:housenumber" v="11"/>
  <tag k="addr:postcode" v="21335"/>
  <tag k="addr:street" v="Wichernstraße"/>
  <tag k="amenity" v="student_accomodation"/>
  <tag k="building" v="dormitory"/>
  <tag k="name" v="Erstsemesterwohnheim"/>
  <tag k="operator" v="Studierendenwerk OstNiedersachsen"/>
  <tag k="operator:wikidata" v="Q29015688"/>
 </way>
 <way id="25428441" visible="true" version="3" changeset="64931644" timestamp="2018-11-27T11:00:25Z" user="JNocke" uid="9155518">
  <nd ref="277126983"/>
  <nd ref="277126987"/>
  <nd ref="277126989"/>
  <nd ref="277126990"/>
  <nd ref="277126983"/>
  <tag k="amenity" v="bicycle_parking"/>
  <tag k="bicycle_parking" v="stands"/>
  <tag k="capacity" v="142"/>
  <tag k="covered" v="no"/>
 </way>
 <way id="25428443" visible="true" version="3" changeset="171065951" timestamp="2025-08-27T08:10:07Z" user="ch-sn" uid="38698">
  <nd ref="277127006"/>
  <nd ref="277127009"/>
  <nd ref="277127013"/>
  <nd ref="277127016"/>
  <nd ref="277127006"/>
  <tag k="amenity" v="bicycle_parking"/>
  <tag k="bicycle_parking" v="stands"/>
  <tag k="capacity" v="70"/>
  <tag k="covered" v="no"/>
 </way>
 <way id="27811882" visible="true" version="16" changeset="154825601" timestamp="2024-08-04T18:35:13Z" user="OSM_RogerWilco" uid="10114909">
  <nd ref="6860824130"/>
  <nd ref="270540950"/>
  <nd ref="305382786"/>
  <tag k="bicycle" v="yes"/>
  <tag k="foot" v="yes"/>
  <tag k="highway" v="path"/>
  <tag k="path" v="crossing"/>
  <tag k="segregated" v="no"/>
  <tag k="surface" v="asphalt"/>
  <tag k="traffic_sign" v="DE:240"/>
 </way>
 <way id="29285224" visible="true" version="3" changeset="155468997" timestamp="2024-08-19T16:18:10Z" user="oz42" uid="20098342">
  <nd ref="322048059"/>
  <nd ref="322048060"/>
  <tag k="bicycle" v="yes"/>
  <tag k="highway" v="footway"/>
  <tag k="surface" v="asphalt"/>
 </way>
 <way id="29285225" visible="true" version="3" changeset="155468997" timestamp="2024-08-19T16:18:13Z" user="oz42" uid="20098342">
  <nd ref="322048069"/>
  <nd ref="322048070"/>
  <tag k="bicycle" v="yes"/>
  <tag k="highway" v="footway"/>
  <tag k="surface" v="asphalt"/>
 </way>
 <way id="33790903" visible="true" version="18" changeset="179655992" timestamp="2026-03-10T19:41:49Z" user="NGL-engel" uid="1957590">
  <nd ref="386910205"/>
  <nd ref="386910203"/>
  <nd ref="10140295908"/>
  <nd ref="10140295914"/>
  <nd ref="10140295913"/>
  <nd ref="10140295912"/>
  <nd ref="276782685"/>
  <nd ref="10140295907"/>
  <nd ref="4165786334"/>
  <nd ref="3544299206"/>
  <nd ref="4165786329"/>
  <nd ref="3544299205"/>
  <nd ref="3620883128"/>
  <nd ref="3544299204"/>
  <nd ref="3620883123"/>
  <nd ref="3620883102"/>
  <nd ref="11554630684"/>
  <nd ref="2188253184"/>
  <nd ref="3544299201"/>
  <nd ref="3544299202"/>
  <nd ref="2188253165"/>
  <nd ref="273106552"/>
  <nd ref="2188253097"/>
  <nd ref="2188253089"/>
  <nd ref="3851404991"/>
  <nd ref="1584670743"/>
  <nd ref="2188253080"/>
  <nd ref="2188253077"/>
  <nd ref="322051834"/>
  <nd ref="2188253056"/>
  <nd ref="3620880482"/>
  <nd ref="13438909844"/>
  <nd ref="3544299199"/>
  <nd ref="386925601"/>
  <nd ref="13634800837"/>
  <nd ref="728600106"/>
  <nd ref="2188266181"/>
  <nd ref="2188266178"/>
  <nd ref="2188266170"/>
  <nd ref="2188266162"/>
  <nd ref="2188266159"/>
  <nd ref="2188266152"/>
  <nd ref="2188266151"/>
  <nd ref="2188266154"/>
  <nd ref="9830940639"/>
  <nd ref="2188266161"/>
  <nd ref="1424891651"/>
  <nd ref="2188266166"/>
  <nd ref="2188266155"/>
  <nd ref="170815408"/>
  <nd ref="2188253032"/>
  <nd ref="170815406"/>
  <nd ref="710910026"/>
  <nd ref="710910017"/>
  <nd ref="710910015"/>
  <nd ref="710910032"/>
  <nd ref="1361067101"/>
  <nd ref="1361067100"/>
  <nd ref="710910023"/>
  <nd ref="710910027"/>
  <nd ref="1361067106"/>
  <nd ref="710910021"/>
  <nd ref="710910029"/>
  <nd ref="1038354711"/>
  <nd ref="1038354754"/>
  <nd ref="710910025"/>
  <nd ref="710910016"/>
  <nd ref="710910014"/>
  <nd ref="710910028"/>
  <nd ref="2188253178"/>
  <nd ref="10098433131"/>
  <nd ref="386910205"/>
  <tag k="landuse" v="residential"/>
 </way>
 <way id="34415927" visible="true" version="1" changeset="1174928" timestamp="2009-05-13T13:42:18Z" user="aven" uid="93244">
  <nd ref="395336851"/>
  <nd ref="395336852"/>
  <nd ref="395336853"/>
  <nd ref="395336854"/>
  <nd ref="395336851"/>
  <tag k="leisure" v="park"/>
 </way>
 <way id="35031432" visible="true" version="9" changeset="158652162" timestamp="2024-11-02T10:34:05Z" user="Till_btn" uid="16371836">
  <nd ref="391475466"/>
  <nd ref="6860081286"/>
  <nd ref="3204268277"/>
  <tag k="class:bicycle" v="-2"/>
  <tag k="highway" v="residential"/>
  <tag k="lit" v="yes"/>
  <tag k="maxspeed" v="30"/>
  <tag k="name" v="Scharnhorststraße"/>
  <tag k="sidewalk" v="both"/>
  <tag k="smoothness" v="intermediate"/>
  <tag k="surface" v="sett"/>
  <tag k="zone:maxspeed" v="DE:30"/>
 </way>
 <way id="35603610" visible="true" version="9" changeset="163323807" timestamp="2025-03-07T11:43:16Z" user="jkeyser" uid="2299815">
  <nd ref="555939019"/>
  <nd ref="6095584720"/>
  <nd ref="555939028"/>
  <tag k="highway" v="footway"/>
  <tag k="surface" v="paving_stones"/>
 </way>
 <way id="35838909" visible="true" version="15" changeset="158652162" timestamp="2024-11-02T10:34:05Z" user="Till_btn" uid="16371836">
  <nd ref="274058480"/>
  <nd ref="6842808828"/>
  <nd ref="1658870452"/>
  <nd ref="1658870453"/>
  <nd ref="1658870454"/>
  <nd ref="6862495286"/>
  <nd ref="1658870455"/>
  <nd ref="1658870456"/>
  <nd ref="1658870457"/>
  <nd ref="1658870458"/>
  <nd ref="1658870468"/>
  <nd ref="474727922"/>
  <nd ref="1658870470"/>
  <nd ref="12092274578"/>
  <nd ref="357367437"/>
  <nd ref="4732875474"/>
  <tag k="class:bicycle" v="-2"/>
  <tag k="highway" v="residential"/>
  <tag k="lit" v="yes"/>
  <tag k="maxspeed" v="30"/>
  <tag k="name" v="Scharnhorststraße"/>
  <tag k="sidewalk" v="both"/>
  <tag k="smoothness" v="intermediate"/>
  <tag k="surface" v="sett"/>
  <tag k="zone:maxspeed" v="DE:30"/>
 </way>
 <way id="38145115" visible="true" version="9" changeset="108697815" timestamp="2021-07-27T15:34:05Z" user="8hjsC7KP" uid="11290223">
  <nd ref="7811144922"/>
  <nd ref="7811144917"/>
  <nd ref="7811144916"/>
  <tag k="highway" v="footway"/>
  <tag k="lit" v="yes"/>
  <tag k="surface" v="paving_stones"/>
 </way>
 <way id="42010649" visible="true" version="3" changeset="155683076" timestamp="2024-08-24T08:11:02Z" user="oz42" uid="20098342">
  <nd ref="275907691"/>
  <nd ref="1650431187"/>
  <nd ref="521090885"/>
  <nd ref="1650431232"/>
  <nd ref="1650431226"/>
  <nd ref="1650431339"/>
  <tag k="highway" v="service"/>
  <tag k="service" v="parking_aisle"/>
  <tag k="surface" v="paving_stones"/>
 </way>
 <way id="42010655" visible="true" version="9" changeset="158652162" timestamp="2024-11-02T10:34:05Z" user="Till_btn" uid="16371836">
  <nd ref="275907714"/>
  <nd ref="9204349193"/>
  <nd ref="275907710"/>
  <tag k="bicycle" v="yes"/>
  <tag k="bus" v="designated"/>
  <tag k="class:bicycle" v="1"/>
  <tag k="highway" v="service"/>
  <tag k="lit" v="yes"/>
  <tag k="maxspeed" v="30"/>
  <tag k="name" v="Heinrich-Böll-Straße"/>
  <tag k="smoothness" v="good"/>
  <tag k="surface" v="paving_stones"/>
  <tag k="traffic_sign" v="DE:245,1022-10"/>
  <tag k="vehicle" v="no"/>
  <tag k="width" v="5"/>
  <tag k="zone:maxspeed" v="DE:30"/>
 </way>
 <way id="42010656" visible="true" version="9" changeset="158652162" timestamp="2024-11-02T10:34:05Z" user="Till_btn" uid="16371836">
  <nd ref="275907691"/>
  <nd ref="275907701"/>
  <nd ref="9204349190"/>
  <nd ref="275907705"/>
  <tag k="class:bicycle" v="1"/>
  <tag k="highway" v="residential"/>
  <tag k="lit" v="yes"/>
  <tag k="maxspeed" v="30"/>
  <tag k="name" v="Heinrich-Böll-Straße"/>
  <tag k="smoothness" v="good"/>
  <tag k="surface" v="paving_stones"/>
  <tag k="width" v="5"/>
  <tag k="zone:maxspeed" v="DE:30"/>
 </way>
 <way id="42010657" visible="true" version="9" changeset="158652162" timestamp="2024-11-02T10:34:05Z" user="Till_btn" uid="16371836">
  <nd ref="521090876"/>
  <nd ref="12097040115"/>
  <nd ref="10719377357"/>
  <nd ref="1841136388"/>
  <nd ref="521090879"/>
  <nd ref="1841136435"/>
  <nd ref="276915529"/>
  <tag k="class:bicycle" v="1"/>
  <tag k="highway" v="residential"/>
  <tag k="lit" v="yes"/>
  <tag k="maxspeed" v="30"/>
  <tag k="name" v="Carl-von-Ossietzky-Straße"/>
  <tag k="smoothness" v="good"/>
  <tag k="surface" v="paving_stones"/>
  <tag k="zone:maxspeed" v="DE:30"/>
 </way>
 <way id="90239681" visible="true" version="9" changeset="147237385" timestamp="2024-02-09T00:26:49Z" user="hotteliene" uid="1913655">
  <nd ref="1046267306"/>
  <nd ref="3971596832"/>
  <nd ref="1046267266"/>
  <nd ref="1046267420"/>
  <nd ref="1046267363"/>
  <nd ref="1046267280"/>
  <tag k="highway" v="residential"/>
  <tag k="lane_markings" v="no"/>
  <tag k="lanes" v="1"/>
  <tag k="maxspeed" v="50"/>
  <tag k="name" v="Universitätsallee"/>
  <tag k="oneway" v="yes"/>
  <tag k="source:maxspeed" v="DE:urban"/>
  <tag k="surface" v="asphalt"/>
 </way>
 <way id="92479481" visible="true" version="11" changeset="155898875" timestamp="2024-08-28T20:02:56Z" user="Till_btn" uid="16371836">
  <nd ref="1073593897"/>
  <nd ref="6490366293"/>
  <nd ref="5260908466"/>
  <nd ref="5260908469"/>
  <nd ref="5724011352"/>
  <nd ref="274097006"/>
  <tag k="class:bicycle" v="1"/>
  <tag k="highway" v="living_street"/>
  <tag k="lit" v="yes"/>
  <tag k="noname" v="yes"/>
  <tag k="smoothness" v="good"/>
  <tag k="surface" v="asphalt"/>
  <tag k="traffic_sign" v="DE:325"/>
 </way>
 <way id="92479482" visible="true" version="7" changeset="133939018" timestamp="2023-03-21T12:36:17Z" user="aseidel" uid="9616280">
  <nd ref="1073593937"/>
  <nd ref="10750730984"/>
  <nd ref="1073593964"/>
  <nd ref="1073593934"/>
  <nd ref="1841136551"/>
  <nd ref="1073593893"/>
  <nd ref="1073593937"/>
  <tag k="building" v="university"/>
  <tag k="name" v="Gebäude 8"/>
  <tag k="operator" v="Leuphana Universität Lüneburg"/>
  <tag k="ref" v="C8"/>
  <tag k="wheelchair" v="yes"/>
 </way>
 <way id="92479485" visible="true" version="10" changeset="133939018" timestamp="2023-03-21T12:36:17Z" user="aseidel" uid="9616280">
  <nd ref="1073593915"/>
  <nd ref="1073593907"/>
  <nd ref="1073593940"/>
  <nd ref="3051651078"/>
  <nd ref="3051651077"/>
  <nd ref="1073593936"/>
  <nd ref="3051651075"/>
  <nd ref="3051651076"/>
  <nd ref="1073593951"/>
  <nd ref="1073593944"/>
  <nd ref="1073593920"/>
  <nd ref="1841136545"/>
  <nd ref="1073593909"/>
  <nd ref="1073593925"/>
  <nd ref="10750730982"/>
  <nd ref="1073593922"/>
  <nd ref="1602226010"/>
  <nd ref="1602226009"/>
  <nd ref="1073593915"/>
  <tag k="building" v="university"/>
  <tag k="building:levels" v="1"/>
  <tag k="name" v="Mensa"/>
  <tag k="operator" v="Leuphana Universität Lüneburg"/>
  <tag k="outdoor_seating" v="yes"/>
  <tag k="restaurant" v="self_service"/>
  <tag k="website" v="http://www.stw-on.de/lueneburg/essen/speiseplaene/mensa-campus#heute"/>
  <tag k="wheelchair" v="yes"/>
 </way>
 <way id="102809768" visible="true" version="8" changeset="158652162" timestamp="2024-11-02T10:34:05Z" user="Till_btn" uid="16371836">
  <nd ref="275907710"/>
  <nd ref="9204349191"/>
  <nd ref="1187269492"/>
  <tag k="bicycle" v="yes"/>
  <tag k="bus" v="designated"/>
  <tag k="class:bicycle" v="1"/>
  <tag k="highway" v="service"/>
  <tag k="lit" v="yes"/>
  <tag k="maxspeed" v="30"/>
  <tag k="name" v="Heinrich-Böll-Straße"/>
  <tag k="smoothness" v="good"/>
  <tag k="surface" v="paving_stones"/>
  <tag k="traffic_sign" v="DE:245,1022-10"/>
  <tag k="vehicle" v="no"/>
  <tag k="zone:maxspeed" v="DE:30"/>
 </way>
 <way id="102809777" visible="true" version="9" changeset="158652162" timestamp="2024-11-02T10:34:05Z" user="Till_btn" uid="16371836">
  <nd ref="276915518"/>
  <nd ref="1658870419"/>
  <nd ref="1658870421"/>
  <nd ref="276915516"/>
  <nd ref="1658870423"/>
  <nd ref="1658870426"/>
  <nd ref="1658870429"/>
  <nd ref="1658870430"/>
  <nd ref="1658870432"/>
  <nd ref="1657761790"/>
  <nd ref="1658870433"/>
  <nd ref="277697077"/>
  <nd ref="1658870435"/>
  <nd ref="1658870446"/>
  <nd ref="6842808829"/>
  <nd ref="1658870448"/>
  <nd ref="391475466"/>
  <tag k="class:bicycle" v="-2"/>
  <tag k="highway" v="residential"/>
  <tag k="lit" v="yes"/>
  <tag k="maxspeed" v="30"/>
  <tag k="name" v="Scharnhorststraße"/>
  <tag k="sidewalk" v="both"/>
  <tag k="smoothness" v="intermediate"/>
  <tag k="surface" v="sett"/>
  <tag k="zone:maxspeed" v="DE:30"/>
 </way>
 <way id="102809779" visible="true" version="10" changeset="158652162" timestamp="2024-11-02T10:34:05Z" user="Till_btn" uid="16371836">
  <nd ref="391475466"/>
  <nd ref="11554630685"/>
  <nd ref="3222164914"/>
  <nd ref="12151973514"/>
  <nd ref="395336850"/>
  <tag k="highway" v="residential"/>
  <tag k="lit" v="yes"/>
  <tag k="maxspeed" v="30"/>
  <tag k="name" v="Blücherstraße"/>
  <tag k="sidewalk" v="both"/>
  <tag k="surface" v="asphalt"/>
  <tag k="zone:maxspeed" v="DE:30"/>
 </way>
 <way id="102814865" visible="true" version="13" changeset="158652162" timestamp="2024-11-02T10:34:05Z" user="Till_btn" uid="16371836">
  <nd ref="273712613"/>
  <nd ref="1584670822"/>
  <nd ref="521090881"/>
  <nd ref="12011755902"/>
  <nd ref="1584670826"/>
  <nd ref="273712606"/>
  <nd ref="5724011354"/>
  <nd ref="1650431396"/>
  <tag k="class:bicycle" v="1"/>
  <tag k="highway" v="residential"/>
  <tag k="lit" v="yes"/>
  <tag k="maxspeed" v="30"/>
  <tag k="name" v="Heinrich-Böll-Straße"/>
  <tag k="smoothness" v="good"/>
  <tag k="surface" v="asphalt"/>
  <tag k="zone:maxspeed" v="DE:30"/>
 </way>
 <way id="102814872" visible="true" version="7" changeset="158652162" timestamp="2024-11-02T10:34:05Z" user="Till_btn" uid="16371836">
  <nd ref="1187269492"/>
  <nd ref="11971902067"/>
  <tag k="bicycle" v="yes"/>
  <tag k="bus" v="designated"/>
  <tag k="class:bicycle" v="1"/>
  <tag k="highway" v="service"/>
  <tag k="lit" v="yes"/>
  <tag k="maxspeed" v="30"/>
  <tag k="name" v="Heinrich-Böll-Straße"/>
  <tag k="smoothness" v="good"/>
  <tag k="surface" v="paving_stones"/>
  <tag k="traffic_sign" v="DE:245,1022-10"/>
  <tag k="vehicle" v="no"/>
  <tag k="zone:maxspeed" v="DE:30"/>
 </way>
 <way id="115614689" visible="true" version="3" changeset="126335760" timestamp="2022-09-18T15:40:15Z" user="sorzebs" uid="7196034">
  <nd ref="1305726265"/>
  <nd ref="1305725830"/>
  <nd ref="1305726094"/>
  <nd ref="1305725879"/>
  <nd ref="3275337497"/>
  <nd ref="3275337506"/>
  <nd ref="1305726265"/>
  <tag k="building" v="apartments"/>
 </way>
 <way id="115614690" visible="true" version="1" changeset="8291368" timestamp="2011-05-30T11:57:52Z" user="kaiD" uid="282726">
  <nd ref="1305725870"/>
  <nd ref="1305725933"/>
  <nd ref="1305725821"/>
  <nd ref="1305726074"/>
  <nd ref="1305725870"/>
  <tag k="building" v="yes"/>
 </way>
 <way id="115614692" visible="true" version="4" changeset="108695957" timestamp="2021-07-27T15:38:09Z" user="8hjsC7KP" uid="11290223">
  <nd ref="1305726001"/>
  <nd ref="1658869932"/>
  <nd ref="1305726263"/>
  <nd ref="1305725877"/>
  <nd ref="1657761838"/>
  <nd ref="1658869931"/>
  <nd ref="1657761815"/>
  <nd ref="1305726089"/>
  <nd ref="1305726001"/>
  <tag k="building" v="apartments"/>
 </way>
 <way id="115614694" visible="true" version="3" changeset="155469004" timestamp="2024-08-19T16:18:14Z" user="oz42" uid="20098342">
  <nd ref="1305726213"/>
  <nd ref="1305725854"/>
  <nd ref="1305726114"/>
  <nd ref="1305726058"/>
  <nd ref="1305725865"/>
  <nd ref="3275337522"/>
  <nd ref="3275337530"/>
  <nd ref="1305726213"/>
  <tag k="building" v="apartments"/>
 </way>
 <way id="115614706" visible="true" version="2" changeset="159452633" timestamp="2024-11-22T10:36:53Z" user="Tuiui" uid="10072222">
  <nd ref="1305725824"/>
  <nd ref="1305725940"/>
  <nd ref="1305726197"/>
  <nd ref="1305725861"/>
  <nd ref="1305725824"/>
  <tag k="building" v="service"/>
 </way>
 <way id="115614714" visible="true" version="3" changeset="27986480" timestamp="2015-01-07T22:08:43Z" user="Swen Wacker" uid="327655">
  <nd ref="1305726096"/>
  <nd ref="3275338787"/>
  <nd ref="1305725833"/>
  <nd ref="1650431205"/>
  <nd ref="1650431202"/>
  <nd ref="1305725967"/>
  <nd ref="1305726222"/>
  <nd ref="1650431268"/>
  <nd ref="1305726096"/>
  <tag k="building" v="yes"/>
 </way>
 <way id="115614718" visible="true" version="3" changeset="27986480" timestamp="2015-01-07T22:08:43Z" user="Swen Wacker" uid="327655">
  <nd ref="1305725938"/>
  <nd ref="3275337496"/>
  <nd ref="1305726194"/>
  <nd ref="1650431358"/>
  <nd ref="1305725860"/>
  <nd ref="1305726038"/>
  <nd ref="1650431381"/>
  <nd ref="1650431382"/>
  <nd ref="1305725938"/>
  <tag k="building" v="yes"/>
 </way>
 <way id="115614720" visible="true" version="2" changeset="10867130" timestamp="2012-03-04T11:27:52Z" user="rundus" uid="43816">
  <nd ref="1305726275"/>
  <nd ref="1658870167"/>
  <nd ref="1658870193"/>
  <nd ref="1305725885"/>
  <nd ref="1305726105"/>
  <nd ref="1305725837"/>
  <nd ref="1305726275"/>
  <tag k="building" v="yes"/>
 </way>
 <way id="115614723" visible="true" version="3" changeset="126335760" timestamp="2022-09-18T15:40:05Z" user="sorzebs" uid="7196034">
  <nd ref="1305726036"/>
  <nd ref="1305726138"/>
  <nd ref="1305725905"/>
  <nd ref="1305725805"/>
  <nd ref="3037347672"/>
  <nd ref="3037347674"/>
  <nd ref="1305726036"/>
  <tag k="building" v="apartments"/>
 </way>
 <way id="115614724" visible="true" version="2" changeset="27986480" timestamp="2015-01-07T22:08:41Z" user="Swen Wacker" uid="327655">
  <nd ref="1305725908"/>
  <nd ref="1305726006"/>
  <nd ref="1305725848"/>
  <nd ref="1305726141"/>
  <nd ref="3275337493"/>
  <nd ref="1305725908"/>
  <tag k="building" v="yes"/>
 </way>
 <way id="115614725" visible="true" version="2" changeset="10809765" timestamp="2012-02-27T15:43:08Z" user="rundus" uid="43816">
  <nd ref="1305726267"/>
  <nd ref="1305725970"/>
  <nd ref="1650431364"/>
  <nd ref="1305725836"/>
  <nd ref="1305726104"/>
  <nd ref="1650431388"/>
  <nd ref="1650431390"/>
  <nd ref="1305726267"/>
  <tag k="building" v="yes"/>
 </way>
 <way id="115614731" visible="true" version="2" changeset="10867130" timestamp="2012-03-04T11:27:54Z" user="rundus" uid="43816">
  <nd ref="1305725810"/>
  <nd ref="1658870065"/>
  <nd ref="1658870147"/>
  <nd ref="1305725917"/>
  <nd ref="1305726152"/>
  <nd ref="1305725850"/>
  <nd ref="1305725810"/>
  <tag k="building" v="yes"/>
 </way>
 <way id="115614739" visible="true" version="3" changeset="126335760" timestamp="2022-09-18T15:39:57Z" user="sorzebs" uid="7196034">
  <nd ref="1305726076"/>
  <nd ref="1305726192"/>
  <nd ref="1305725936"/>
  <nd ref="1305725822"/>
  <nd ref="3037347670"/>
  <nd ref="3037347671"/>
  <nd ref="1305726076"/>
  <tag k="building" v="apartments"/>
 </way>
 <way id="115614740" visible="true" version="1" changeset="8291368" timestamp="2011-05-30T11:57:58Z" user="kaiD" uid="282726">
  <nd ref="1305726024"/>
  <nd ref="1305726123"/>
  <nd ref="1305725896"/>
  <nd ref="1305725801"/>
  <nd ref="1305726024"/>
  <tag k="building" v="yes"/>
 </way>
 <way id="115614746" visible="true" version="3" changeset="27986480" timestamp="2015-01-07T22:08:41Z" user="Swen Wacker" uid="327655">
  <nd ref="1305726061"/>
  <nd ref="1650431231"/>
  <nd ref="1650431211"/>
  <nd ref="3275337529"/>
  <nd ref="1650431210"/>
  <nd ref="1650431228"/>
  <nd ref="1305725819"/>
  <nd ref="1305725931"/>
  <nd ref="1650431257"/>
  <nd ref="1650431270"/>
  <nd ref="1650431272"/>
  <nd ref="1650431258"/>
  <nd ref="1650431262"/>
  <nd ref="1650431274"/>
  <nd ref="1650431276"/>
  <nd ref="1650431266"/>
  <nd ref="1305726185"/>
  <nd ref="1305726061"/>
  <tag k="building" v="yes"/>
 </way>
 <way id="134108268" visible="true" version="2" changeset="155570487" timestamp="2024-08-21T17:28:19Z" user="oz42" uid="20098342">
  <nd ref="1474926807"/>
  <nd ref="1474926825"/>
  <tag k="check_date:surface" v="2024-08-21"/>
  <tag k="highway" v="footway"/>
  <tag k="surface" v="paving_stones"/>
 </way>
 <way id="134108275" visible="true" version="1" changeset="9615108" timestamp="2011-10-21T10:08:23Z" user="Moonwalker" uid="166598">
  <nd ref="1474926793"/>
  <nd ref="1474926823"/>
  <tag k="highway" v="footway"/>
  <tag k="surface" v="paving_stones"/>
 </way>
 <way id="134108277" visible="true" version="1" changeset="9615108" timestamp="2011-10-21T10:08:23Z" user="Moonwalker" uid="166598">
  <nd ref="1474926800"/>
  <nd ref="1474926820"/>
  <tag k="highway" v="footway"/>
  <tag k="surface" v="paving_stones"/>
 </way>
 <way id="144888272" visible="true" version="2" changeset="10809765" timestamp="2012-02-27T15:43:09Z" user="rundus" uid="43816">
  <nd ref="1583774800"/>
  <nd ref="1583774841"/>
  <nd ref="1583774854"/>
  <nd ref="1650431250"/>
  <nd ref="1650431235"/>
  <nd ref="1583774873"/>
  <nd ref="1583774800"/>
  <tag k="building" v="yes"/>
 </way>
 <way id="144888280" visible="true" version="5" changeset="144796985" timestamp="2023-12-05T16:28:56Z" user="jp_spino" uid="20650565">
  <nd ref="1583774833"/>
  <nd ref="5387023067"/>
  <nd ref="1583774804"/>
  <nd ref="1583774819"/>
  <nd ref="1583774836"/>
  <nd ref="1583774871"/>
  <nd ref="1583774802"/>
  <nd ref="3519277007"/>
  <nd ref="1583774833"/>
  <tag k="building" v="retail"/>
 </way>
 <way id="144990480" visible="true" version="8" changeset="147237385" timestamp="2024-02-09T00:26:49Z" user="hotteliene" uid="1913655">
  <nd ref="1584670790"/>
  <nd ref="3851385708"/>
  <nd ref="2239449335"/>
  <nd ref="3851385707"/>
  <nd ref="3851385705"/>
  <nd ref="3851385704"/>
  <nd ref="3851385701"/>
  <nd ref="3851385703"/>
  <nd ref="3851385706"/>
  <nd ref="3851385709"/>
  <nd ref="3851385710"/>
  <nd ref="1584670800"/>
  <nd ref="1668269278"/>
  <nd ref="273106548"/>
  <nd ref="1584670790"/>
  <tag k="landuse" v="grass"/>
 </way>
 <way id="147025814" visible="true" version="5" changeset="144797019" timestamp="2023-12-05T15:54:28Z" user="jp_spino" uid="20650565">
  <nd ref="1602186811"/>
  <nd ref="8956510539"/>
  <nd ref="8956510545"/>
  <nd ref="1602186812"/>
  <tag k="bicycle" v="no"/>
  <tag k="foot" v="yes"/>
  <tag k="highway" v="path"/>
  <tag k="horse" v="no"/>
  <tag k="surface" v="paving_stones"/>
  <tag k="trail_visibility" v="good"/>
  <tag k="wheelchair" v="no"/>
 </way>
 <way id="147026326" visible="true" version="6" changeset="154317001" timestamp="2024-07-23T17:16:21Z" user="hotteliene" uid="1913655">
  <nd ref="1841136404"/>
  <nd ref="277126901"/>
  <nd ref="12045936009"/>
  <nd ref="1602190904"/>
  <tag k="highway" v="footway"/>
  <tag k="lit" v="yes"/>
  <tag k="smoothness" v="good"/>
  <tag k="surface" v="paving_stones"/>
 </way>
 <way id="147026767" visible="true" version="4" changeset="159351133" timestamp="2024-11-20T05:27:46Z" user="OSM_RogerWilco" uid="10114909">
  <nd ref="6858784766"/>
  <nd ref="1602194727"/>
  <nd ref="1602194728"/>
  <nd ref="6858784764"/>
  <nd ref="6858784766"/>
  <tag k="leisure" v="pitch"/>
  <tag k="lit" v="yes"/>
  <tag k="sport" v="basketball"/>
  <tag k="surface" v="tartan"/>
 </way>
 <way id="147026768" visible="true" version="4" changeset="159351133" timestamp="2024-11-20T05:27:46Z" user="OSM_RogerWilco" uid="10114909">
  <nd ref="1602194734"/>
  <nd ref="1602194732"/>
  <nd ref="4814069293"/>
  <nd ref="4814069292"/>
  <nd ref="1602194734"/>
  <tag k="access" v="yes"/>
  <tag k="description" v="Volleyball Sand Platz"/>
  <tag k="leisure" v="pitch"/>
  <tag k="lit" v="no"/>
  <tag k="operator" v="Leuphana Universität Lüneburg"/>
  <tag k="sport" v="beachvolleyball"/>
  <tag k="surface" v="sand"/>
 </way>
 <way id="147027403" visible="true" version="7" changeset="154927469" timestamp="2024-08-07T10:11:21Z" user="Katrin_H" uid="19336183">
  <nd ref="1602198229"/>
  <nd ref="1602198232"/>
  <nd ref="1602198236"/>
  <nd ref="1602198234"/>
  <nd ref="1602198229"/>
  <tag k="amenity" v="bicycle_parking"/>
  <tag k="bicycle_parking" v="stands"/>
  <tag k="capacity" v="68"/>
  <tag k="covered" v="no"/>
 </way>
 <way id="147029908" visible="true" version="4" changeset="149307370" timestamp="2024-03-29T11:23:36Z" user="jp_spino" uid="20650565">
  <nd ref="1602226009"/>
  <nd ref="1602226012"/>
  <nd ref="1602226011"/>
  <nd ref="1602226010"/>
  <nd ref="1602226009"/>
  <tag k="amenity" v="arts_centre"/>
  <tag k="check_date" v="2023-12-06"/>
  <tag k="level" v="1"/>
  <tag k="name" v="Initiativen-Räume"/>
 </way>
 <way id="152209171" visible="true" version="2" changeset="155683076" timestamp="2024-08-24T08:11:04Z" user="oz42" uid="20098342">
  <nd ref="1650431232"/>
  <nd ref="1650431342"/>
  <tag k="highway" v="service"/>
  <tag k="service" v="parking_aisle"/>
  <tag k="surface" v="paving_stones"/>
 </way>
 <way id="152209172" visible="true" version="1" changeset="10809765" timestamp="2012-02-27T15:43:03Z" user="rundus" uid="43816">
  <nd ref="1650431298"/>
  <nd ref="1650431300"/>
  <nd ref="1650431292"/>
  <nd ref="1650431290"/>
  <nd ref="1650431298"/>
  <tag k="building" v="yes"/>
 </way>
 <way id="152209175" visible="true" version="1" changeset="10809765" timestamp="2012-02-27T15:43:03Z" user="rundus" uid="43816">
  <nd ref="1650431303"/>
  <nd ref="1650431304"/>
  <nd ref="1650431296"/>
  <nd ref="1650431294"/>
  <nd ref="1650431303"/>
  <tag k="building" v="yes"/>
 </way>
 <way id="152209176" visible="true" version="1" changeset="10809765" timestamp="2012-02-27T15:43:03Z" user="rundus" uid="43816">
  <nd ref="1650431359"/>
  <nd ref="1650431325"/>
  <nd ref="1650431336"/>
  <nd ref="1650431360"/>
  <nd ref="1650431359"/>
  <tag k="building" v="yes"/>
 </way>
 <way id="152209177" visible="true" version="1" changeset="10809765" timestamp="2012-02-27T15:43:03Z" user="rundus" uid="43816">
  <nd ref="1650431381"/>
  <nd ref="1650431384"/>
  <nd ref="1650431386"/>
  <nd ref="1650431382"/>
  <nd ref="1650431381"/>
  <tag k="building" v="yes"/>
 </way>
 <way id="152209180" visible="true" version="8" changeset="173362027" timestamp="2025-10-16T11:47:49Z" user="Ræume" uid="21522606">
  <nd ref="1650431349"/>
  <nd ref="1650431339"/>
  <nd ref="1650431342"/>
  <nd ref="9204349192"/>
  <nd ref="1650431354"/>
  <nd ref="1650431212"/>
  <nd ref="1650431208"/>
  <nd ref="9204349189"/>
  <nd ref="1650431349"/>
  <tag k="access" v="customers"/>
  <tag k="amenity" v="parking"/>
  <tag k="fee" v="no"/>
  <tag k="parking" v="surface"/>
  <tag k="wheelchair" v="yes"/>
 </way>
 <way id="152209181" visible="true" version="1" changeset="10809765" timestamp="2012-02-27T15:43:04Z" user="rundus" uid="43816">
  <nd ref="1650431254"/>
  <nd ref="1650431244"/>
  <nd ref="1650431248"/>
  <nd ref="1650431255"/>
  <nd ref="1650431254"/>
  <tag k="building" v="yes"/>
 </way>
 <way id="152209183" visible="true" version="1" changeset="10809765" timestamp="2012-02-27T15:43:04Z" user="rundus" uid="43816">
  <nd ref="1650431344"/>
  <nd ref="1650431347"/>
  <nd ref="1650431316"/>
  <nd ref="1650431314"/>
  <nd ref="1650431344"/>
  <tag k="building" v="yes"/>
 </way>
 <way id="152209184" visible="true" version="1" changeset="10809765" timestamp="2012-02-27T15:43:04Z" user="rundus" uid="43816">
  <nd ref="1650431284"/>
  <nd ref="1650431246"/>
  <nd ref="1650431242"/>
  <nd ref="1650431278"/>
  <nd ref="1650431284"/>
  <tag k="building" v="yes"/>
 </way>
 <way id="152209185" visible="true" version="1" changeset="10809765" timestamp="2012-02-27T15:43:04Z" user="rundus" uid="43816">
  <nd ref="1650431368"/>
  <nd ref="1650431374"/>
  <nd ref="1650431376"/>
  <nd ref="1650431370"/>
  <nd ref="1650431368"/>
  <tag k="building" v="yes"/>
 </way>
 <way id="152209186" visible="true" version="1" changeset="10809765" timestamp="2012-02-27T15:43:05Z" user="rundus" uid="43816">
  <nd ref="1650431392"/>
  <nd ref="1650431388"/>
  <nd ref="1650431390"/>
  <nd ref="1650431394"/>
  <nd ref="1650431392"/>
  <tag k="building" v="yes"/>
 </way>
 <way id="152209188" visible="true" version="1" changeset="10809765" timestamp="2012-02-27T15:43:05Z" user="rundus" uid="43816">
  <nd ref="1650431233"/>
  <nd ref="1650431234"/>
  <nd ref="1650431186"/>
  <nd ref="1650431184"/>
  <nd ref="1650431183"/>
  <nd ref="1650431233"/>
  <tag k="building" v="yes"/>
 </way>
 <way id="152209189" visible="true" version="2" changeset="27986480" timestamp="2015-01-07T22:08:42Z" user="Swen Wacker" uid="327655">
  <nd ref="1650431264"/>
  <nd ref="1305726222"/>
  <nd ref="1650431268"/>
  <nd ref="3275337486"/>
  <nd ref="1650431337"/>
  <nd ref="1650431322"/>
  <nd ref="1650431319"/>
  <nd ref="1650431264"/>
  <tag k="building" v="yes"/>
 </way>
 <way id="152209190" visible="true" version="2" changeset="27986480" timestamp="2015-01-07T22:08:42Z" user="Swen Wacker" uid="327655">
  <nd ref="1650431286"/>
  <nd ref="3275337505"/>
  <nd ref="1650431358"/>
  <nd ref="1305725860"/>
  <nd ref="1650431351"/>
  <nd ref="1650431280"/>
  <nd ref="1650431282"/>
  <nd ref="1650431286"/>
  <tag k="building" v="yes"/>
 </way>
 <way id="152209191" visible="true" version="1" changeset="10809765" timestamp="2012-02-27T15:43:05Z" user="rundus" uid="43816">
  <nd ref="1650431364"/>
  <nd ref="1650431309"/>
  <nd ref="1650431307"/>
  <nd ref="1650431305"/>
  <nd ref="1650431362"/>
  <nd ref="1305725836"/>
  <nd ref="1650431364"/>
  <tag k="building" v="yes"/>
 </way>
 <way id="152209192" visible="true" version="1" changeset="10809765" timestamp="2012-02-27T15:43:06Z" user="rundus" uid="43816">
  <nd ref="1650431311"/>
  <nd ref="1650431256"/>
  <nd ref="1650431255"/>
  <nd ref="1650431254"/>
  <nd ref="1650431252"/>
  <nd ref="1650431307"/>
  <nd ref="1650431309"/>
  <nd ref="1650431311"/>
  <tag k="building" v="yes"/>
 </way>
 <way id="152209193" visible="true" version="2" changeset="27986480" timestamp="2015-01-07T22:08:43Z" user="Swen Wacker" uid="327655">
  <nd ref="1650431337"/>
  <nd ref="1650431338"/>
  <nd ref="3275337490"/>
  <nd ref="1650431372"/>
  <nd ref="1650431370"/>
  <nd ref="1650431368"/>
  <nd ref="1650431366"/>
  <nd ref="1650431322"/>
  <nd ref="1650431337"/>
  <tag k="building" v="yes"/>
 </way>
 <way id="152209194" visible="true" version="2" changeset="27986480" timestamp="2015-01-07T22:08:43Z" user="Swen Wacker" uid="327655">
  <nd ref="1650431288"/>
  <nd ref="3275337521"/>
  <nd ref="1650431230"/>
  <nd ref="1650431224"/>
  <nd ref="1650431222"/>
  <nd ref="1650431213"/>
  <nd ref="1650431282"/>
  <nd ref="1650431286"/>
  <nd ref="1650431288"/>
  <tag k="building" v="yes"/>
 </way>
 <way id="153027897" visible="true" version="1" changeset="10860230" timestamp="2012-03-03T17:38:35Z" user="rundus" uid="43816">
  <nd ref="1657761790"/>
  <nd ref="1657761822"/>
  <nd ref="1657761836"/>
  <tag k="highway" v="service"/>
  <tag k="service" v="driveway"/>
 </way>
 <way id="153027901" visible="true" version="2" changeset="10867130" timestamp="2012-03-04T11:27:58Z" user="rundus" uid="43816">
  <nd ref="1657761798"/>
  <nd ref="1657761807"/>
  <nd ref="1657761793"/>
  <nd ref="1658870011"/>
  <nd ref="1658870038"/>
  <nd ref="1657761792"/>
  <nd ref="1657761798"/>
  <tag k="building" v="yes"/>
 </way>
 <way id="153027902" visible="true" version="3" changeset="108695957" timestamp="2021-07-27T15:38:14Z" user="8hjsC7KP" uid="11290223">
  <nd ref="1657761809"/>
  <nd ref="1657761811"/>
  <nd ref="1657761795"/>
  <nd ref="1658869976"/>
  <nd ref="1658870002"/>
  <nd ref="1657761794"/>
  <nd ref="1657761809"/>
  <tag k="building" v="apartments"/>
 </way>
 <way id="153027907" visible="true" version="3" changeset="108695957" timestamp="2021-07-27T15:38:11Z" user="8hjsC7KP" uid="11290223">
  <nd ref="1657761860"/>
  <nd ref="1658869943"/>
  <nd ref="1658869584"/>
  <nd ref="1657761797"/>
  <nd ref="1657761796"/>
  <nd ref="1657761858"/>
  <nd ref="1657761857"/>
  <nd ref="1657761859"/>
  <nd ref="1657761860"/>
  <tag k="building" v="apartments"/>
 </way>
 <way id="153169123" visible="true" version="1" changeset="10867130" timestamp="2012-03-04T11:27:18Z" user="rundus" uid="43816">
  <nd ref="1658869688"/>
  <nd ref="1658870453"/>
  <tag k="highway" v="footway"/>
 </way>
 <way id="153169125" visible="true" version="2" changeset="155468978" timestamp="2024-08-19T16:18:01Z" user="oz42" uid="20098342">
  <nd ref="1658870011"/>
  <nd ref="1658870432"/>
  <tag k="highway" v="footway"/>
  <tag k="surface" v="paving_stones"/>
 </way>
 <way id="153169132" visible="true" version="2" changeset="155468978" timestamp="2024-08-19T16:18:00Z" user="oz42" uid="20098342">
  <nd ref="1658869976"/>
  <nd ref="1658870435"/>
  <tag k="highway" v="footway"/>
  <tag k="surface" v="paving_stones"/>
 </way>
 <way id="153169146" visible="true" version="2" changeset="155468978" timestamp="2024-08-19T16:18:01Z" user="oz42" uid="20098342">
  <nd ref="1658870065"/>
  <nd ref="1658870429"/>
  <tag k="highway" v="footway"/>
  <tag k="surface" v="paving_stones"/>
 </way>
 <way id="153169198" visible="true" version="2" changeset="155468978" timestamp="2024-08-19T16:18:03Z" user="oz42" uid="20098342">
  <nd ref="1658870167"/>
  <nd ref="1658870423"/>
  <tag k="highway" v="footway"/>
  <tag k="surface" v="paving_stones"/>
 </way>
 <way id="153169203" visible="true" version="1" changeset="10867130" timestamp="2012-03-04T11:27:26Z" user="rundus" uid="43816">
  <nd ref="1658869656"/>
  <nd ref="1658870454"/>
  <tag k="highway" v="footway"/>
 </way>
 <way id="153169208" visible="true" version="1" changeset="10867130" timestamp="2012-03-04T11:27:27Z" user="rundus" uid="43816">
  <nd ref="1658869614"/>
  <nd ref="1658870455"/>
  <tag k="highway" v="footway"/>
 </way>
 <way id="153169209" visible="true" version="2" changeset="155468978" timestamp="2024-08-19T16:18:00Z" user="oz42" uid="20098342">
  <nd ref="1658870002"/>
  <nd ref="1658870433"/>
  <tag k="highway" v="footway"/>
  <tag k="surface" v="paving_stones"/>
 </way>
 <way id="153169218" visible="true" version="2" changeset="155468978" timestamp="2024-08-19T16:18:01Z" user="oz42" uid="20098342">
  <nd ref="1658870038"/>
  <nd ref="1658870430"/>
  <tag k="highway" v="footway"/>
  <tag k="surface" v="paving_stones"/>
 </way>
 <way id="153169235" visible="true" version="2" changeset="155468978" timestamp="2024-08-19T16:18:02Z" user="oz42" uid="20098342">
  <nd ref="1658870147"/>
  <nd ref="1658870426"/>
  <tag k="highway" v="footway"/>
  <tag k="surface" v="paving_stones"/>
 </way>
 <way id="153169246" visible="true" version="2" changeset="155468978" timestamp="2024-08-19T16:18:00Z" user="oz42" uid="20098342">
  <nd ref="1658869932"/>
  <nd ref="1658870446"/>
  <tag k="highway" v="footway"/>
  <tag k="surface" v="paving_stones"/>
 </way>
 <way id="153169252" visible="true" version="1" changeset="10867130" timestamp="2012-03-04T11:27:32Z" user="rundus" uid="43816">
  <nd ref="1658870472"/>
  <nd ref="1658870452"/>
  <tag k="highway" v="service"/>
  <tag k="service" v="driveway"/>
 </way>
 <way id="153169274" visible="true" version="2" changeset="155468978" timestamp="2024-08-19T16:18:00Z" user="oz42" uid="20098342">
  <nd ref="1658869931"/>
  <nd ref="1658870477"/>
  <nd ref="1658870448"/>
  <tag k="highway" v="footway"/>
  <tag k="surface" v="paving_stones"/>
 </way>
 <way id="158604443" visible="true" version="6" changeset="151490436" timestamp="2024-05-18T11:57:26Z" user="Karten-Wiesel" uid="21225296">
  <nd ref="5724011356"/>
  <nd ref="10719377335"/>
  <nd ref="5249245052"/>
  <nd ref="1707690978"/>
  <nd ref="1707690981"/>
  <tag k="highway" v="footway"/>
  <tag k="surface" v="paving_stones"/>
 </way>
 <way id="158604445" visible="true" version="16" changeset="159359811" timestamp="2024-11-20T10:38:02Z" user="aseidel" uid="9616280">
  <nd ref="6844110156"/>
  <nd ref="287752991"/>
  <nd ref="1841136511"/>
  <nd ref="6490275133"/>
  <nd ref="10719377319"/>
  <nd ref="274097006"/>
  <nd ref="10719377334"/>
  <nd ref="11972023050"/>
  <nd ref="277696603"/>
  <nd ref="5724011355"/>
  <nd ref="1707690977"/>
  <tag k="class:bicycle" v="1"/>
  <tag k="highway" v="living_street"/>
  <tag k="lit" v="yes"/>
  <tag k="noname" v="yes"/>
  <tag k="smoothness" v="good"/>
  <tag k="surface" v="asphalt"/>
  <tag k="traffic_sign" v="DE:325"/>
 </way>
 <way id="173272298" visible="true" version="5" changeset="161090630" timestamp="2025-01-07T10:54:38Z" user="jp_spino" uid="20650565">
  <nd ref="415919790"/>
  <nd ref="12480204285"/>
  <nd ref="12480204286"/>
  <nd ref="12480204287"/>
  <nd ref="12480204288"/>
  <nd ref="12480204289"/>
  <nd ref="12480204282"/>
  <nd ref="12480204284"/>
  <nd ref="12480204290"/>
  <nd ref="12480204291"/>
  <nd ref="415919793"/>
  <nd ref="415919792"/>
  <nd ref="12480204283"/>
  <nd ref="415919791"/>
  <nd ref="415919790"/>
  <tag k="building" v="university"/>
  <tag k="building:levels" v="1"/>
  <tag k="name" v="Gebäude 25"/>
  <tag k="operator" v="Leuphana Universität Lüneburg"/>
  <tag k="roof:levels" v="0"/>
 </way>
 <way id="173272299" visible="true" version="5" changeset="163183503" timestamp="2025-03-04T02:11:47Z" user="bwbuz" uid="2807324">
  <nd ref="415919794"/>
  <nd ref="415919797"/>
  <nd ref="415919796"/>
  <nd ref="415919795"/>
  <nd ref="415919794"/>
  <tag k="addr:city" v="Lüneburg"/>
  <tag k="addr:country" v="DE"/>
  <tag k="addr:housenumber" v="1"/>
  <tag k="addr:postcode" v="21335"/>
  <tag k="addr:street" v="Scharnhorststraße"/>
  <tag k="building" v="service"/>
  <tag k="building:levels" v="1"/>
  <tag k="name" v="Gebäude 27"/>
  <tag k="ref" v="C27"/>
 </way>
 <way id="173272300" visible="true" version="5" changeset="57271053" timestamp="2018-03-17T16:56:53Z" user="CowboyElliott" uid="7835813">
  <nd ref="448934307"/>
  <nd ref="448934303"/>
  <nd ref="1841136576"/>
  <nd ref="448934304"/>
  <nd ref="448934305"/>
  <nd ref="448934307"/>
  <tag k="building" v="university"/>
  <tag k="building:levels" v="3"/>
  <tag k="name" v="Gebäude 1"/>
  <tag k="operator" v="Leuphana Universität Lüneburg"/>
  <tag k="roof:levels" v="1"/>
  <tag k="roof:shape" v="hipped"/>
  <tag k="wheelchair" v="yes"/>
 </way>
 <way id="173272301" visible="true" version="10" changeset="163183503" timestamp="2025-03-04T02:11:47Z" user="bwbuz" uid="2807324">
  <nd ref="415916353"/>
  <nd ref="415916350"/>
  <nd ref="555939022"/>
  <nd ref="415916351"/>
  <nd ref="415916352"/>
  <nd ref="1841136568"/>
  <nd ref="1841136610"/>
  <nd ref="415916353"/>
  <tag k="addr:city" v="Lüneburg"/>
  <tag k="addr:country" v="DE"/>
  <tag k="addr:housenumber" v="1"/>
  <tag k="addr:postcode" v="21335"/>
  <tag k="addr:street" v="Universitätsallee"/>
  <tag k="building" v="university"/>
  <tag k="building:levels" v="3"/>
  <tag k="name" v="Gebäude 10"/>
  <tag k="note" v="Adresse des Campus ist hier noch mal getaggt, weil in dem Gebäude die Poststelle ist (siehe CS 69795534)"/>
  <tag k="operator" v="Leuphana Universität Lüneburg"/>
  <tag k="ref" v="C10"/>
  <tag k="roof:levels" v="1"/>
  <tag k="roof:shape" v="hipped"/>
  <tag k="source:addr" v="https://www.leuphana.de/impressum.html"/>
  <tag k="wheelchair" v="yes"/>
 </way>
 <way id="173272302" visible="true" version="8" changeset="155898875" timestamp="2024-08-28T20:02:56Z" user="Till_btn" uid="16371836">
  <nd ref="415917739"/>
  <nd ref="415917740"/>
  <nd ref="555939019"/>
  <nd ref="415917741"/>
  <nd ref="415917742"/>
  <nd ref="1841136460"/>
  <nd ref="1841136515"/>
  <nd ref="415917739"/>
  <tag k="building" v="university"/>
  <tag k="building:levels" v="3"/>
  <tag k="name" v="Gebäude 11"/>
  <tag k="operator" v="Leuphana Universität Lüneburg"/>
  <tag k="ref" v="C11"/>
  <tag k="roof:levels" v="1"/>
  <tag k="wheelchair" v="yes"/>
 </way>
 <way id="173272303" visible="true" version="6" changeset="155898875" timestamp="2024-08-28T20:02:56Z" user="Till_btn" uid="16371836">
  <nd ref="415922501"/>
  <nd ref="415922502"/>
  <nd ref="415922503"/>
  <nd ref="417279646"/>
  <nd ref="415922504"/>
  <nd ref="415922501"/>
  <tag k="building" v="university"/>
  <tag k="building:material" v="brick"/>
  <tag k="name" v="Gebäude 14"/>
  <tag k="operator" v="Leuphana Universität Lüneburg"/>
  <tag k="ref" v="C14"/>
  <tag k="roof:shape" v="gabled"/>
  <tag k="wheelchair" v="yes"/>
 </way>
 <way id="173272304" visible="true" version="6" changeset="75187125" timestamp="2019-10-02T12:24:55Z" user="aseidel" uid="9616280">
  <nd ref="415922483"/>
  <nd ref="415922479"/>
  <nd ref="415922474"/>
  <nd ref="415922473"/>
  <nd ref="5387120716"/>
  <nd ref="415922483"/>
  <tag k="addr:housenumber" v="1a"/>
  <tag k="addr:street" v="Scharnhorststraße"/>
  <tag k="building" v="dormitory"/>
  <tag k="name" v="Campus 1"/>
  <tag k="old_name" v="Gebäude 15"/>
  <tag k="operator" v="Campus Management GmbH / Campus Wohnen"/>
  <tag k="wheelchair" v="no"/>
 </way>
 <way id="173272306" visible="true" version="5" changeset="125136496" timestamp="2022-08-20T08:08:41Z" user="Till_btn" uid="16371836">
  <nd ref="415922489"/>
  <nd ref="415922490"/>
  <nd ref="415922491"/>
  <nd ref="415922492"/>
  <nd ref="5387120717"/>
  <nd ref="415922489"/>
  <tag k="building" v="university"/>
  <tag k="building:levels" v="3"/>
  <tag k="name" v="Gebäude 16"/>
  <tag k="operator" v="Leuphana Universität Lüneburg"/>
  <tag k="ref" v="C16"/>
  <tag k="roof:levels" v="1"/>
 </way>
 <way id="173272308" visible="true" version="5" changeset="163860524" timestamp="2025-03-20T12:19:25Z" user="Till_btn" uid="16371836">
  <nd ref="448938484"/>
  <nd ref="448938478"/>
  <nd ref="1474926793"/>
  <nd ref="448938479"/>
  <nd ref="448938482"/>
  <nd ref="3037347678"/>
  <nd ref="3037347677"/>
  <nd ref="3037347680"/>
  <nd ref="3037347673"/>
  <nd ref="3037347681"/>
  <nd ref="448938484"/>
  <tag k="amenity" v="student_accomodation"/>
  <tag k="building" v="dormitory"/>
  <tag k="building:levels" v="4"/>
  <tag k="operator" v="Studierendenwerk OstNiedersachsen"/>
  <tag k="operator:wikidata" v="Q29015688"/>
  <tag k="roof:levels" v="1"/>
 </way>
 <way id="173272309" visible="true" version="2" changeset="27986480" timestamp="2015-01-07T22:08:39Z" user="Swen Wacker" uid="327655">
  <nd ref="448939451"/>
  <nd ref="448939448"/>
  <nd ref="1474926800"/>
  <nd ref="448939449"/>
  <nd ref="448939450"/>
  <nd ref="448939451"/>
  <tag k="building" v="university"/>
  <tag k="name" v="Gebäude 19"/>
  <tag k="operator" v="Leuphana Universität Lüneburg"/>
 </way>
 <way id="173272311" visible="true" version="9" changeset="163860524" timestamp="2025-03-20T12:19:25Z" user="Till_btn" uid="16371836">
  <nd ref="448935708"/>
  <nd ref="448935702"/>
  <nd ref="1474926807"/>
  <nd ref="448935705"/>
  <nd ref="448935707"/>
  <nd ref="448935708"/>
  <tag k="amenity" v="student_accomodation"/>
  <tag k="building" v="dormitory"/>
  <tag k="building:levels" v="3"/>
  <tag k="name" v="Campus 2"/>
  <tag k="old_name" v="Gebäude 2"/>
  <tag k="operator" v="Campus Management GmbH / Campus Wohnen"/>
  <tag k="roof:levels" v="1"/>
  <tag k="roof:shape" v="hipped"/>
  <tag k="wheelchair" v="no"/>
 </way>
 <way id="173272313" visible="true" version="6" changeset="56055016" timestamp="2018-02-04T13:22:28Z" user="muesliviolin" uid="5620526">
  <nd ref="1841136396"/>
  <nd ref="1841136394"/>
  <nd ref="1841136395"/>
  <nd ref="5385801972"/>
  <nd ref="5385801971"/>
  <nd ref="5385801973"/>
  <nd ref="5385801974"/>
  <nd ref="5385801975"/>
  <nd ref="1841136397"/>
  <nd ref="1841136396"/>
  <tag k="building" v="university"/>
  <tag k="building:levels" v="1"/>
  <tag k="name" v="Gebäude 22"/>
  <tag k="operator" v="Leuphana Universität Lüneburg"/>
  <tag k="ref" v="C22"/>
  <tag k="wheelchair" v="yes"/>
 </way>
 <way id="173272314" visible="true" version="3" changeset="83160365" timestamp="2020-04-06T18:06:41Z" user="Konkon153" uid="9132308">
  <nd ref="448939844"/>
  <nd ref="448939840"/>
  <nd ref="1474926803"/>
  <nd ref="448939841"/>
  <nd ref="448939843"/>
  <nd ref="448939844"/>
  <tag k="building" v="dormitory"/>
  <tag k="name" v="Campus 3"/>
  <tag k="old_name" v="Gebäude 35"/>
  <tag k="operator" v="Campus Management GmbH / Campus Wohnen"/>
 </way>
 <way id="173272316" visible="true" version="6" changeset="57271053" timestamp="2018-03-17T16:55:06Z" user="CowboyElliott" uid="7835813">
  <nd ref="448940584"/>
  <nd ref="448940590"/>
  <nd ref="448941497"/>
  <nd ref="448940588"/>
  <nd ref="448940587"/>
  <nd ref="1841136583"/>
  <nd ref="448940584"/>
  <tag k="building" v="university"/>
  <tag k="building:levels" v="3"/>
  <tag k="name" v="Gebäude 4"/>
  <tag k="operator" v="Leuphana Universität Lüneburg"/>
  <tag k="ref" v="C4"/>
  <tag k="roof:levels" v="1"/>
  <tag k="roof:shape" v="hipped"/>
  <tag k="wheelchair" v="yes"/>
 </way>
 <way id="173272318" visible="true" version="6" changeset="56055016" timestamp="2018-02-04T13:22:29Z" user="muesliviolin" uid="5620526">
  <nd ref="1841136525"/>
  <nd ref="1841136530"/>
  <nd ref="448942176"/>
  <nd ref="1841136442"/>
  <nd ref="1841136440"/>
  <nd ref="1841136456"/>
  <nd ref="1841136495"/>
  <nd ref="1841136525"/>
  <tag k="building" v="university"/>
  <tag k="building:levels" v="3"/>
  <tag k="name" v="Gebäude 5"/>
  <tag k="operator" v="Leuphana Universität Lüneburg"/>
  <tag k="ref" v="C5"/>
  <tag k="roof:levels" v="2"/>
  <tag k="roof:shape" v="hipped"/>
  <tag k="wheelchair" v="yes"/>
 </way>
 <way id="173272319" visible="true" version="6" changeset="57271053" timestamp="2018-03-17T16:54:42Z" user="CowboyElliott" uid="7835813">
  <nd ref="448940727"/>
  <nd ref="448941428"/>
  <nd ref="448940728"/>
  <nd ref="448940729"/>
  <nd ref="1841136556"/>
  <nd ref="1841136604"/>
  <nd ref="448940730"/>
  <nd ref="448940727"/>
  <tag k="building" v="university"/>
  <tag k="building:levels" v="3"/>
  <tag k="name" v="Gebäude 6"/>
  <tag k="operator" v="Leuphana Universität Lüneburg"/>
  <tag k="ref" v="C6"/>
  <tag k="roof:levels" v="2"/>
  <tag k="roof:shape" v="hipped"/>
  <tag k="wheelchair" v="yes"/>
 </way>
 <way id="173272321" visible="true" version="7" changeset="133939018" timestamp="2023-03-21T12:36:17Z" user="aseidel" uid="9616280">
  <nd ref="1841136537"/>
  <nd ref="1841136539"/>
  <nd ref="1841136488"/>
  <nd ref="10750730988"/>
  <nd ref="1841136455"/>
  <nd ref="1841136453"/>
  <nd ref="448942687"/>
  <nd ref="1841136537"/>
  <tag k="building" v="university"/>
  <tag k="building:levels" v="3"/>
  <tag k="name" v="Gebäude 7"/>
  <tag k="operator" v="Leuphana Universität Lüneburg"/>
  <tag k="ref" v="C7"/>
  <tag k="roof:levels" v="2"/>
  <tag k="roof:shape" v="hipped"/>
  <tag k="wheelchair" v="yes"/>
 </way>
 <way id="173272324" visible="true" version="6" changeset="54102870" timestamp="2017-11-26T19:01:50Z" user="frink" uid="56557">
  <nd ref="1841136520"/>
  <nd ref="1841136487"/>
  <nd ref="1841136489"/>
  <nd ref="1841136490"/>
  <nd ref="1841136491"/>
  <nd ref="1841136493"/>
  <nd ref="1841136527"/>
  <nd ref="1841136522"/>
  <nd ref="1841136520"/>
  <tag k="building" v="university"/>
  <tag k="building:material" v="brick"/>
  <tag k="name" v="Gebäude 9"/>
  <tag k="ref" v="C9"/>
 </way>
 <way id="173272325" visible="true" version="3" changeset="27849325" timestamp="2015-01-01T21:13:28Z" user="Swen Wacker" uid="327655">
  <nd ref="1841136468"/>
  <nd ref="1841136471"/>
  <nd ref="1841136447"/>
  <nd ref="1841136445"/>
  <nd ref="1841136449"/>
  <nd ref="1841136464"/>
  <nd ref="1841136468"/>
  <tag k="building" v="university"/>
  <tag k="name" v="Hörsaal 1"/>
  <tag k="operator" v="Leuphana Universität Lüneburg"/>
  <tag k="university" v="lecture_hall"/>
  <tag k="wheelchair" v="yes"/>
 </way>
 <way id="173272326" visible="true" version="3" changeset="27849325" timestamp="2015-01-01T21:13:28Z" user="Swen Wacker" uid="327655">
  <nd ref="1841136466"/>
  <nd ref="1841136469"/>
  <nd ref="1841136462"/>
  <nd ref="1841136451"/>
  <nd ref="1841136444"/>
  <nd ref="1841136443"/>
  <nd ref="1841136466"/>
  <tag k="building" v="university"/>
  <tag k="name" v="Hörsaal 2"/>
  <tag k="operator" v="Leuphana Universität Lüneburg"/>
  <tag k="university" v="lecture_hall"/>
  <tag k="wheelchair" v="yes"/>
 </way>
 <way id="173272328" visible="true" version="3" changeset="27849325" timestamp="2015-01-01T21:13:28Z" user="Swen Wacker" uid="327655">
  <nd ref="1841136428"/>
  <nd ref="1841136430"/>
  <nd ref="1841136426"/>
  <nd ref="1841136422"/>
  <nd ref="1841136410"/>
  <nd ref="1841136408"/>
  <nd ref="1841136428"/>
  <tag k="building" v="university"/>
  <tag k="name" v="Hörsaal 3"/>
  <tag k="operator" v="Leuphana Universität Lüneburg"/>
  <tag k="university" v="lecture_hall"/>
  <tag k="wheelchair" v="yes"/>
 </way>
 <way id="173272330" visible="true" version="6" changeset="155898875" timestamp="2024-08-28T20:02:56Z" user="Till_btn" uid="16371836">
  <nd ref="415916790"/>
  <nd ref="6871391528"/>
  <nd ref="415916791"/>
  <nd ref="415916792"/>
  <nd ref="415916793"/>
  <nd ref="415916790"/>
  <tag k="building" v="university"/>
  <tag k="name" v="Hörsaal 5"/>
  <tag k="operator" v="Leuphana Universität Lüneburg"/>
  <tag k="university" v="lecture_hall"/>
  <tag k="wheelchair" v="yes"/>
 </way>
 <way id="173272331" visible="true" version="8" changeset="144798442" timestamp="2023-12-05T16:26:01Z" user="jp_spino" uid="20650565">
  <nd ref="5386954911"/>
  <nd ref="5386954898"/>
  <nd ref="5386954914"/>
  <nd ref="5386954912"/>
  <nd ref="1841136438"/>
  <nd ref="1841136445"/>
  <nd ref="1841136449"/>
  <nd ref="1841136464"/>
  <nd ref="1841136468"/>
  <nd ref="1841136483"/>
  <nd ref="1841136491"/>
  <nd ref="1841136490"/>
  <nd ref="1841136489"/>
  <nd ref="1841136482"/>
  <nd ref="1841136469"/>
  <nd ref="1841136462"/>
  <nd ref="1841136451"/>
  <nd ref="1841136444"/>
  <nd ref="1841136430"/>
  <nd ref="1841136426"/>
  <nd ref="1841136422"/>
  <nd ref="1841136410"/>
  <nd ref="1841136404"/>
  <nd ref="1841136399"/>
  <nd ref="1841136401"/>
  <nd ref="1841136402"/>
  <nd ref="1841136406"/>
  <nd ref="5386954909"/>
  <nd ref="5386954910"/>
  <nd ref="5386954897"/>
  <nd ref="5386954908"/>
  <nd ref="5386954901"/>
  <nd ref="5386954902"/>
  <nd ref="5386954903"/>
  <nd ref="5386954911"/>
  <tag k="building" v="university"/>
  <tag k="level" v="0"/>
  <tag k="name" v="Hörsaalgang"/>
  <tag k="nohousenumber" v="yes"/>
  <tag k="wheelchair" v="yes"/>
 </way>
 <way id="173272332" visible="true" version="2" changeset="131956361" timestamp="2023-02-01T10:12:29Z" user="rupertvdk" uid="9616702">
  <nd ref="1602190904"/>
  <nd ref="1602190903"/>
  <tag k="bicycle" v="no"/>
  <tag k="foot" v="yes"/>
  <tag k="highway" v="path"/>
  <tag k="horse" v="no"/>
  <tag k="name" v="Laubgang"/>
  <tag k="ski" v="no"/>
  <tag k="snowmobile" v="no"/>
  <tag k="surface" v="woodchips"/>
  <tag k="trail_visibility" v="bad"/>
  <tag k="wheelchair" v="no"/>
  <tag k="width" v="2"/>
 </way>
 <way id="173272333" visible="true" version="2" changeset="113848570" timestamp="2021-11-16T11:52:10Z" user="rupertvdk" uid="9616702">
  <nd ref="1841136580"/>
  <nd ref="1841136583"/>
  <tag k="highway" v="footway"/>
  <tag k="surface" v="paving_stones"/>
 </way>
 <way id="173272334" visible="true" version="2" changeset="113071638" timestamp="2021-10-28T08:48:17Z" user="rupertvdk" uid="9616702">
  <nd ref="1841136513"/>
  <nd ref="1841136515"/>
  <tag k="highway" v="footway"/>
  <tag k="surface" v="paving_stones"/>
 </way>
 <way id="173272336" visible="true" version="4" changeset="153780823" timestamp="2024-07-10T11:55:46Z" user="jp_spino" uid="20650565">
  <nd ref="1602190903"/>
  <nd ref="10719377365"/>
  <nd ref="10719377360"/>
  <nd ref="12045936006"/>
  <nd ref="10719377364"/>
  <nd ref="10719377363"/>
  <nd ref="1841136388"/>
  <tag k="highway" v="path"/>
  <tag k="lit" v="no"/>
  <tag k="smoothness" v="intermediate"/>
  <tag k="surface" v="ground"/>
  <tag k="trail_visibility" v="bad"/>
  <tag k="wheelchair" v="no"/>
 </way>
 <way id="173272337" visible="true" version="2" changeset="142872353" timestamp="2023-10-20T14:04:56Z" user="sorzebs" uid="7196034">
  <nd ref="1841136602"/>
  <nd ref="1841136603"/>
  <tag k="highway" v="footway"/>
  <tag k="surface" v="paving_stones"/>
 </way>
 <way id="173272338" visible="true" version="4" changeset="108697815" timestamp="2021-07-27T15:34:13Z" user="8hjsC7KP" uid="11290223">
  <nd ref="7811144925"/>
  <nd ref="448941497"/>
  <tag k="highway" v="footway"/>
  <tag k="lit" v="yes"/>
  <tag k="surface" v="paving_stones"/>
 </way>
 <way id="173272339" visible="true" version="4" changeset="144797019" timestamp="2023-12-05T15:54:57Z" user="jp_spino" uid="20650565">
  <nd ref="1602190903"/>
  <nd ref="10719377366"/>
  <nd ref="10719377367"/>
  <nd ref="1602186811"/>
  <tag k="highway" v="path"/>
  <tag k="informal" v="yes"/>
  <tag k="lit" v="no"/>
  <tag k="surface" v="compacted"/>
 </way>
 <way id="173272340" visible="true" version="2" changeset="121727329" timestamp="2022-05-30T15:57:03Z" user="KTim" uid="75623">
  <nd ref="417279701"/>
  <nd ref="9782479269"/>
  <tag k="highway" v="footway"/>
 </way>
 <way id="173272341" visible="true" version="4" changeset="161165564" timestamp="2025-01-09T11:36:13Z" user="jp_spino" uid="20650565">
  <nd ref="1841136404"/>
  <nd ref="5260908464"/>
  <nd ref="1841136406"/>
  <tag k="covered" v="yes"/>
  <tag k="highway" v="footway"/>
  <tag k="lit" v="yes"/>
  <tag k="surface" v="wood"/>
 </way>
 <way id="173272342" visible="true" version="4" changeset="161165564" timestamp="2025-01-09T11:36:18Z" user="jp_spino" uid="20650565">
  <nd ref="5260908463"/>
  <nd ref="1841136438"/>
  <tag k="covered" v="yes"/>
  <tag k="highway" v="footway"/>
  <tag k="lit" v="yes"/>
  <tag k="surface" v="wood"/>
 </way>
 <way id="173272343" visible="true" version="2" changeset="113071638" timestamp="2021-10-28T08:48:14Z" user="rupertvdk" uid="9616702">
  <nd ref="1841136458"/>
  <nd ref="1841136460"/>
  <tag k="highway" v="footway"/>
  <tag k="surface" v="paving_stones"/>
 </way>
 <way id="173272344" visible="true" version="2" changeset="89378247" timestamp="2020-08-13T22:56:22Z" user="hotteliene" uid="1913655">
  <nd ref="7811144939"/>
  <nd ref="1841136610"/>
  <tag k="highway" v="footway"/>
 </way>
 <way id="173272345" visible="true" version="5" changeset="133410332" timestamp="2023-03-07T16:43:21Z" user="aseidel" uid="9616280">
  <nd ref="448942686"/>
  <nd ref="10537054071"/>
  <nd ref="448942687"/>
  <tag k="highway" v="footway"/>
  <tag k="lit" v="yes"/>
  <tag k="smoothness" v="good"/>
  <tag k="surface" v="paving_stones"/>
 </way>
 <way id="173272346" visible="true" version="2" changeset="159359811" timestamp="2024-11-20T10:38:02Z" user="aseidel" uid="9616280">
  <nd ref="1841136597"/>
  <nd ref="1841136594"/>
  <tag k="highway" v="service"/>
  <tag k="lit" v="no"/>
  <tag k="living_street" v="yes"/>
  <tag k="smoothness" v="good"/>
  <tag k="surface" v="paving_stones"/>
 </way>
 <way id="173272347" visible="true" version="4" changeset="133410332" timestamp="2023-03-07T16:43:21Z" user="aseidel" uid="9616280">
  <nd ref="448942176"/>
  <nd ref="448942686"/>
  <tag k="highway" v="footway"/>
  <tag k="lit" v="yes"/>
  <tag k="smoothness" v="good"/>
  <tag k="surface" v="paving_stones"/>
 </way>
 <way id="173272348" visible="true" version="7" changeset="152330383" timestamp="2024-06-06T12:43:27Z" user="Sonja_H" uid="21545918">
  <nd ref="275907747"/>
  <nd ref="6844035334"/>
  <nd ref="6844035336"/>
  <nd ref="276915534"/>
  <tag k="class:bicycle:description" v="Wert 0 nach LGMaps-Schema ermittelt, daher nicht gesetzt"/>
  <tag k="highway" v="path"/>
  <tag k="lit" v="yes"/>
  <tag k="smoothness" v="good"/>
  <tag k="surface" v="fine_gravel"/>
 </way>
 <way id="173272349" visible="true" version="3" changeset="93627994" timestamp="2020-11-05T23:08:14Z" user="hotteliene" uid="1913655">
  <nd ref="1841136568"/>
  <nd ref="1841136565"/>
  <nd ref="6842808827"/>
  <nd ref="7811144939"/>
  <nd ref="7811144938"/>
  <tag k="bicycle" v="yes"/>
  <tag k="highway" v="footway"/>
 </way>
 <way id="173272350" visible="true" version="2" changeset="142872452" timestamp="2023-10-20T14:07:27Z" user="sorzebs" uid="7196034">
  <nd ref="417279646"/>
  <nd ref="427525337"/>
  <tag k="highway" v="footway"/>
  <tag k="surface" v="paving_stones"/>
 </way>
 <way id="173272351" visible="true" version="2" changeset="113071638" timestamp="2021-10-28T08:48:08Z" user="rupertvdk" uid="9616702">
  <nd ref="1841136483"/>
  <nd ref="1841136485"/>
  <tag k="highway" v="footway"/>
  <tag k="surface" v="paving_stones"/>
 </way>
 <way id="173272353" visible="true" version="3" changeset="161165542" timestamp="2025-01-09T11:36:33Z" user="jp_spino" uid="20650565">
  <nd ref="1841136483"/>
  <nd ref="5260908462"/>
  <nd ref="1841136482"/>
  <tag k="covered" v="yes"/>
  <tag k="highway" v="footway"/>
  <tag k="indoor" v="yes"/>
 </way>
 <way id="173272354" visible="true" version="9" changeset="155898875" timestamp="2024-08-28T20:02:56Z" user="Till_btn" uid="16371836">
  <nd ref="276915530"/>
  <nd ref="7811144915"/>
  <nd ref="448941333"/>
  <nd ref="7811144916"/>
  <nd ref="276915534"/>
  <tag k="highway" v="living_street"/>
  <tag k="lit" v="yes"/>
  <tag k="motor_vehicle" v="delivery"/>
  <tag k="noname" v="yes"/>
  <tag k="smoothness" v="good"/>
  <tag k="surface" v="asphalt"/>
  <tag k="traffic_sign" v="DE:325"/>
 </way>
 <way id="173272355" visible="true" version="5" changeset="154927619" timestamp="2024-08-07T10:04:31Z" user="Katrin_H" uid="19336183">
  <nd ref="1602198223"/>
  <nd ref="5385845492"/>
  <nd ref="277126904"/>
  <tag k="highway" v="footway"/>
  <tag k="lit" v="yes"/>
  <tag k="surface" v="paving_stones"/>
 </way>
 <way id="173272356" visible="true" version="11" changeset="155898875" timestamp="2024-08-28T20:02:56Z" user="Till_btn" uid="16371836">
  <nd ref="1841136559"/>
  <nd ref="1841136571"/>
  <tag k="highway" v="living_street"/>
  <tag k="lit" v="yes"/>
  <tag k="motor_vehicle" v="delivery"/>
  <tag k="noname" v="yes"/>
  <tag k="oneway" v="yes"/>
  <tag k="smoothness" v="good"/>
  <tag k="surface" v="asphalt"/>
  <tag k="traffic_sign" v="DE:325"/>
 </way>
 <way id="173272358" visible="true" version="5" changeset="97052093" timestamp="2021-01-06T13:22:22Z" user="aseidel" uid="9616280">
  <nd ref="1841136511"/>
  <nd ref="1841136500"/>
  <nd ref="6490275135"/>
  <nd ref="1841136497"/>
  <nd ref="1841136502"/>
  <nd ref="6490275139"/>
  <nd ref="5249246400"/>
  <nd ref="5249246399"/>
  <tag k="highway" v="path"/>
  <tag k="surface" v="compacted"/>
 </way>
 <way id="173272359" visible="true" version="5" changeset="79654428" timestamp="2020-01-16T14:35:48Z" user="ma-rt-in" uid="1431737">
  <nd ref="1841136399"/>
  <nd ref="2241738085"/>
  <nd ref="2241738087"/>
  <nd ref="1841136398"/>
  <nd ref="1841136390"/>
  <nd ref="2241738068"/>
  <nd ref="2241738069"/>
  <nd ref="1841136392"/>
  <nd ref="1841136403"/>
  <nd ref="1841136402"/>
  <nd ref="1841136401"/>
  <nd ref="1841136399"/>
  <tag k="building" v="university"/>
  <tag k="building:levels" v="2"/>
 </way>
 <way id="173272360" visible="true" version="11" changeset="151490364" timestamp="2024-05-18T11:59:02Z" user="Karten-Wiesel" uid="21225296">
  <nd ref="415922469"/>
  <nd ref="1707690981"/>
  <nd ref="415922470"/>
  <nd ref="415922471"/>
  <nd ref="415922472"/>
  <nd ref="415922469"/>
  <tag k="addr:city" v="Lüneburg"/>
  <tag k="addr:country" v="DE"/>
  <tag k="addr:housename" v="Kulturhalle"/>
  <tag k="addr:housenumber" v="1"/>
  <tag k="addr:postcode" v="21335"/>
  <tag k="addr:street" v="Scharnhorststraße"/>
  <tag k="addr:unit" v="26"/>
  <tag k="building" v="service"/>
  <tag k="building:levels" v="1"/>
  <tag k="name" v="Gebäude 26"/>
  <tag k="operator" v="Leuphana Universität Lüneburg"/>
  <tag k="wheelchair" v="yes"/>
 </way>
 <way id="173272361" visible="true" version="4" changeset="142872410" timestamp="2023-10-20T14:06:22Z" user="sorzebs" uid="7196034">
  <nd ref="416366029"/>
  <nd ref="416366030"/>
  <nd ref="416366031"/>
  <nd ref="416366032"/>
  <nd ref="416366029"/>
  <tag k="access" v="yes"/>
  <tag k="amenity" v="parking"/>
  <tag k="operator" v="Leuphana Universität Lüneburg"/>
  <tag k="operator:type" v="university"/>
  <tag k="parking" v="surface"/>
  <tag k="ref" v="P2"/>
  <tag k="surface" v="asphalt"/>
 </way>
 <way id="173272362" visible="true" version="10" changeset="159359811" timestamp="2024-11-20T10:38:02Z" user="aseidel" uid="9616280">
  <nd ref="1841136614"/>
  <nd ref="1841136594"/>
  <nd ref="1841136573"/>
  <nd ref="10750730987"/>
  <nd ref="1841136586"/>
  <nd ref="1841136617"/>
  <nd ref="1841136614"/>
  <tag k="access" v="yes"/>
  <tag k="amenity" v="parking"/>
  <tag k="building" v="parking"/>
  <tag k="building:levels" v="2"/>
  <tag k="fee" v="no"/>
  <tag k="note" v="November 2024 level 1 wieder nutzbar, level 2 noch gesperrt"/>
  <tag k="opening_hours" v="Mo-Su 06:00-22:00"/>
  <tag k="parking" v="multi-storey"/>
  <tag k="ref" v="P3"/>
  <tag k="surface" v="concrete"/>
  <tag k="wheelchair" v="limited"/>
 </way>
 <way id="173272363" visible="true" version="7" changeset="121567032" timestamp="2022-05-27T11:21:42Z" user="wheelmap_visitor" uid="290680">
  <nd ref="416366038"/>
  <nd ref="6858784771"/>
  <nd ref="6858784772"/>
  <nd ref="416366037"/>
  <nd ref="416366036"/>
  <nd ref="416366035"/>
  <nd ref="416366034"/>
  <nd ref="416366033"/>
  <nd ref="416366038"/>
  <tag k="access" v="yes"/>
  <tag k="amenity" v="parking"/>
  <tag k="fee" v="no"/>
  <tag k="parking" v="surface"/>
  <tag k="ref" v="P1"/>
  <tag k="wheelchair" v="yes"/>
 </way>
 <way id="178150580" visible="true" version="3" changeset="54102870" timestamp="2017-11-26T19:01:50Z" user="frink" uid="56557">
  <nd ref="1885252652"/>
  <nd ref="1885252654"/>
  <nd ref="1885252650"/>
  <nd ref="1885252647"/>
  <nd ref="1885252652"/>
  <tag k="building" v="university"/>
  <tag k="operator" v="Leuphana Universität Lüneburg"/>
  <tag k="ref" v="C21"/>
 </way>
 <way id="214394841" visible="true" version="16" changeset="165013410" timestamp="2025-04-16T06:58:41Z" user="aseidel" uid="9616280">
  <nd ref="1841136597"/>
  <nd ref="10750730981"/>
  <nd ref="1841136559"/>
  <tag k="highway" v="living_street"/>
  <tag k="lit" v="yes"/>
  <tag k="noname" v="yes"/>
  <tag k="oneway" v="no"/>
  <tag k="smoothness" v="good"/>
  <tag k="surface" v="paving_stones"/>
  <tag k="traffic_sign" v="DE:325"/>
 </way>
 <way id="214394854" visible="true" version="7" changeset="153199617" timestamp="2024-06-26T12:10:09Z" user="aseidel" uid="9616280">
  <nd ref="12012291704"/>
  <nd ref="1046267420"/>
  <nd ref="2239449343"/>
  <nd ref="6220902829"/>
  <nd ref="766573090"/>
  <nd ref="2239449331"/>
  <tag k="bicycle" v="yes"/>
  <tag k="class:bicycle" v="-2"/>
  <tag k="highway" v="footway"/>
  <tag k="lit" v="yes"/>
  <tag k="removed:traffic_sign" v="DE:239,DE:1022-10"/>
  <tag k="smoothness" v="good"/>
  <tag k="surface" v="asphalt"/>
 </way>
 <way id="214394859" visible="true" version="7" changeset="155469027" timestamp="2024-08-19T16:18:28Z" user="oz42" uid="20098342">
  <nd ref="12012291704"/>
  <nd ref="2239449341"/>
  <nd ref="2239449339"/>
  <nd ref="2239449338"/>
  <nd ref="2239449334"/>
  <nd ref="2239449336"/>
  <nd ref="273712613"/>
  <tag k="bicycle" v="designated"/>
  <tag k="foot" v="designated"/>
  <tag k="footway:surface" v="paving_stones"/>
  <tag k="highway" v="path"/>
  <tag k="lit" v="yes"/>
  <tag k="oneway" v="yes"/>
  <tag k="segregated" v="yes"/>
  <tag k="smoothness" v="good"/>
  <tag k="surface" v="paving_stones"/>
  <tag k="traffic_sign" v="none"/>
 </way>
 <way id="214394860" visible="true" version="5" changeset="154927469" timestamp="2024-08-07T10:14:15Z" user="Katrin_H" uid="19336183">
  <nd ref="2239449366"/>
  <nd ref="2239449367"/>
  <nd ref="2239449371"/>
  <nd ref="2239449369"/>
  <nd ref="2239449366"/>
  <tag k="amenity" v="bicycle_parking"/>
  <tag k="bicycle_parking" v="stands"/>
  <tag k="capacity" v="100"/>
  <tag k="covered" v="no"/>
 </way>
 <way id="214406617" visible="true" version="3" changeset="154927469" timestamp="2024-08-07T10:13:58Z" user="Katrin_H" uid="19336183">
  <nd ref="2239548439"/>
  <nd ref="2239548441"/>
  <nd ref="2239548451"/>
  <nd ref="2239548449"/>
  <nd ref="2239548439"/>
  <tag k="amenity" v="bicycle_parking"/>
  <tag k="bicycle_parking" v="stands"/>
  <tag k="capacity" v="52"/>
  <tag k="covered" v="no"/>
 </way>
 <way id="214406619" visible="true" version="3" changeset="154927469" timestamp="2024-08-07T10:01:16Z" user="Katrin_H" uid="19336183">
  <nd ref="2239548447"/>
  <nd ref="2239548426"/>
  <nd ref="2239548425"/>
  <nd ref="2239548445"/>
  <nd ref="2239548447"/>
  <tag k="amenity" v="bicycle_parking"/>
  <tag k="bicycle_parking" v="stands"/>
  <tag k="capacity" v="34"/>
  <tag k="covered" v="no"/>
 </way>
 <way id="214406621" visible="true" version="3" changeset="113071637" timestamp="2021-10-28T08:43:51Z" user="rupertvdk" uid="9616702">
  <nd ref="2239548499"/>
  <nd ref="2239548486"/>
  <nd ref="2239548497"/>
  <nd ref="2239548500"/>
  <nd ref="2239548499"/>
  <tag k="amenity" v="bicycle_parking"/>
  <tag k="bicycle_parking" v="stands"/>
  <tag k="capacity" v="72"/>
  <tag k="covered" v="no"/>
 </way>
 <way id="214406622" visible="true" version="3" changeset="154927469" timestamp="2024-08-07T10:02:36Z" user="Katrin_H" uid="19336183">
  <nd ref="2239548473"/>
  <nd ref="2239548475"/>
  <nd ref="2239548456"/>
  <nd ref="2239548454"/>
  <nd ref="2239548473"/>
  <tag k="amenity" v="bicycle_parking"/>
  <tag k="bicycle_parking" v="stands"/>
  <tag k="capacity" v="40"/>
  <tag k="check_date:capacity" v="2024-08-07"/>
  <tag k="covered" v="no"/>
 </way>
 <way id="214406623" visible="true" version="3" changeset="171065951" timestamp="2025-08-27T08:05:13Z" user="ch-sn" uid="38698">
  <nd ref="2239548516"/>
  <nd ref="2239548514"/>
  <nd ref="2239548504"/>
  <nd ref="2239548506"/>
  <nd ref="2239548512"/>
  <nd ref="2239548516"/>
  <tag k="amenity" v="bicycle_parking"/>
  <tag k="bicycle_parking" v="stands"/>
  <tag k="capacity" v="118"/>
  <tag k="covered" v="no"/>
 </way>
 <way id="214685563" visible="true" version="5" changeset="27986480" timestamp="2015-01-07T22:08:42Z" user="Swen Wacker" uid="327655">
  <nd ref="2241738064"/>
  <nd ref="2241738060"/>
  <nd ref="3039092959"/>
  <nd ref="2241738062"/>
  <nd ref="2241738066"/>
  <nd ref="3051670369"/>
  <nd ref="2241738064"/>
  <tag k="building" v="yes"/>
  <tag k="building:levels" v="2"/>
 </way>
 <way id="299691612" visible="true" version="2" changeset="155468997" timestamp="2024-08-19T16:18:11Z" user="oz42" uid="20098342">
  <nd ref="3037347701"/>
  <nd ref="3037347700"/>
  <tag k="check_date:surface" v="2024-08-19"/>
  <tag k="highway" v="footway"/>
  <tag k="lit" v="yes"/>
  <tag k="surface" v="paving_stones"/>
 </way>
 <way id="299691613" visible="true" version="2" changeset="126335699" timestamp="2022-09-18T15:40:00Z" user="sorzebs" uid="7196034">
  <nd ref="3037347672"/>
  <nd ref="3037347683"/>
  <tag k="check_date:surface" v="2022-09-18"/>
  <tag k="highway" v="footway"/>
  <tag k="surface" v="paving_stones"/>
 </way>
 <way id="299691614" visible="true" version="2" changeset="126335699" timestamp="2022-09-18T15:39:44Z" user="sorzebs" uid="7196034">
  <nd ref="3037347668"/>
  <nd ref="3037347709"/>
  <tag k="check_date:surface" v="2022-09-18"/>
  <tag k="highway" v="footway"/>
  <tag k="surface" v="paving_stones"/>
 </way>
 <way id="299691615" visible="true" version="2" changeset="126335699" timestamp="2022-09-18T15:39:52Z" user="sorzebs" uid="7196034">
  <nd ref="3037347670"/>
  <nd ref="3037347693"/>
  <tag k="check_date:surface" v="2022-09-18"/>
  <tag k="highway" v="footway"/>
  <tag k="surface" v="paving_stones"/>
 </way>
 <way id="299691616" visible="true" version="2" changeset="155468997" timestamp="2024-08-19T16:18:13Z" user="oz42" uid="20098342">
  <nd ref="3037347682"/>
  <nd ref="3037347679"/>
  <tag k="check_date:surface" v="2024-08-19"/>
  <tag k="highway" v="footway"/>
  <tag k="lit" v="yes"/>
  <tag k="surface" v="paving_stones"/>
 </way>
 <way id="299691617" visible="true" version="2" changeset="126335699" timestamp="2022-09-18T15:39:54Z" user="sorzebs" uid="7196034">
  <nd ref="3037347685"/>
  <nd ref="3037347671"/>
  <tag k="check_date:surface" v="2022-09-18"/>
  <tag k="highway" v="footway"/>
  <tag k="surface" v="paving_stones"/>
 </way>
 <way id="299691619" visible="true" version="2" changeset="126335699" timestamp="2022-09-18T15:40:02Z" user="sorzebs" uid="7196034">
  <nd ref="3037347674"/>
  <nd ref="3037347676"/>
  <tag k="check_date:surface" v="2022-09-18"/>
  <tag k="highway" v="footway"/>
  <tag k="surface" v="paving_stones"/>
 </way>
 <way id="299691620" visible="true" version="2" changeset="155570487" timestamp="2024-08-21T17:28:25Z" user="oz42" uid="20098342">
  <nd ref="3037347686"/>
  <nd ref="3037347695"/>
  <nd ref="3037347669"/>
  <tag k="check_date:surface" v="2024-08-21"/>
  <tag k="highway" v="footway"/>
  <tag k="lit" v="yes"/>
  <tag k="surface" v="paving_stones"/>
 </way>
 <way id="299691621" visible="true" version="1" changeset="24960696" timestamp="2014-08-23T17:21:19Z" user="Moonwalker" uid="166598">
  <nd ref="3037347705"/>
  <nd ref="3037347708"/>
  <nd ref="3037347710"/>
  <tag k="highway" v="service"/>
  <tag k="service" v="driveway"/>
  <tag k="surface" v="grass_paver"/>
 </way>
 <way id="299691622" visible="true" version="3" changeset="176966564" timestamp="2026-01-08T02:16:01Z" user="hotteliene" uid="1913655">
  <nd ref="3037347686"/>
  <nd ref="3037347684"/>
  <nd ref="13438934526"/>
  <nd ref="13438934528"/>
  <nd ref="13438934530"/>
  <nd ref="13438934529"/>
  <nd ref="13438934527"/>
  <nd ref="13438934531"/>
  <nd ref="3037347682"/>
  <nd ref="3037347673"/>
  <tag k="check_date:surface" v="2024-08-19"/>
  <tag k="highway" v="footway"/>
  <tag k="lit" v="yes"/>
  <tag k="surface" v="paving_stones"/>
 </way>
 <way id="299691623" visible="true" version="2" changeset="155570487" timestamp="2024-08-21T17:28:26Z" user="oz42" uid="20098342">
  <nd ref="3037347695"/>
  <nd ref="3037347694"/>
  <nd ref="3037347701"/>
  <nd ref="3037347703"/>
  <tag k="check_date:surface" v="2024-08-21"/>
  <tag k="highway" v="footway"/>
  <tag k="lit" v="yes"/>
  <tag k="surface" v="paving_stones"/>
 </way>
 <way id="299691624" visible="true" version="1" changeset="24960696" timestamp="2014-08-23T17:21:20Z" user="Moonwalker" uid="166598">
  <nd ref="3037347689"/>
  <nd ref="3037347687"/>
  <nd ref="3037347686"/>
  <nd ref="3037347685"/>
  <tag k="highway" v="service"/>
  <tag k="service" v="driveway"/>
  <tag k="surface" v="grass_paver"/>
 </way>
 <way id="301056245" visible="true" version="2" changeset="64931364" timestamp="2018-11-27T10:51:43Z" user="JNocke" uid="9155518">
  <nd ref="3051670385"/>
  <nd ref="3051670375"/>
  <nd ref="3051670374"/>
  <nd ref="3051670384"/>
  <nd ref="3051670385"/>
  <tag k="amenity" v="bicycle_parking"/>
  <tag k="bicycle_parking" v="stands"/>
  <tag k="capacity" v="40"/>
  <tag k="covered" v="yes"/>
 </way>
 <way id="301056246" visible="true" version="1" changeset="25135729" timestamp="2014-08-31T11:34:48Z" user="hotteliene" uid="1913655">
  <nd ref="3051670388"/>
  <nd ref="3051670381"/>
  <nd ref="3051670382"/>
  <nd ref="3051670389"/>
  <nd ref="3051670388"/>
  <tag k="access" v="private"/>
  <tag k="amenity" v="parking"/>
 </way>
 <way id="301056247" visible="true" version="2" changeset="144796985" timestamp="2023-12-05T15:50:51Z" user="jp_spino" uid="20650565">
  <nd ref="3051670387"/>
  <nd ref="3051670386"/>
  <nd ref="3051670380"/>
  <nd ref="3051670383"/>
  <nd ref="3051670387"/>
  <tag k="building" v="shed"/>
 </way>
 <way id="301056248" visible="true" version="3" changeset="151604600" timestamp="2024-05-21T00:31:16Z" user="Ræume" uid="21522606">
  <nd ref="3051670366"/>
  <nd ref="3051670364"/>
  <nd ref="3051670361"/>
  <nd ref="3051670365"/>
  <nd ref="3051670366"/>
  <tag k="building" v="roof"/>
  <tag k="layer" v="1"/>
 </way>
 <way id="301056249" visible="true" version="2" changeset="155683070" timestamp="2024-08-24T08:10:59Z" user="oz42" uid="20098342">
  <nd ref="3051670371"/>
  <nd ref="3051670370"/>
  <tag k="highway" v="footway"/>
  <tag k="surface" v="paving_stones"/>
 </way>
 <way id="301056250" visible="true" version="1" changeset="25135729" timestamp="2014-08-31T11:34:48Z" user="hotteliene" uid="1913655">
  <nd ref="3051670376"/>
  <nd ref="3051670373"/>
  <nd ref="3051670369"/>
  <tag k="highway" v="footway"/>
  <tag k="service" v="parking_aisle"/>
  <tag k="surface" v="sett"/>
 </way>
 <way id="301056251" visible="true" version="2" changeset="26970379" timestamp="2014-11-23T11:02:38Z" user="hotteliene" uid="1913655">
  <nd ref="276915529"/>
  <nd ref="3201302957"/>
  <nd ref="3051670377"/>
  <nd ref="3051670376"/>
  <tag k="access" v="private"/>
  <tag k="highway" v="service"/>
  <tag k="service" v="parking_aisle"/>
  <tag k="surface" v="sett"/>
 </way>
 <way id="301056252" visible="true" version="1" changeset="25135729" timestamp="2014-08-31T11:34:48Z" user="hotteliene" uid="1913655">
  <nd ref="3039092959"/>
  <nd ref="3051670367"/>
  <nd ref="3051670368"/>
  <tag k="highway" v="footway"/>
  <tag k="surface" v="sett"/>
 </way>
 <way id="301056253" visible="true" version="2" changeset="75966359" timestamp="2019-10-20T22:36:06Z" user="hotteliene" uid="1913655">
  <nd ref="3051670362"/>
  <nd ref="3051673969"/>
  <nd ref="6901154116"/>
  <nd ref="3051670363"/>
  <nd ref="3051670368"/>
  <nd ref="3051670371"/>
  <nd ref="3051670377"/>
  <tag k="highway" v="footway"/>
  <tag k="surface" v="sett"/>
 </way>
 <way id="301056254" visible="true" version="1" changeset="25135729" timestamp="2014-08-31T11:34:48Z" user="hotteliene" uid="1913655">
  <nd ref="3051670373"/>
  <nd ref="3051670372"/>
  <nd ref="3051670378"/>
  <nd ref="3051670379"/>
  <nd ref="1474926820"/>
  <tag k="highway" v="footway"/>
 </way>
 <way id="301056467" visible="true" version="4" changeset="155683068" timestamp="2024-08-24T08:10:58Z" user="oz42" uid="20098342">
  <nd ref="3051673971"/>
  <nd ref="3051673969"/>
  <nd ref="3051670362"/>
  <nd ref="3051673972"/>
  <nd ref="3051673971"/>
  <tag k="amenity" v="parking"/>
  <tag k="parking" v="street_side"/>
  <tag k="service" v="parking_aisle"/>
  <tag k="surface" v="sett"/>
 </way>
 <way id="301130421" visible="true" version="4" changeset="155570504" timestamp="2024-08-21T17:28:23Z" user="oz42" uid="20098342">
  <nd ref="3052356953"/>
  <nd ref="3052356954"/>
  <nd ref="3052356952"/>
  <nd ref="3052356951"/>
  <nd ref="3052356953"/>
  <tag k="access" v="yes"/>
  <tag k="amenity" v="parking"/>
  <tag k="fee" v="no"/>
  <tag k="parking" v="street_side"/>
  <tag k="surface" v="sett"/>
 </way>
 <way id="301130422" visible="true" version="2" changeset="155683068" timestamp="2024-08-24T08:11:00Z" user="oz42" uid="20098342">
  <nd ref="3052356949"/>
  <nd ref="3052356950"/>
  <nd ref="3052356947"/>
  <nd ref="3052356946"/>
  <nd ref="3052356949"/>
  <tag k="access" v="private"/>
  <tag k="amenity" v="parking"/>
  <tag k="parking" v="surface"/>
  <tag k="surface" v="sett"/>
 </way>
 <way id="301130426" visible="true" version="1" changeset="25145117" timestamp="2014-08-31T18:49:12Z" user="hotteliene" uid="1913655">
  <nd ref="3052356948"/>
  <nd ref="3052356947"/>
  <nd ref="3052356946"/>
  <tag k="highway" v="service"/>
  <tag k="service" v="parking_aisle"/>
  <tag k="surface" v="sett"/>
 </way>
 <way id="314376917" visible="true" version="10" changeset="158652162" timestamp="2024-11-02T10:34:05Z" user="Till_btn" uid="16371836">
  <nd ref="3204268277"/>
  <nd ref="6860081291"/>
  <nd ref="5249245058"/>
  <tag k="class:bicycle" v="-2"/>
  <tag k="highway" v="residential"/>
  <tag k="lit" v="yes"/>
  <tag k="maxspeed" v="30"/>
  <tag k="name" v="Scharnhorststraße"/>
  <tag k="sidewalk" v="both"/>
  <tag k="smoothness" v="intermediate"/>
  <tag k="surface" v="sett"/>
  <tag k="zone:maxspeed" v="DE:30"/>
 </way>
 <way id="345245983" visible="true" version="1" changeset="31169670" timestamp="2015-05-15T11:47:13Z" user="Swen Wacker" uid="327655">
  <nd ref="1583774802"/>
  <nd ref="3519277005"/>
  <nd ref="3519277006"/>
  <nd ref="3519277007"/>
  <nd ref="1583774802"/>
  <tag k="building" v="yes"/>
 </way>
 <way id="480286839" visible="true" version="14" changeset="148806700" timestamp="2024-03-18T09:37:14Z" user="Steffons" uid="15210452">
  <nd ref="6860824130"/>
  <nd ref="6490275149"/>
  <nd ref="4146552191"/>
  <nd ref="4736815135"/>
  <nd ref="5464872655"/>
  <nd ref="5464872658"/>
  <nd ref="6843804100"/>
  <nd ref="5427511317"/>
  <tag k="bicycle" v="yes"/>
  <tag k="class:bicycle:description" v="Wert 0 nach LGMaps Schema ermittelt, daher nicht gesetzt"/>
  <tag k="foot" v="designated"/>
  <tag k="highway" v="footway"/>
  <tag k="lit" v="yes"/>
  <tag k="oneway:bicycle" v="no"/>
  <tag k="segregated" v="no"/>
  <tag k="smoothness" v="good"/>
  <tag k="surface" v="paving_stones"/>
  <tag k="traffic_sign" v="DE:239,1022-10"/>
  <tag k="width" v="3"/>
 </way>
 <way id="480715548" visible="true" version="13" changeset="169010244" timestamp="2025-07-16T12:07:28Z" user="Gerd Fahrenhorst" uid="593937">
  <nd ref="4736814918"/>
  <nd ref="4736814919"/>
  <nd ref="5249245055"/>
  <nd ref="5249245054"/>
  <nd ref="5249245057"/>
  <nd ref="5249245056"/>
  <nd ref="4736815137"/>
  <nd ref="4736814920"/>
  <nd ref="5464872660"/>
  <nd ref="4736815121"/>
  <nd ref="5249245053"/>
  <nd ref="4736815122"/>
  <nd ref="4736815123"/>
  <nd ref="6871391530"/>
  <nd ref="4736815124"/>
  <nd ref="10719373270"/>
  <nd ref="4736815125"/>
  <nd ref="6871391531"/>
  <nd ref="4736815126"/>
  <nd ref="4736815127"/>
  <nd ref="4736815128"/>
  <nd ref="4736815129"/>
  <nd ref="4736815130"/>
  <nd ref="4736815131"/>
  <nd ref="4736815134"/>
  <nd ref="4736814918"/>
  <tag k="addr:city" v="Lüneburg"/>
  <tag k="addr:country" v="DE"/>
  <tag k="addr:housenumber" v="1"/>
  <tag k="addr:postcode" v="21335"/>
  <tag k="addr:street" v="Universitätsallee"/>
  <tag k="building" v="university"/>
  <tag k="building:colour" v="silver"/>
  <tag k="building:levels" v="7"/>
  <tag k="name" v="Leuphana Universität Lüneburg Zentralgebäude C40"/>
  <tag k="ref" v="C40"/>
  <tag k="website" v="https://www.leuphana.de/"/>
  <tag k="wikidata" v="Q758831"/>
  <tag k="wikimedia_commons" v="Category:Zentralgebäude (Leuphana)"/>
  <tag k="wikipedia" v="de:Zentralgebäude (Leuphana)"/>
 </way>
 <way id="480715549" visible="true" version="4" changeset="151490436" timestamp="2024-05-18T11:56:46Z" user="Karten-Wiesel" uid="21225296">
  <nd ref="4736815127"/>
  <nd ref="4736815133"/>
  <tag k="highway" v="footway"/>
  <tag k="surface" v="paving_stones"/>
 </way>
 <way id="480715550" visible="true" version="3" changeset="151490436" timestamp="2024-05-18T11:57:15Z" user="Karten-Wiesel" uid="21225296">
  <nd ref="4736815133"/>
  <nd ref="4736815134"/>
  <tag k="highway" v="footway"/>
  <tag k="surface" v="paving_stones"/>
 </way>
 <way id="489131599" visible="true" version="3" changeset="159351133" timestamp="2024-11-20T05:27:46Z" user="OSM_RogerWilco" uid="10114909">
  <nd ref="4814069294"/>
  <nd ref="4814069295"/>
  <nd ref="4814069296"/>
  <nd ref="4814069297"/>
  <nd ref="4814069294"/>
  <tag k="access" v="yes"/>
  <tag k="description" v="Volleyball Sand Platz"/>
  <tag k="leisure" v="pitch"/>
  <tag k="lit" v="no"/>
  <tag k="operator" v="Leuphana Universität Lüneburg"/>
  <tag k="sport" v="beachvolleyball"/>
  <tag k="surface" v="sand"/>
 </way>
 <way id="542974813" visible="true" version="5" changeset="161165564" timestamp="2025-01-09T11:20:31Z" user="jp_spino" uid="20650565">
  <nd ref="10719377335"/>
  <nd ref="5249245046"/>
  <nd ref="5249245049"/>
  <tag k="highway" v="footway"/>
  <tag k="lit" v="no"/>
  <tag k="smoothness" v="very_bad"/>
  <tag k="surface" v="concrete:plates"/>
 </way>
 <way id="542974814" visible="true" version="2" changeset="133409475" timestamp="2023-03-07T16:19:55Z" user="aseidel" uid="9616280">
  <nd ref="274097005"/>
  <nd ref="10719377333"/>
  <nd ref="5249245050"/>
  <nd ref="5249245049"/>
  <nd ref="5249245048"/>
  <nd ref="5249245047"/>
  <tag k="highway" v="path"/>
  <tag k="lit" v="yes"/>
  <tag k="smoothness" v="excellent"/>
  <tag k="surface" v="paving_stones"/>
 </way>
 <way id="542974815" visible="true" version="8" changeset="133410332" timestamp="2023-03-07T16:43:21Z" user="aseidel" uid="9616280">
  <nd ref="4736815135"/>
  <nd ref="10719377313"/>
  <nd ref="1668269322"/>
  <nd ref="10719377317"/>
  <nd ref="10719377316"/>
  <nd ref="10719377315"/>
  <nd ref="7810713203"/>
  <nd ref="10719377318"/>
  <nd ref="10719377330"/>
  <nd ref="10719377331"/>
  <tag k="highway" v="path"/>
  <tag k="lit" v="yes"/>
  <tag k="smoothness" v="excellent"/>
  <tag k="surface" v="paving_stones"/>
 </way>
 <way id="542974818" visible="true" version="11" changeset="159359811" timestamp="2024-11-20T10:38:02Z" user="aseidel" uid="9616280">
  <nd ref="1841136571"/>
  <nd ref="1841136580"/>
  <nd ref="276915528"/>
  <nd ref="6867891437"/>
  <nd ref="9713836480"/>
  <nd ref="277697077"/>
  <tag k="highway" v="living_street"/>
  <tag k="lit" v="yes"/>
  <tag k="noname" v="yes"/>
  <tag k="oneway" v="yes"/>
  <tag k="oneway:bicycle" v="no"/>
  <tag k="smoothness" v="good"/>
  <tag k="surface" v="paving_stones"/>
  <tag k="traffic_sign" v="DE:325"/>
 </way>
 <way id="542974820" visible="true" version="6" changeset="79639158" timestamp="2020-01-16T08:08:01Z" user="sillywalkss" uid="10663167">
  <nd ref="5249245064"/>
  <nd ref="5249245063"/>
  <nd ref="1602194730"/>
  <nd ref="6858784769"/>
  <nd ref="5249245064"/>
  <tag k="access" v="yes"/>
  <tag k="amenity" v="parking"/>
  <tag k="fee" v="no"/>
  <tag k="parking" v="surface"/>
 </way>
 <way id="542974822" visible="true" version="7" changeset="79639158" timestamp="2020-01-16T08:08:05Z" user="sillywalkss" uid="10663167">
  <nd ref="6858784768"/>
  <nd ref="6858784767"/>
  <nd ref="277126935"/>
  <nd ref="6844341256"/>
  <nd ref="6844341255"/>
  <nd ref="5249245065"/>
  <nd ref="5249245064"/>
  <nd ref="6858784769"/>
  <nd ref="6858784768"/>
  <tag k="access" v="yes"/>
  <tag k="amenity" v="parking"/>
  <tag k="capacity" v="28"/>
  <tag k="fee" v="no"/>
  <tag k="parking" v="surface"/>
  <tag k="ref" v="P4"/>
 </way>
 <way id="544229382" visible="true" version="4" changeset="133940564" timestamp="2023-03-21T13:14:06Z" user="aseidel" uid="9616280">
  <nd ref="5260908461"/>
  <nd ref="386925640"/>
  <nd ref="6867891434"/>
  <nd ref="474727922"/>
  <tag k="bicycle" v="yes"/>
  <tag k="highway" v="footway"/>
  <tag k="incline" v="down"/>
 </way>
 <way id="544229383" visible="true" version="4" changeset="131109980" timestamp="2023-01-10T14:48:55Z" user="rupertvdk" uid="9616702">
  <nd ref="1841136406"/>
  <nd ref="417279249"/>
  <tag k="highway" v="footway"/>
  <tag k="lit" v="yes"/>
  <tag k="smoothness" v="good"/>
  <tag k="surface" v="paving_stones"/>
 </way>
 <way id="544229384" visible="true" version="3" changeset="119997603" timestamp="2022-04-21T11:55:30Z" user="ToniLeffers" uid="15637598">
  <nd ref="1841136438"/>
  <nd ref="275907753"/>
  <tag k="highway" v="footway"/>
  <tag k="lit" v="yes"/>
  <tag k="surface" v="paving_stones"/>
 </way>
 <way id="544229385" visible="true" version="3" changeset="154927493" timestamp="2024-08-07T10:01:52Z" user="Katrin_H" uid="19336183">
  <nd ref="1841136482"/>
  <nd ref="1841136481"/>
  <nd ref="5385845491"/>
  <nd ref="1841136480"/>
  <tag k="highway" v="footway"/>
  <tag k="surface" v="paving_stones"/>
 </way>
 <way id="544229386" visible="true" version="3" changeset="161165564" timestamp="2025-01-09T11:36:04Z" user="jp_spino" uid="20650565">
  <nd ref="1841136401"/>
  <nd ref="5260908464"/>
  <nd ref="5260908463"/>
  <nd ref="5260908462"/>
  <nd ref="1841136490"/>
  <tag k="covered" v="yes"/>
  <tag k="highway" v="footway"/>
  <tag k="lit" v="yes"/>
  <tag k="surface" v="wood"/>
 </way>
 <way id="544229387" visible="true" version="5" changeset="175039089" timestamp="2025-11-23T19:24:03Z" user="frink" uid="56557">
  <nd ref="5260908469"/>
  <nd ref="13326788493"/>
  <nd ref="5260908468"/>
  <nd ref="273706980"/>
  <nd ref="7811144940"/>
  <nd ref="5260908467"/>
  <nd ref="13326788494"/>
  <nd ref="5260908466"/>
  <tag k="highway" v="service"/>
  <tag k="lit" v="yes"/>
  <tag k="service" v="parking_aisle"/>
  <tag k="smoothness" v="good"/>
  <tag k="surface" v="paving_stones"/>
 </way>
 <way id="544230890" visible="true" version="4" changeset="133409475" timestamp="2023-03-07T16:19:55Z" user="aseidel" uid="9616280">
  <nd ref="10719377330"/>
  <nd ref="5260924022"/>
  <nd ref="5249245053"/>
  <tag k="highway" v="path"/>
  <tag k="lit" v="yes"/>
  <tag k="smoothness" v="excellent"/>
  <tag k="surface" v="paving_stones"/>
 </way>
 <way id="544230891" visible="true" version="2" changeset="113844254" timestamp="2021-11-16T10:14:12Z" user="rupertvdk" uid="9616702">
  <nd ref="5260924023"/>
  <nd ref="1841136456"/>
  <tag k="highway" v="footway"/>
  <tag k="surface" v="paving_stones"/>
 </way>
 <way id="544230892" visible="true" version="2" changeset="113844254" timestamp="2021-11-16T10:14:07Z" user="rupertvdk" uid="9616702">
  <nd ref="5260924024"/>
  <nd ref="1841136495"/>
  <tag k="highway" v="footway"/>
  <tag k="surface" v="paving_stones"/>
 </way>
 <way id="544230893" visible="true" version="2" changeset="113848570" timestamp="2021-11-16T11:52:15Z" user="rupertvdk" uid="9616702">
  <nd ref="5260924025"/>
  <nd ref="1841136556"/>
  <tag k="highway" v="footway"/>
  <tag k="surface" v="paving_stones"/>
 </way>
 <way id="544230894" visible="true" version="1" changeset="54283611" timestamp="2017-12-02T22:20:11Z" user="frink" uid="56557">
  <nd ref="5260924026"/>
  <nd ref="1841136604"/>
  <tag k="highway" v="footway"/>
 </way>
 <way id="544230895" visible="true" version="2" changeset="113071638" timestamp="2021-10-28T08:43:52Z" user="rupertvdk" uid="9616702">
  <nd ref="5260924027"/>
  <nd ref="1841136488"/>
  <tag k="highway" v="footway"/>
  <tag k="surface" v="paving_stones"/>
 </way>
 <way id="558482478" visible="true" version="1" changeset="56053367" timestamp="2018-02-04T12:16:07Z" user="muesliviolin" uid="5620526">
  <nd ref="5385752423"/>
  <nd ref="5385752421"/>
  <nd ref="5385752424"/>
  <nd ref="5385752422"/>
  <nd ref="5385752423"/>
  <tag k="amenity" v="waste_disposal"/>
 </way>
 <way id="558486603" visible="true" version="1" changeset="56054093" timestamp="2018-02-04T12:47:15Z" user="muesliviolin" uid="5620526">
  <nd ref="1841136481"/>
  <nd ref="5385845489"/>
  <nd ref="5385845490"/>
  <tag k="highway" v="footway"/>
  <tag k="surface" v="dirt"/>
 </way>
 <way id="558486604" visible="true" version="2" changeset="154927493" timestamp="2024-08-07T10:03:19Z" user="Katrin_H" uid="19336183">
  <nd ref="5385845492"/>
  <nd ref="5385845490"/>
  <nd ref="5385845491"/>
  <tag k="highway" v="footway"/>
  <tag k="surface" v="paving_stones"/>
 </way>
 <way id="558534870" visible="true" version="2" changeset="103585972" timestamp="2021-04-25T18:05:15Z" user="brah22" uid="10872459">
  <nd ref="5386954914"/>
  <nd ref="5386954898"/>
  <nd ref="5386954911"/>
  <nd ref="5386954903"/>
  <nd ref="5386954901"/>
  <nd ref="5386954908"/>
  <nd ref="5386954897"/>
  <nd ref="5386954910"/>
  <nd ref="1841136418"/>
  <nd ref="1841136433"/>
  <nd ref="5386954914"/>
  <tag k="building" v="university"/>
  <tag k="building:levels" v="1"/>
  <tag k="name" v="Hörsaal 4"/>
  <tag k="operator" v="Leuphana Universität Lüneburg"/>
  <tag k="roof:levels" v="0"/>
  <tag k="university" v="lecture_hall"/>
  <tag k="wheelchair" v="yes"/>
 </way>
 <way id="558534871" visible="true" version="2" changeset="113071862" timestamp="2021-10-28T08:49:49Z" user="rupertvdk" uid="9616702">
  <nd ref="5386954906"/>
  <nd ref="5386954900"/>
  <nd ref="5386954904"/>
  <nd ref="5386954907"/>
  <nd ref="5386954908"/>
  <nd ref="5386954901"/>
  <nd ref="5386954902"/>
  <nd ref="5386954906"/>
  <tag k="amenity" v="toilets"/>
  <tag k="fee" v="no"/>
  <tag k="female" v="no"/>
  <tag k="indoor" v="yes"/>
  <tag k="male" v="yes"/>
 </way>
 <way id="558534872" visible="true" version="3" changeset="113071862" timestamp="2021-10-28T08:49:47Z" user="rupertvdk" uid="9616702">
  <nd ref="5386954913"/>
  <nd ref="5386954911"/>
  <nd ref="5386954903"/>
  <nd ref="5386954902"/>
  <nd ref="5386954906"/>
  <nd ref="5386954899"/>
  <nd ref="5386954905"/>
  <nd ref="5386954913"/>
  <tag k="amenity" v="toilets"/>
  <tag k="fee" v="no"/>
  <tag k="female" v="yes"/>
  <tag k="indoor" v="yes"/>
  <tag k="male" v="no"/>
  <tag k="wheelchair" v="yes"/>
 </way>
 <way id="558536890" visible="true" version="4" changeset="155570490" timestamp="2024-08-21T17:28:24Z" user="oz42" uid="20098342">
  <nd ref="1583774833"/>
  <nd ref="5387023067"/>
  <nd ref="5387023066"/>
  <nd ref="5387023065"/>
  <nd ref="1583774833"/>
  <tag k="amenity" v="bicycle_parking"/>
  <tag k="bicycle_parking" v="stands"/>
  <tag k="capacity" v="18"/>
  <tag k="covered" v="yes"/>
 </way>
 <way id="567872730" visible="true" version="7" changeset="154317001" timestamp="2024-07-23T17:16:21Z" user="hotteliene" uid="1913655">
  <nd ref="5464872654"/>
  <nd ref="5464872655"/>
  <nd ref="6859994656"/>
  <nd ref="12070256484"/>
  <nd ref="5464872656"/>
  <tag k="highway" v="service"/>
  <tag k="oneway" v="yes"/>
  <tag k="service" v="driveway"/>
  <tag k="surface" v="asphalt"/>
 </way>
 <way id="567872731" visible="true" version="9" changeset="154317001" timestamp="2024-07-23T17:16:21Z" user="hotteliene" uid="1913655">
  <nd ref="5464872656"/>
  <nd ref="5464872657"/>
  <tag k="highway" v="service"/>
  <tag k="layer" v="-1"/>
  <tag k="maxheight" v="default"/>
  <tag k="oneway" v="yes"/>
  <tag k="service" v="driveway"/>
  <tag k="surface" v="asphalt"/>
  <tag k="tunnel" v="yes"/>
 </way>
 <way id="567872732" visible="true" version="6" changeset="154317001" timestamp="2024-07-23T17:16:21Z" user="hotteliene" uid="1913655">
  <nd ref="5464872657"/>
  <nd ref="2239449373"/>
  <nd ref="5464872658"/>
  <nd ref="5464872659"/>
  <tag k="highway" v="service"/>
  <tag k="oneway" v="yes"/>
  <tag k="service" v="driveway"/>
  <tag k="surface" v="asphalt"/>
 </way>
 <way id="602720066" visible="true" version="4" changeset="133438197" timestamp="2023-03-08T12:13:17Z" user="Reinhard12" uid="7228700">
  <nd ref="5724011352"/>
  <nd ref="5724011351"/>
  <tag k="highway" v="service"/>
  <tag k="lit" v="yes"/>
  <tag k="service" v="parking_aisle"/>
  <tag k="smoothness" v="good"/>
  <tag k="surface" v="paving_stones"/>
 </way>
 <way id="602720067" visible="true" version="4" changeset="155898875" timestamp="2024-08-28T20:02:56Z" user="Till_btn" uid="16371836">
  <nd ref="5724011354"/>
  <nd ref="5724011353"/>
  <nd ref="11972012087"/>
  <nd ref="1841136436"/>
  <tag k="highway" v="living_street"/>
  <tag k="noname" v="yes"/>
  <tag k="service" v="emergency_access"/>
  <tag k="surface" v="sett"/>
 </way>
 <way id="602720068" visible="true" version="9" changeset="159359811" timestamp="2024-11-20T10:38:02Z" user="aseidel" uid="9616280">
  <nd ref="6376385269"/>
  <nd ref="1707690982"/>
  <nd ref="1707690980"/>
  <nd ref="7811144941"/>
  <nd ref="1841136436"/>
  <nd ref="5724011358"/>
  <nd ref="5724011357"/>
  <nd ref="5724011356"/>
  <nd ref="2239449361"/>
  <nd ref="5724011355"/>
  <tag k="class:bicycle" v="1"/>
  <tag k="highway" v="living_street"/>
  <tag k="lit" v="yes"/>
  <tag k="noname" v="yes"/>
  <tag k="smoothness" v="excellent"/>
  <tag k="surface" v="asphalt"/>
  <tag k="traffic_sign" v="DE:325"/>
 </way>
 <way id="644551563" visible="true" version="5" changeset="133409475" timestamp="2023-03-07T16:19:55Z" user="aseidel" uid="9616280">
  <nd ref="6061611984"/>
  <nd ref="6061611983"/>
  <nd ref="9788459945"/>
  <nd ref="10719377332"/>
  <nd ref="9788459944"/>
  <nd ref="6061611982"/>
  <nd ref="6061611981"/>
  <nd ref="6061611984"/>
  <tag k="amenity" v="bicycle_parking"/>
  <tag k="bicycle_parking" v="stands"/>
  <tag k="capacity" v="174"/>
  <tag k="covered" v="no"/>
  <tag k="fee" v="no"/>
 </way>
 <way id="644551564" visible="true" version="2" changeset="81764950" timestamp="2020-03-04T09:06:44Z" user="Julia317" uid="10852383">
  <nd ref="6061611988"/>
  <nd ref="6061611987"/>
  <nd ref="6061611986"/>
  <nd ref="6061611985"/>
  <nd ref="6061611988"/>
  <tag k="leisure" v="park"/>
  <tag k="name" v="Biotopgarten"/>
 </way>
 <way id="649497623" visible="true" version="2" changeset="75600928" timestamp="2019-10-12T13:34:40Z" user="frink" uid="56557">
  <nd ref="6095213400"/>
  <nd ref="6095213401"/>
  <nd ref="1885252647"/>
  <nd ref="6095213403"/>
  <nd ref="6095213400"/>
  <tag k="amenity" v="bicycle_parking"/>
  <tag k="bicycle_parking" v="stands"/>
  <tag k="capacity" v="30"/>
  <tag k="covered" v="no"/>
 </way>
 <way id="649550765" visible="true" version="4" changeset="133409475" timestamp="2023-03-07T16:19:55Z" user="aseidel" uid="9616280">
  <nd ref="1841136502"/>
  <nd ref="6095584716"/>
  <nd ref="6095584717"/>
  <tag k="highway" v="footway"/>
  <tag k="lit" v="yes"/>
  <tag k="surface" v="paving_stones"/>
 </way>
 <way id="649550766" visible="true" version="2" changeset="171066145" timestamp="2025-08-27T08:10:22Z" user="ch-sn" uid="38698">
  <nd ref="6095584719"/>
  <nd ref="6095584720"/>
  <tag k="highway" v="footway"/>
  <tag k="surface" v="paving_stones"/>
 </way>
 <way id="691618606" visible="true" version="4" changeset="121814146" timestamp="2022-06-01T14:01:01Z" user="Madelaine079" uid="15989268">
  <nd ref="6490275133"/>
  <nd ref="6490275134"/>
  <nd ref="9788459942"/>
  <nd ref="9788459943"/>
  <nd ref="6490275135"/>
  <tag k="highway" v="footway"/>
  <tag k="lit" v="no"/>
  <tag k="surface" v="fine_gravel"/>
 </way>
 <way id="691618608" visible="true" version="7" changeset="144798489" timestamp="2023-12-05T16:27:09Z" user="jp_spino" uid="20650565">
  <nd ref="6490275136"/>
  <nd ref="6490275137"/>
  <tag k="handrail" v="no"/>
  <tag k="highway" v="steps"/>
  <tag k="incline" v="down"/>
  <tag k="ramp" v="no"/>
  <tag k="step_count" v="5"/>
  <tag k="surface" v="concrete"/>
  <tag k="tactile_paving" v="no"/>
 </way>
 <way id="691618610" visible="true" version="4" changeset="121814146" timestamp="2022-06-01T14:01:01Z" user="Madelaine079" uid="15989268">
  <nd ref="6490275136"/>
  <nd ref="9788459941"/>
  <nd ref="6490275138"/>
  <nd ref="9788459939"/>
  <nd ref="9788459940"/>
  <nd ref="6490275139"/>
  <tag k="highway" v="footway"/>
  <tag k="lit" v="no"/>
  <tag k="surface" v="fine_gravel"/>
 </way>
 <way id="691618612" visible="true" version="5" changeset="133410332" timestamp="2023-03-07T16:43:21Z" user="aseidel" uid="9616280">
  <nd ref="6490275140"/>
  <nd ref="10719373287"/>
  <nd ref="6490275141"/>
  <nd ref="6490275142"/>
  <nd ref="6490275143"/>
  <nd ref="6490275151"/>
  <nd ref="6490275152"/>
  <nd ref="6490275146"/>
  <nd ref="6490275147"/>
  <nd ref="6490275148"/>
  <nd ref="6867891435"/>
  <nd ref="6490275149"/>
  <tag k="bicycle" v="yes"/>
  <tag k="highway" v="path"/>
  <tag k="incline" v="down"/>
  <tag k="lit" v="yes"/>
  <tag k="smoothness" v="good"/>
  <tag k="surface" v="paving_stones"/>
 </way>
 <way id="691618615" visible="true" version="7" changeset="133410332" timestamp="2023-03-07T16:43:21Z" user="aseidel" uid="9616280">
  <nd ref="6490275141"/>
  <nd ref="6490275151"/>
  <tag k="handrail" v="no"/>
  <tag k="highway" v="steps"/>
  <tag k="incline" v="down"/>
  <tag k="lit" v="yes"/>
  <tag k="ramp" v="separate"/>
  <tag k="ramp:wheelchair" v="separate"/>
  <tag k="smoothness" v="excellent"/>
  <tag k="step_count" v="3"/>
  <tag k="surface" v="paving_stones"/>
 </way>
 <way id="691618617" visible="true" version="7" changeset="133410332" timestamp="2023-03-07T16:43:21Z" user="aseidel" uid="9616280">
  <nd ref="6490275152"/>
  <nd ref="6490275148"/>
  <tag k="handrail" v="no"/>
  <tag k="highway" v="steps"/>
  <tag k="incline" v="down"/>
  <tag k="lit" v="yes"/>
  <tag k="ramp" v="separate"/>
  <tag k="ramp:wheelchair" v="separate"/>
  <tag k="smoothness" v="excellent"/>
  <tag k="step_count" v="3"/>
  <tag k="surface" v="paving_stones"/>
 </way>
 <way id="691618618" visible="true" version="3" changeset="133940564" timestamp="2023-03-21T13:14:06Z" user="aseidel" uid="9616280">
  <nd ref="274228100"/>
  <nd ref="10750862815"/>
  <tag k="highway" v="footway"/>
  <tag k="surface" v="paving_stones"/>
 </way>
 <way id="691618620" visible="true" version="3" changeset="108697815" timestamp="2021-07-27T15:34:18Z" user="8hjsC7KP" uid="11290223">
  <nd ref="1841136589"/>
  <nd ref="6490275155"/>
  <tag k="highway" v="footway"/>
  <tag k="lit" v="yes"/>
  <tag k="surface" v="paving_stones"/>
 </way>
 <way id="691628851" visible="true" version="13" changeset="159359811" timestamp="2024-11-20T10:38:02Z" user="aseidel" uid="9616280">
  <nd ref="1841136458"/>
  <nd ref="1841136485"/>
  <nd ref="1841136513"/>
  <nd ref="277126904"/>
  <nd ref="275907747"/>
  <nd ref="1841136565"/>
  <nd ref="275907728"/>
  <tag k="class:bicycle" v="1"/>
  <tag k="highway" v="living_street"/>
  <tag k="lit" v="yes"/>
  <tag k="noname" v="yes"/>
  <tag k="smoothness" v="good"/>
  <tag k="surface" v="concrete:plates"/>
  <tag k="traffic_sign" v="DE:325"/>
  <tag k="width" v="5"/>
 </way>
 <way id="691628852" visible="true" version="11" changeset="155898875" timestamp="2024-08-28T20:02:56Z" user="Till_btn" uid="16371836">
  <nd ref="1073593897"/>
  <nd ref="1841136458"/>
  <tag k="class:bicycle" v="1"/>
  <tag k="highway" v="living_street"/>
  <tag k="lit" v="yes"/>
  <tag k="noname" v="yes"/>
  <tag k="smoothness" v="good"/>
  <tag k="smoothness:date" v="2024-06-11"/>
  <tag k="surface" v="concrete:plates"/>
  <tag k="traffic_sign" v="DE:325"/>
  <tag k="width" v="5"/>
 </way>
 <way id="721623118" visible="true" version="10" changeset="159359811" timestamp="2024-11-20T10:38:02Z" user="aseidel" uid="9616280">
  <nd ref="417279249"/>
  <nd ref="275907753"/>
  <tag k="class:bicycle" v="1"/>
  <tag k="highway" v="living_street"/>
  <tag k="lit" v="yes"/>
  <tag k="noname" v="yes"/>
  <tag k="smoothness" v="good"/>
  <tag k="surface" v="concrete:plates"/>
  <tag k="traffic_sign" v="DE:325"/>
  <tag k="width" v="5.20"/>
 </way>
 <way id="721623119" visible="true" version="11" changeset="159359811" timestamp="2024-11-20T10:38:02Z" user="aseidel" uid="9616280">
  <nd ref="275907753"/>
  <nd ref="1073593897"/>
  <tag k="class:bicycle" v="1"/>
  <tag k="highway" v="living_street"/>
  <tag k="lit" v="yes"/>
  <tag k="noname" v="yes"/>
  <tag k="smoothness" v="good"/>
  <tag k="surface" v="concrete:plates"/>
  <tag k="traffic_sign" v="DE:325"/>
  <tag k="width" v="5.20"/>
 </way>
 <way id="721941231" visible="true" version="7" changeset="158652162" timestamp="2024-11-02T10:34:05Z" user="Till_btn" uid="16371836">
  <nd ref="5249245058"/>
  <nd ref="7811144938"/>
  <nd ref="274058480"/>
  <tag k="class:bicycle" v="-2"/>
  <tag k="highway" v="residential"/>
  <tag k="lit" v="yes"/>
  <tag k="maxspeed" v="30"/>
  <tag k="name" v="Scharnhorststraße"/>
  <tag k="sidewalk" v="both"/>
  <tag k="smoothness" v="intermediate"/>
  <tag k="surface" v="sett"/>
  <tag k="zone:maxspeed" v="DE:30"/>
 </way>
 <way id="729688490" visible="true" version="4" changeset="171070749" timestamp="2025-08-27T09:59:31Z" user="ch-sn" uid="38698">
  <nd ref="6835389826"/>
  <nd ref="6835389827"/>
  <nd ref="6835389828"/>
  <nd ref="2239449364"/>
  <nd ref="2239449363"/>
  <nd ref="6843804101"/>
  <nd ref="6843804100"/>
  <tag k="bicycle" v="yes"/>
  <tag k="check_date:surface" v="2025-08-27"/>
  <tag k="foot" v="yes"/>
  <tag k="highway" v="path"/>
  <tag k="segregated" v="no"/>
  <tag k="surface" v="unpaved"/>
 </way>
 <way id="730459459" visible="true" version="2" changeset="133940564" timestamp="2023-03-21T13:14:06Z" user="aseidel" uid="9616280">
  <nd ref="10750862814"/>
  <nd ref="6842808828"/>
  <tag k="highway" v="footway"/>
 </way>
 <way id="730459460" visible="true" version="3" changeset="108697815" timestamp="2021-07-27T15:34:26Z" user="8hjsC7KP" uid="11290223">
  <nd ref="6490275155"/>
  <nd ref="6842808829"/>
  <tag k="highway" v="footway"/>
  <tag k="lit" v="yes"/>
  <tag k="surface" v="paving_stones"/>
 </way>
 <way id="730655769" visible="true" version="7" changeset="153199617" timestamp="2024-06-26T12:10:09Z" user="aseidel" uid="9616280">
  <nd ref="5427511317"/>
  <nd ref="4732885192"/>
  <nd ref="2239449348"/>
  <nd ref="12012291704"/>
  <tag k="bicycle" v="yes"/>
  <tag k="class:bicycle:description" v="Wert 0 nach LGMaps Schema ermittelt, daher nicht gesetzt"/>
  <tag k="foot" v="designated"/>
  <tag k="highway" v="footway"/>
  <tag k="lit" v="yes"/>
  <tag k="maxwidth:physical" v="3,50"/>
  <tag k="oneway:bicycle" v="no"/>
  <tag k="segregated" v="no"/>
  <tag k="smoothness" v="good"/>
  <tag k="surface" v="paving_stones"/>
  <tag k="traffic_sign" v="DE:239,1022-10"/>
 </way>
 <way id="730655770" visible="true" version="7" changeset="159360673" timestamp="2024-11-20T11:01:14Z" user="aseidel" uid="9616280">
  <nd ref="5427511317"/>
  <nd ref="6376385268"/>
  <nd ref="12357889203"/>
  <nd ref="1787461037"/>
  <nd ref="4736815132"/>
  <nd ref="6376385269"/>
  <tag k="class:bicycle" v="1"/>
  <tag k="highway" v="living_street"/>
  <tag k="lanes" v="3"/>
  <tag k="lanes:backward" v="2"/>
  <tag k="lanes:forward" v="1"/>
  <tag k="lit" v="yes"/>
  <tag k="noname" v="yes"/>
  <tag k="smoothness" v="excellent"/>
  <tag k="surface" v="asphalt"/>
  <tag k="traffic_sign" v="DE:325"/>
  <tag k="turn:lanes:backward" v="left|through;right"/>
 </way>
 <way id="730683994" visible="true" version="11" changeset="159365067" timestamp="2024-11-20T13:03:26Z" user="aseidel" uid="9616280">
  <nd ref="6844341257"/>
  <nd ref="1474926823"/>
  <nd ref="277126892"/>
  <nd ref="1474926820"/>
  <nd ref="1474926818"/>
  <nd ref="5614864316"/>
  <nd ref="3051560816"/>
  <tag k="class:bicycle" v="1"/>
  <tag k="highway" v="living_street"/>
  <tag k="lit" v="yes"/>
  <tag k="noname" v="yes"/>
  <tag k="smoothness" v="good"/>
  <tag k="surface" v="concrete:plates"/>
  <tag k="traffic_sign" v="DE:325"/>
 </way>
 <way id="730728546" visible="true" version="5" changeset="159365067" timestamp="2024-11-20T13:03:26Z" user="aseidel" uid="9616280">
  <nd ref="5249245061"/>
  <nd ref="6873249902"/>
  <tag k="highway" v="service"/>
  <tag k="lit" v="no"/>
  <tag k="service" v="parking_aisle"/>
  <tag k="smoothness" v="good"/>
  <tag k="surface" v="concrete"/>
 </way>
 <way id="732584734" visible="true" version="1" changeset="75409328" timestamp="2019-10-08T10:54:30Z" user="aseidel" uid="9616280">
  <nd ref="276915535"/>
  <nd ref="391475466"/>
  <tag k="bicycle" v="yes"/>
  <tag k="highway" v="footway"/>
 </way>
 <way id="732584735" visible="true" version="1" changeset="75409328" timestamp="2019-10-08T10:54:30Z" user="aseidel" uid="9616280">
  <nd ref="6860081286"/>
  <nd ref="6860081287"/>
  <nd ref="6860081288"/>
  <nd ref="6860081295"/>
  <nd ref="6860081289"/>
  <nd ref="6860081290"/>
  <nd ref="6860081291"/>
  <tag k="bicycle" v="yes"/>
  <tag k="foot" v="yes"/>
  <tag k="highway" v="path"/>
 </way>
 <way id="732584736" visible="true" version="1" changeset="75409328" timestamp="2019-10-08T10:54:30Z" user="aseidel" uid="9616280">
  <nd ref="6860081292"/>
  <nd ref="6860081293"/>
  <tag k="highway" v="footway"/>
 </way>
 <way id="732584737" visible="true" version="1" changeset="75409328" timestamp="2019-10-08T10:54:30Z" user="aseidel" uid="9616280">
  <nd ref="6860081293"/>
  <nd ref="6860081294"/>
  <tag k="highway" v="steps"/>
 </way>
 <way id="732584738" visible="true" version="1" changeset="75409328" timestamp="2019-10-08T10:54:30Z" user="aseidel" uid="9616280">
  <nd ref="6860081294"/>
  <nd ref="6860081295"/>
  <tag k="highway" v="footway"/>
 </way>
 <way id="732853966" visible="true" version="2" changeset="142872082" timestamp="2023-10-20T13:58:08Z" user="sorzebs" uid="7196034">
  <nd ref="6862449075"/>
  <nd ref="6862449076"/>
  <tag k="highway" v="service"/>
  <tag k="service" v="parking_aisle"/>
  <tag k="surface" v="asphalt"/>
 </way>
 <way id="732853967" visible="true" version="2" changeset="142872082" timestamp="2023-10-20T13:58:08Z" user="sorzebs" uid="7196034">
  <nd ref="6862449077"/>
  <nd ref="6862449078"/>
  <tag k="highway" v="service"/>
  <tag k="service" v="parking_aisle"/>
  <tag k="surface" v="asphalt"/>
 </way>
 <way id="732853968" visible="true" version="2" changeset="142872082" timestamp="2023-10-20T13:58:08Z" user="sorzebs" uid="7196034">
  <nd ref="6862449079"/>
  <nd ref="6862449080"/>
  <tag k="highway" v="service"/>
  <tag k="service" v="parking_aisle"/>
  <tag k="surface" v="asphalt"/>
 </way>
 <way id="732853969" visible="true" version="2" changeset="142872082" timestamp="2023-10-20T13:58:08Z" user="sorzebs" uid="7196034">
  <nd ref="6862449081"/>
  <nd ref="6862449082"/>
  <tag k="highway" v="service"/>
  <tag k="service" v="parking_aisle"/>
  <tag k="surface" v="asphalt"/>
 </way>
 <way id="732853970" visible="true" version="2" changeset="142872082" timestamp="2023-10-20T13:58:08Z" user="sorzebs" uid="7196034">
  <nd ref="6862449083"/>
  <nd ref="6862449084"/>
  <tag k="highway" v="service"/>
  <tag k="service" v="parking_aisle"/>
  <tag k="surface" v="asphalt"/>
 </way>
 <way id="733654028" visible="true" version="3" changeset="171071270" timestamp="2025-08-27T10:01:41Z" user="ch-sn" uid="38698">
  <nd ref="4736815133"/>
  <nd ref="4736815132"/>
  <tag k="highway" v="service"/>
  <tag k="surface" v="paving_stones"/>
 </way>
 <way id="733884386" visible="true" version="3" changeset="159359811" timestamp="2024-11-20T10:38:02Z" user="aseidel" uid="9616280">
  <nd ref="6844341257"/>
  <nd ref="6873249902"/>
  <tag k="highway" v="service"/>
  <tag k="lit" v="no"/>
  <tag k="living_street" v="yes"/>
  <tag k="smoothness" v="bad"/>
  <tag k="surface" v="compacted"/>
  <tag k="tracktype" v="grade3"/>
 </way>
 <way id="733884387" visible="true" version="3" changeset="159359811" timestamp="2024-11-20T10:38:02Z" user="aseidel" uid="9616280">
  <nd ref="5249245062"/>
  <nd ref="5249245060"/>
  <nd ref="6873249903"/>
  <nd ref="6844341260"/>
  <tag k="highway" v="service"/>
  <tag k="lit" v="no"/>
  <tag k="oneway" v="yes"/>
  <tag k="service" v="parking_aisle"/>
  <tag k="smoothness" v="excellent"/>
  <tag k="surface" v="asphalt"/>
 </way>
 <way id="734554342" visible="true" version="5" changeset="159359811" timestamp="2024-11-20T10:38:02Z" user="aseidel" uid="9616280">
  <nd ref="276915530"/>
  <nd ref="1841136571"/>
  <tag k="highway" v="living_street"/>
  <tag k="noname" v="yes"/>
  <tag k="surface" v="asphalt"/>
  <tag k="traffic_sign" v="DE:325"/>
 </way>
 <way id="739878995" visible="true" version="9" changeset="160385649" timestamp="2024-12-19T09:54:38Z" user="ch-sn" uid="38698">
  <nd ref="5249245050"/>
  <nd ref="10719377334"/>
  <tag k="handrail" v="yes"/>
  <tag k="highway" v="steps"/>
  <tag k="incline" v="up"/>
  <tag k="lit" v="yes"/>
  <tag k="ramp" v="yes"/>
  <tag k="ramp:wheelchair" v="yes"/>
  <tag k="step_count" v="10"/>
  <tag k="surface" v="paving_stones"/>
  <tag k="tactile_paving" v="no"/>
 </way>
 <way id="763926689" visible="true" version="2" changeset="158652162" timestamp="2024-11-02T10:34:05Z" user="Till_btn" uid="16371836">
  <nd ref="275907705"/>
  <nd ref="275907714"/>
  <tag k="bicycle" v="yes"/>
  <tag k="bus" v="designated"/>
  <tag k="class:bicycle" v="2"/>
  <tag k="highway" v="service"/>
  <tag k="lit" v="yes"/>
  <tag k="maxspeed" v="30"/>
  <tag k="motor_vehicle" v="no"/>
  <tag k="name" v="Heinrich-Böll-Straße"/>
  <tag k="smoothness" v="good"/>
  <tag k="surface" v="paving_stones"/>
  <tag k="traffic_sign" v="DE:245,1022-10"/>
  <tag k="vehicle" v="no"/>
  <tag k="width" v="5"/>
  <tag k="zone:maxspeed" v="DE:30"/>
 </way>
 <way id="836941829" visible="true" version="1" changeset="89378247" timestamp="2020-08-13T22:56:22Z" user="hotteliene" uid="1913655">
  <nd ref="7811144914"/>
  <nd ref="7811144913"/>
  <nd ref="7811144912"/>
  <nd ref="7811144911"/>
  <nd ref="7811144910"/>
  <nd ref="7811144909"/>
  <nd ref="7811144908"/>
  <nd ref="7811144914"/>
  <tag k="landuse" v="grass"/>
 </way>
 <way id="836941830" visible="true" version="3" changeset="108697815" timestamp="2021-07-27T15:34:08Z" user="8hjsC7KP" uid="11290223">
  <nd ref="7811144917"/>
  <nd ref="7811144915"/>
  <tag k="highway" v="footway"/>
  <tag k="lit" v="yes"/>
  <tag k="surface" v="paving_stones"/>
 </way>
 <way id="836941831" visible="true" version="3" changeset="133410332" timestamp="2023-03-07T16:43:21Z" user="aseidel" uid="9616280">
  <nd ref="448941333"/>
  <nd ref="448942686"/>
  <tag k="highway" v="footway"/>
  <tag k="lit" v="yes"/>
  <tag k="smoothness" v="good"/>
  <tag k="surface" v="paving_stones"/>
 </way>
 <way id="836941832" visible="true" version="3" changeset="108697815" timestamp="2021-07-27T15:34:10Z" user="8hjsC7KP" uid="11290223">
  <nd ref="1841136589"/>
  <nd ref="7811144927"/>
  <nd ref="7811144904"/>
  <nd ref="7811144926"/>
  <nd ref="7811144925"/>
  <nd ref="7811144924"/>
  <nd ref="7811144903"/>
  <nd ref="7811144923"/>
  <nd ref="7811144922"/>
  <nd ref="7811144921"/>
  <nd ref="7811144920"/>
  <nd ref="7811144906"/>
  <nd ref="7811144905"/>
  <nd ref="7811144937"/>
  <nd ref="7811144919"/>
  <nd ref="7811144918"/>
  <nd ref="1841136589"/>
  <tag k="highway" v="footway"/>
  <tag k="lit" v="yes"/>
  <tag k="surface" v="paving_stones"/>
 </way>
 <way id="836941833" visible="true" version="1" changeset="89378247" timestamp="2020-08-13T22:56:22Z" user="hotteliene" uid="1913655">
  <nd ref="7811144936"/>
  <nd ref="7811144900"/>
  <nd ref="7811144935"/>
  <nd ref="7811144899"/>
  <nd ref="7811144934"/>
  <nd ref="7811144933"/>
  <nd ref="7811144932"/>
  <nd ref="7811144898"/>
  <nd ref="7811144931"/>
  <nd ref="7811144902"/>
  <nd ref="7811144930"/>
  <nd ref="7811144901"/>
  <nd ref="7811144936"/>
  <tag k="landuse" v="grass"/>
 </way>
 <way id="836941834" visible="true" version="3" changeset="108697815" timestamp="2021-07-27T15:34:11Z" user="8hjsC7KP" uid="11290223">
  <nd ref="448941428"/>
  <nd ref="7811144937"/>
  <tag k="highway" v="footway"/>
  <tag k="lit" v="yes"/>
  <tag k="surface" v="paving_stones"/>
 </way>
 <way id="867541655" visible="true" version="3" changeset="159359811" timestamp="2024-11-20T10:38:02Z" user="aseidel" uid="9616280">
  <nd ref="275907728"/>
  <nd ref="1841136607"/>
  <nd ref="6867891436"/>
  <nd ref="5249245058"/>
  <tag k="bicycle" v="yes"/>
  <tag k="class:bicycle" v="2"/>
  <tag k="highway" v="living_street"/>
  <tag k="lit" v="yes"/>
  <tag k="noname" v="yes"/>
  <tag k="smoothness" v="intermediate"/>
  <tag k="surface" v="concrete:plates"/>
  <tag k="traffic_sign" v="DE:325"/>
  <tag k="vehicle" v="delivery"/>
  <tag k="width" v="5"/>
 </way>
 <way id="959691225" visible="true" version="3" changeset="158652162" timestamp="2024-11-02T10:34:05Z" user="Till_btn" uid="16371836">
  <nd ref="1181281054"/>
  <nd ref="322048070"/>
  <nd ref="3037347676"/>
  <tag k="class:bicycle" v="-1"/>
  <tag k="highway" v="residential"/>
  <tag k="incline" v="no"/>
  <tag k="lanes" v="2"/>
  <tag k="lit" v="yes"/>
  <tag k="maxspeed" v="30"/>
  <tag k="name" v="Wichernstraße"/>
  <tag k="oneway" v="no"/>
  <tag k="smoothness" v="good"/>
  <tag k="surface" v="asphalt"/>
  <tag k="width" v="5.40"/>
  <tag k="zone:maxspeed" v="DE:30"/>
 </way>
 <way id="959691226" visible="true" version="4" changeset="158652162" timestamp="2024-11-02T10:34:05Z" user="Till_btn" uid="16371836">
  <nd ref="3037347676"/>
  <nd ref="3037347679"/>
  <nd ref="3037347683"/>
  <nd ref="3037347685"/>
  <nd ref="3037347693"/>
  <nd ref="322048060"/>
  <nd ref="3037347700"/>
  <nd ref="3037347705"/>
  <tag k="class:bicycle" v="-1"/>
  <tag k="highway" v="residential"/>
  <tag k="incline" v="no"/>
  <tag k="lanes" v="2"/>
  <tag k="lit" v="yes"/>
  <tag k="maxspeed" v="30"/>
  <tag k="name" v="Wichernstraße"/>
  <tag k="oneway" v="no"/>
  <tag k="smoothness" v="good"/>
  <tag k="surface" v="asphalt"/>
  <tag k="width" v="5.40"/>
  <tag k="zone:maxspeed" v="DE:30"/>
 </way>
 <way id="959691227" visible="true" version="3" changeset="158652162" timestamp="2024-11-02T10:34:05Z" user="Till_btn" uid="16371836">
  <nd ref="3037347705"/>
  <nd ref="3037347709"/>
  <nd ref="3037347711"/>
  <tag k="class:bicycle" v="-1"/>
  <tag k="highway" v="residential"/>
  <tag k="incline" v="no"/>
  <tag k="lanes" v="2"/>
  <tag k="lit" v="yes"/>
  <tag k="maxspeed" v="30"/>
  <tag k="name" v="Wichernstraße"/>
  <tag k="oneway" v="no"/>
  <tag k="smoothness" v="good"/>
  <tag k="surface" v="asphalt"/>
  <tag k="width" v="5.40"/>
  <tag k="zone:maxspeed" v="DE:30"/>
 </way>
 <way id="968106831" visible="true" version="4" changeset="182263112" timestamp="2026-05-05T18:26:34Z" user="Ræume" uid="21522606">
  <nd ref="8956510539"/>
  <nd ref="8956510540"/>
  <nd ref="8956510541"/>
  <nd ref="8956510542"/>
  <nd ref="8956510543"/>
  <nd ref="8956510544"/>
  <nd ref="8956510545"/>
  <nd ref="8956510539"/>
  <tag k="access" v="yes"/>
  <tag k="check_date" v="2025-01-07"/>
  <tag k="email" v="dekanat.nachhaltigkeit@leuphana.de"/>
  <tag k="fee" v="no"/>
  <tag k="garden:style" v="forest_garden"/>
  <tag k="garden:type" v="community"/>
  <tag k="leisure" v="garden"/>
  <tag k="name" v="Waldgarten Campus Lüneburg"/>
  <tag k="operator" v="Leuphana Universität Lüneburg / essbarer Campus Lüneburg"/>
  <tag k="operator:type" v="university"/>
  <tag k="website" v="https://waldgarten.web.leuphana.de/"/>
 </way>
 <way id="996828990" visible="true" version="3" changeset="173362027" timestamp="2025-10-16T11:47:49Z" user="Ræume" uid="21522606">
  <nd ref="9204349188"/>
  <nd ref="9204349189"/>
  <nd ref="1650431349"/>
  <nd ref="1650431339"/>
  <nd ref="1650431342"/>
  <nd ref="9204349192"/>
  <nd ref="9204349194"/>
  <nd ref="9204349190"/>
  <tag k="highway" v="path"/>
  <tag k="smoothness" v="good"/>
  <tag k="surface" v="paving_stones"/>
 </way>
 <way id="996828991" visible="true" version="1" changeset="113027129" timestamp="2021-10-27T09:08:59Z" user="aseidel" uid="9616280">
  <nd ref="9204349191"/>
  <nd ref="9204349195"/>
  <nd ref="9204349192"/>
  <tag k="highway" v="path"/>
  <tag k="smoothness" v="good"/>
  <tag k="surface" v="paving_stones"/>
 </way>
 <way id="996828992" visible="true" version="1" changeset="113027129" timestamp="2021-10-27T09:08:59Z" user="aseidel" uid="9616280">
  <nd ref="9204349193"/>
  <nd ref="9204349194"/>
  <tag k="highway" v="path"/>
  <tag k="smoothness" v="good"/>
  <tag k="surface" v="paving_stones"/>
 </way>
 <way id="996828993" visible="true" version="1" changeset="113027129" timestamp="2021-10-27T09:08:59Z" user="aseidel" uid="9616280">
  <nd ref="9204349195"/>
  <nd ref="9204349196"/>
  <nd ref="9204349193"/>
  <tag k="highway" v="path"/>
  <tag k="smoothness" v="good"/>
  <tag k="surface" v="paving_stones"/>
 </way>
 <way id="1013544149" visible="true" version="2" changeset="154825601" timestamp="2024-08-04T18:35:13Z" user="OSM_RogerWilco" uid="10114909">
  <nd ref="4732875474"/>
  <nd ref="12092274577"/>
  <tag k="highway" v="path"/>
  <tag k="path" v="crossing"/>
  <tag k="surface" v="asphalt"/>
 </way>
 <way id="1065218210" visible="true" version="1" changeset="121727329" timestamp="2022-05-30T15:57:03Z" user="KTim" uid="75623">
  <nd ref="9782479268"/>
  <nd ref="555939022"/>
  <tag k="highway" v="footway"/>
 </way>
 <way id="1065218211" visible="true" version="1" changeset="121727329" timestamp="2022-05-30T15:57:03Z" user="KTim" uid="75623">
  <nd ref="9782479269"/>
  <nd ref="9782479268"/>
  <tag k="bridge" v="yes"/>
  <tag k="highway" v="footway"/>
 </way>
 <way id="1065872811" visible="true" version="2" changeset="121814290" timestamp="2022-06-01T14:04:25Z" user="Maja See" uid="15922636">
  <nd ref="322048066"/>
  <nd ref="322048067"/>
  <nd ref="322048068"/>
  <nd ref="322048069"/>
  <tag k="class:bicycle" v="2"/>
  <tag k="highway" v="footway"/>
  <tag k="incline" v="0%"/>
  <tag k="lit" v="no"/>
  <tag k="maxwidth:physical" v="0.6"/>
  <tag k="oneway" v="no"/>
  <tag k="smoothness" v="intermediate"/>
  <tag k="surface" v="dirt"/>
  <tag k="tracktype" v="grade3"/>
 </way>
 <way id="1095440108" visible="true" version="4" changeset="168715325" timestamp="2025-07-09T21:14:42Z" user="BlauerRothirsch" uid="21570305">
  <nd ref="10032023333"/>
  <nd ref="10032023334"/>
  <nd ref="10032023335"/>
  <nd ref="10032023336"/>
  <nd ref="10032023333"/>
  <tag k="access" v="yes"/>
  <tag k="amenity" v="parking"/>
  <tag k="fee" v="no"/>
  <tag k="orientation" v="parallel"/>
  <tag k="parking" v="street_side"/>
  <tag k="surface" v="asphalt"/>
 </way>
 <way id="1095440109" visible="true" version="4" changeset="151602165" timestamp="2024-05-20T22:06:15Z" user="Ræume" uid="21522606">
  <nd ref="10032023337"/>
  <nd ref="10032023338"/>
  <nd ref="10032023339"/>
  <nd ref="10032023340"/>
  <nd ref="10032023337"/>
  <tag k="access" v="yes"/>
  <tag k="amenity" v="parking"/>
  <tag k="fee" v="no"/>
  <tag k="orientation" v="parallel"/>
  <tag k="parking" v="street_side"/>
  <tag k="surface" v="asphalt"/>
 </way>
 <way id="1095440110" visible="true" version="4" changeset="168715325" timestamp="2025-07-09T21:14:42Z" user="BlauerRothirsch" uid="21570305">
  <nd ref="10032023341"/>
  <nd ref="10032023342"/>
  <nd ref="10032023343"/>
  <nd ref="10032023344"/>
  <nd ref="10032023341"/>
  <tag k="access" v="yes"/>
  <tag k="amenity" v="parking"/>
  <tag k="fee" v="no"/>
  <tag k="orientation" v="parallel"/>
  <tag k="parking" v="street_side"/>
  <tag k="surface" v="asphalt"/>
 </way>
 <way id="1095440111" visible="true" version="4" changeset="151602165" timestamp="2024-05-20T22:06:15Z" user="Ræume" uid="21522606">
  <nd ref="10032023345"/>
  <nd ref="10032023346"/>
  <nd ref="10032023347"/>
  <nd ref="10032023348"/>
  <nd ref="10032023345"/>
  <tag k="access" v="yes"/>
  <tag k="amenity" v="parking"/>
  <tag k="fee" v="no"/>
  <tag k="orientation" v="parallel"/>
  <tag k="parking" v="street_side"/>
  <tag k="surface" v="asphalt"/>
 </way>
 <way id="1130639889" visible="true" version="1" changeset="131109980" timestamp="2023-01-10T14:48:55Z" user="rupertvdk" uid="9616702">
  <nd ref="10537054071"/>
  <nd ref="10537054072"/>
  <nd ref="10537054073"/>
  <nd ref="8956510545"/>
  <tag k="highway" v="path"/>
  <tag k="informal" v="yes"/>
  <tag k="lit" v="no"/>
  <tag k="surface" v="ground"/>
 </way>
 <way id="1152464158" visible="true" version="1" changeset="133409475" timestamp="2023-03-07T16:19:55Z" user="aseidel" uid="9616280">
  <nd ref="10719377307"/>
  <nd ref="10719377308"/>
  <nd ref="10719377309"/>
  <nd ref="10719377310"/>
  <nd ref="10719377311"/>
  <nd ref="10719377312"/>
  <tag k="barrier" v="wall"/>
  <tag k="est_width" v="0.4"/>
  <tag k="height" v="0.4"/>
  <tag k="material" v="concrete"/>
 </way>
 <way id="1152464159" visible="true" version="1" changeset="133409475" timestamp="2023-03-07T16:19:55Z" user="aseidel" uid="9616280">
  <nd ref="10719377319"/>
  <nd ref="10719377336"/>
  <tag k="highway" v="path"/>
  <tag k="incline" v="down"/>
  <tag k="lit" v="yes"/>
  <tag k="smoothness" v="excellent"/>
  <tag k="surface" v="paving_stones"/>
 </way>
 <way id="1152464160" visible="true" version="1" changeset="133409475" timestamp="2023-03-07T16:19:55Z" user="aseidel" uid="9616280">
  <nd ref="10719377320"/>
  <nd ref="10719377321"/>
  <nd ref="10719377322"/>
  <nd ref="10719377323"/>
  <nd ref="10719377324"/>
  <nd ref="10719377325"/>
  <nd ref="10719377320"/>
  <tag k="landuse" v="flowerbed"/>
 </way>
 <way id="1152464161" visible="true" version="1" changeset="133409475" timestamp="2023-03-07T16:19:55Z" user="aseidel" uid="9616280">
  <nd ref="10719377326"/>
  <nd ref="10719377327"/>
  <tag k="barrier" v="hedge"/>
 </way>
 <way id="1152464162" visible="true" version="1" changeset="133409475" timestamp="2023-03-07T16:19:55Z" user="aseidel" uid="9616280">
  <nd ref="10719377328"/>
  <nd ref="10719377329"/>
  <tag k="barrier" v="hedge"/>
 </way>
 <way id="1152464163" visible="true" version="3" changeset="154317001" timestamp="2024-07-23T17:16:21Z" user="hotteliene" uid="1913655">
  <nd ref="12070256484"/>
  <nd ref="10719373269"/>
  <nd ref="5260924022"/>
  <nd ref="5249245051"/>
  <nd ref="274097005"/>
  <tag k="highway" v="path"/>
  <tag k="lit" v="yes"/>
  <tag k="smoothness" v="excellent"/>
  <tag k="surface" v="paving_stones"/>
 </way>
 <way id="1152464164" visible="true" version="1" changeset="133409475" timestamp="2023-03-07T16:19:55Z" user="aseidel" uid="9616280">
  <nd ref="5249245047"/>
  <nd ref="4736815133"/>
  <tag k="highway" v="path"/>
  <tag k="lit" v="yes"/>
  <tag k="smoothness" v="good"/>
  <tag k="surface" v="paving_stones"/>
 </way>
 <way id="1152464165" visible="true" version="1" changeset="133409475" timestamp="2023-03-07T16:19:55Z" user="aseidel" uid="9616280">
  <nd ref="10719377336"/>
  <nd ref="6095584717"/>
  <nd ref="10719377331"/>
  <tag k="highway" v="path"/>
  <tag k="lit" v="yes"/>
  <tag k="smoothness" v="excellent"/>
  <tag k="surface" v="paving_stones"/>
 </way>
 <way id="1152464166" visible="true" version="2" changeset="160385644" timestamp="2024-12-19T09:54:31Z" user="ch-sn" uid="38698">
  <nd ref="10719377337"/>
  <nd ref="10719377338"/>
  <nd ref="10719377339"/>
  <tag k="amenity" v="bench"/>
  <tag k="backrest" v="yes"/>
  <tag k="material" v="concrete"/>
 </way>
 <way id="1152464167" visible="true" version="1" changeset="133409475" timestamp="2023-03-07T16:19:55Z" user="aseidel" uid="9616280">
  <nd ref="10719377339"/>
  <nd ref="10719377340"/>
  <nd ref="10719377341"/>
  <nd ref="10719377342"/>
  <nd ref="10719377343"/>
  <nd ref="10719377337"/>
  <nd ref="10719377338"/>
  <nd ref="10719377339"/>
  <tag k="landuse" v="flowerbed"/>
 </way>
 <way id="1152464168" visible="true" version="1" changeset="133409475" timestamp="2023-03-07T16:19:55Z" user="aseidel" uid="9616280">
  <nd ref="10719377348"/>
  <nd ref="10719377350"/>
  <nd ref="10719377349"/>
  <tag k="barrier" v="bollard"/>
  <tag k="bicycle" v="yes"/>
  <tag k="material" v="metal"/>
 </way>
 <way id="1152464169" visible="true" version="2" changeset="155898875" timestamp="2024-08-28T20:02:56Z" user="Till_btn" uid="16371836">
  <nd ref="5724011355"/>
  <nd ref="5724011351"/>
  <tag k="highway" v="living_street"/>
  <tag k="motor_vehicle" v="delivery"/>
  <tag k="noname" v="yes"/>
  <tag k="smoothness" v="good"/>
  <tag k="surface" v="paving_stones"/>
  <tag k="traffic_sign" v="DE:325"/>
 </way>
 <way id="1152464170" visible="true" version="2" changeset="153780823" timestamp="2024-07-10T11:55:46Z" user="jp_spino" uid="20650565">
  <nd ref="10719377352"/>
  <nd ref="10719377353"/>
  <nd ref="10719377359"/>
  <nd ref="10719377354"/>
  <nd ref="10719377355"/>
  <nd ref="12045936008"/>
  <nd ref="10719377356"/>
  <tag k="highway" v="footway"/>
  <tag k="informal" v="yes"/>
  <tag k="lit" v="no"/>
  <tag k="smoothness" v="intermediate"/>
  <tag k="surface" v="ground"/>
 </way>
 <way id="1152464171" visible="true" version="1" changeset="133409475" timestamp="2023-03-07T16:19:55Z" user="aseidel" uid="9616280">
  <nd ref="10719377357"/>
  <nd ref="10719377358"/>
  <nd ref="10719377359"/>
  <tag k="highway" v="footway"/>
  <tag k="informal" v="yes"/>
  <tag k="smoothness" v="intermediate"/>
  <tag k="surface" v="ground"/>
 </way>
 <way id="1152464172" visible="true" version="2" changeset="154317001" timestamp="2024-07-23T17:16:21Z" user="hotteliene" uid="1913655">
  <nd ref="10719377360"/>
  <nd ref="10719377361"/>
  <nd ref="10719377356"/>
  <nd ref="12070256475"/>
  <nd ref="277126901"/>
  <tag k="highway" v="footway"/>
  <tag k="informal" v="yes"/>
  <tag k="lit" v="no"/>
  <tag k="smoothness" v="intermediate"/>
  <tag k="surface" v="ground"/>
 </way>
 <way id="1152464173" visible="true" version="3" changeset="154317001" timestamp="2024-07-23T17:16:21Z" user="hotteliene" uid="1913655">
  <nd ref="10719377368"/>
  <nd ref="12070256476"/>
  <nd ref="10719377366"/>
  <tag k="highway" v="path"/>
  <tag k="informal" v="yes"/>
  <tag k="lit" v="no"/>
  <tag k="surface" v="compacted"/>
 </way>
 <way id="1152468632" visible="true" version="1" changeset="133410332" timestamp="2023-03-07T16:43:21Z" user="aseidel" uid="9616280">
  <nd ref="7810713203"/>
  <nd ref="10719373269"/>
  <tag k="highway" v="path"/>
  <tag k="lit" v="yes"/>
  <tag k="smoothness" v="excellent"/>
  <tag k="surface" v="paving_stones"/>
 </way>
 <way id="1152468633" visible="true" version="1" changeset="133410332" timestamp="2023-03-07T16:43:21Z" user="aseidel" uid="9616280">
  <nd ref="6490275143"/>
  <nd ref="6490275146"/>
  <tag k="handrail" v="no"/>
  <tag k="highway" v="steps"/>
  <tag k="incline" v="down"/>
  <tag k="lit" v="yes"/>
  <tag k="ramp" v="separate"/>
  <tag k="ramp:wheelchair" v="separate"/>
  <tag k="smoothness" v="excellent"/>
  <tag k="step_count" v="3"/>
  <tag k="surface" v="paving_stones"/>
 </way>
 <way id="1152468634" visible="true" version="1" changeset="133410332" timestamp="2023-03-07T16:43:21Z" user="aseidel" uid="9616280">
  <nd ref="10719373271"/>
  <nd ref="10719373272"/>
  <nd ref="10719373273"/>
  <nd ref="10719373274"/>
  <nd ref="10719373271"/>
  <tag k="landuse" v="flowerbed"/>
 </way>
 <way id="1152468635" visible="true" version="1" changeset="133410332" timestamp="2023-03-07T16:43:21Z" user="aseidel" uid="9616280">
  <nd ref="10719373275"/>
  <nd ref="10719373276"/>
  <nd ref="10719373277"/>
  <nd ref="10719373278"/>
  <nd ref="10719373275"/>
  <tag k="landuse" v="flowerbed"/>
 </way>
 <way id="1152468636" visible="true" version="1" changeset="133410332" timestamp="2023-03-07T16:43:21Z" user="aseidel" uid="9616280">
  <nd ref="10719373279"/>
  <nd ref="10719373280"/>
  <nd ref="10719373281"/>
  <nd ref="10719373282"/>
  <nd ref="10719373279"/>
  <tag k="landuse" v="flowerbed"/>
 </way>
 <way id="1152468637" visible="true" version="1" changeset="133410332" timestamp="2023-03-07T16:43:21Z" user="aseidel" uid="9616280">
  <nd ref="10719373283"/>
  <nd ref="10719373284"/>
  <nd ref="10719373285"/>
  <nd ref="10719373286"/>
  <nd ref="10719373283"/>
  <tag k="landuse" v="flowerbed"/>
 </way>
 <way id="1152468638" visible="true" version="3" changeset="163323820" timestamp="2025-03-07T11:43:33Z" user="jkeyser" uid="2299815">
  <nd ref="10719373288"/>
  <nd ref="2239449374"/>
  <tag k="handrail" v="yes"/>
  <tag k="highway" v="steps"/>
  <tag k="incline" v="down"/>
  <tag k="lit" v="no"/>
  <tag k="ramp" v="no"/>
  <tag k="step_count" v="6"/>
  <tag k="surface" v="concrete"/>
  <tag k="tactile_paving" v="no"/>
 </way>
 <way id="1156040150" visible="true" version="2" changeset="179746109" timestamp="2026-03-12T09:42:56Z" user="uebelhacker" uid="2047374">
  <nd ref="1841136576"/>
  <nd ref="10750730981"/>
  <tag k="highway" v="path"/>
  <tag k="surface" v="paving_stones"/>
 </way>
 <way id="1156053154" visible="true" version="1" changeset="133940564" timestamp="2023-03-21T13:14:06Z" user="aseidel" uid="9616280">
  <nd ref="6490275154"/>
  <nd ref="10750862814"/>
  <tag k="highway" v="steps"/>
  <tag k="incline" v="down"/>
  <tag k="surface" v="concrete"/>
  <tag k="wheelchair" v="no"/>
 </way>
 <way id="1156053155" visible="true" version="1" changeset="133940564" timestamp="2023-03-21T13:14:06Z" user="aseidel" uid="9616280">
  <nd ref="10750862815"/>
  <nd ref="6490275154"/>
  <tag k="highway" v="steps"/>
  <tag k="incline" v="down"/>
  <tag k="surface" v="concrete"/>
  <tag k="wheelchair" v="no"/>
 </way>
 <way id="1249845809" visible="true" version="1" changeset="147400834" timestamp="2024-02-13T09:41:48Z" user="Till_btn" uid="16371836">
  <nd ref="11618201181"/>
  <nd ref="11618201180"/>
  <nd ref="11618201179"/>
  <nd ref="11618201178"/>
  <nd ref="11618201181"/>
  <tag k="amenity" v="charging_station"/>
  <tag k="authentication:membership_card" v="yes"/>
  <tag k="capacity" v="4"/>
  <tag k="fee" v="yes"/>
  <tag k="motorcar" v="yes"/>
  <tag k="opening_hours" v="24/7"/>
  <tag k="operator" v="Lünestrom"/>
  <tag k="parking:fee" v="no"/>
  <tag k="socket:type2" v="4"/>
  <tag k="socket:type2:output" v="22 kW"/>
 </way>
 <way id="1267388892" visible="true" version="2" changeset="161090853" timestamp="2025-01-07T11:02:14Z" user="jp_spino" uid="20650565">
  <nd ref="11771241315"/>
  <nd ref="11771241316"/>
  <nd ref="11771241317"/>
  <nd ref="11771241318"/>
  <nd ref="11771241315"/>
  <tag k="access" v="yes"/>
  <tag k="email" v="stud.initiative.essbarer-campus@leuphana.de"/>
  <tag k="fee" v="no"/>
  <tag k="garden:type" v="community"/>
  <tag k="leisure" v="garden"/>
  <tag k="name" v="Biotopbeete"/>
  <tag k="operator" v="essbarer Campus Lüneburg"/>
  <tag k="operator:type" v="community"/>
  <tag k="website" v="https://www.instagram.com/essbarercampus_lueneburg/"/>
 </way>
 <way id="1289605473" visible="true" version="4" changeset="158652162" timestamp="2024-11-02T10:34:05Z" user="Till_btn" uid="16371836">
  <nd ref="521090876"/>
  <nd ref="9204349188"/>
  <nd ref="521090866"/>
  <nd ref="521090869"/>
  <tag k="class:bicycle" v="1"/>
  <tag k="highway" v="residential"/>
  <tag k="lit" v="yes"/>
  <tag k="maxspeed" v="30"/>
  <tag k="name" v="Carl-von-Ossietzky-Straße"/>
  <tag k="smoothness" v="good"/>
  <tag k="surface" v="paving_stones"/>
  <tag k="zone:maxspeed" v="DE:30"/>
 </way>
 <way id="1291295175" visible="true" version="3" changeset="158652162" timestamp="2024-11-02T10:34:05Z" user="Till_btn" uid="16371836">
  <nd ref="11971902067"/>
  <nd ref="521090876"/>
  <tag k="bicycle" v="yes"/>
  <tag k="bus" v="designated"/>
  <tag k="class:bicycle" v="1"/>
  <tag k="highway" v="service"/>
  <tag k="lit" v="yes"/>
  <tag k="maxspeed" v="30"/>
  <tag k="name" v="Heinrich-Böll-Straße"/>
  <tag k="smoothness" v="good"/>
  <tag k="surface" v="paving_stones"/>
  <tag k="traffic_sign" v="DE:245,1022-10"/>
  <tag k="vehicle" v="no"/>
  <tag k="zone:maxspeed" v="DE:30"/>
 </way>
 <way id="1291303465" visible="true" version="2" changeset="163283440" timestamp="2025-03-06T12:27:36Z" user="jkeyser" uid="2299815">
  <nd ref="2239449336"/>
  <nd ref="11972012082"/>
  <nd ref="11972012083"/>
  <nd ref="11972012084"/>
  <nd ref="11972012085"/>
  <nd ref="11972012086"/>
  <nd ref="11972012087"/>
  <tag k="footway" v="sidewalk"/>
  <tag k="highway" v="footway"/>
  <tag k="surface" v="paving_stones"/>
 </way>
 <way id="1296275105" visible="true" version="3" changeset="158652162" timestamp="2024-11-02T10:34:05Z" user="Till_btn" uid="16371836">
  <nd ref="1650431396"/>
  <nd ref="275907705"/>
  <tag k="class:bicycle" v="1"/>
  <tag k="highway" v="residential"/>
  <tag k="lit" v="yes"/>
  <tag k="maxspeed" v="30"/>
  <tag k="name" v="Heinrich-Böll-Straße"/>
  <tag k="smoothness" v="good"/>
  <tag k="surface" v="paving_stones"/>
  <tag k="zone:maxspeed" v="DE:30"/>
 </way>
 <way id="1300520575" visible="true" version="1" changeset="153780823" timestamp="2024-07-10T11:55:46Z" user="jp_spino" uid="20650565">
  <nd ref="12045935999"/>
  <nd ref="12045936000"/>
  <nd ref="12045936001"/>
  <nd ref="12045936002"/>
  <nd ref="12045936003"/>
  <nd ref="12045936004"/>
  <nd ref="12045936005"/>
  <nd ref="1841136396"/>
  <nd ref="12045936006"/>
  <nd ref="12045936007"/>
  <nd ref="12045936008"/>
  <nd ref="10719377356"/>
  <nd ref="12045936009"/>
  <nd ref="12045936010"/>
  <nd ref="12045936011"/>
  <nd ref="12045936012"/>
  <nd ref="12045936013"/>
  <nd ref="12045936014"/>
  <nd ref="12045936015"/>
  <nd ref="12045935999"/>
  <tag k="landuse" v="grass"/>
  <tag k="name:de" v="Leuphana Spielwiese"/>
 </way>
 <way id="1303316600" visible="true" version="1" changeset="154317001" timestamp="2024-07-23T17:16:21Z" user="hotteliene" uid="1913655">
  <nd ref="12070256483"/>
  <nd ref="12070256482"/>
  <nd ref="12070256481"/>
  <nd ref="12070256480"/>
  <nd ref="12070256479"/>
  <nd ref="12070256478"/>
  <nd ref="12070256477"/>
  <nd ref="12070256483"/>
  <tag k="landuse" v="grass"/>
 </way>
 <way id="1305606811" visible="true" version="1" changeset="154825601" timestamp="2024-08-04T18:35:13Z" user="OSM_RogerWilco" uid="10114909">
  <nd ref="12092274577"/>
  <nd ref="6860824130"/>
  <tag k="bicycle" v="yes"/>
  <tag k="highway" v="footway"/>
  <tag k="oneway:bicycle" v="no"/>
  <tag k="surface" v="concrete:plates"/>
  <tag k="traffic_sign" v="DE:239,DE:1022-10"/>
 </way>
 <way id="1335953162" visible="true" version="1" changeset="159365067" timestamp="2024-11-20T13:03:26Z" user="aseidel" uid="9616280">
  <nd ref="1841136559"/>
  <nd ref="1841136517"/>
  <nd ref="1474926825"/>
  <nd ref="3037347710"/>
  <nd ref="3037347689"/>
  <tag k="class:bicycle" v="1"/>
  <tag k="highway" v="living_street"/>
  <tag k="lit" v="yes"/>
  <tag k="noname" v="yes"/>
  <tag k="oneway" v="yes"/>
  <tag k="smoothness" v="good"/>
  <tag k="surface" v="concrete:plates"/>
  <tag k="traffic_sign" v="DE:325"/>
 </way>
 <way id="1335953163" visible="true" version="1" changeset="159365067" timestamp="2024-11-20T13:03:26Z" user="aseidel" uid="9616280">
  <nd ref="3037347689"/>
  <nd ref="11958551137"/>
  <nd ref="6844341257"/>
  <tag k="class:bicycle" v="1"/>
  <tag k="highway" v="living_street"/>
  <tag k="lit" v="yes"/>
  <tag k="noname" v="yes"/>
  <tag k="oneway" v="yes"/>
  <tag k="smoothness" v="good"/>
  <tag k="surface" v="concrete:plates"/>
  <tag k="traffic_sign" v="DE:325"/>
 </way>
 <way id="1335953164" visible="true" version="1" changeset="159365067" timestamp="2024-11-20T13:03:26Z" user="aseidel" uid="9616280">
  <nd ref="6873249902"/>
  <nd ref="6844341259"/>
  <nd ref="6873249903"/>
  <tag k="highway" v="service"/>
  <tag k="lit" v="no"/>
  <tag k="service" v="parking_aisle"/>
  <tag k="smoothness" v="good"/>
  <tag k="surface" v="concrete"/>
 </way>
 <way id="1344523576" visible="true" version="1" changeset="160465765" timestamp="2024-12-21T11:18:25Z" user="Till_btn" uid="16371836">
  <nd ref="12438488256"/>
  <nd ref="12438488261"/>
  <tag k="fitness_station" v="fitness_pole"/>
 </way>
 <way id="1344523577" visible="true" version="1" changeset="160465765" timestamp="2024-12-21T11:18:25Z" user="Till_btn" uid="16371836">
  <nd ref="12438488261"/>
  <nd ref="12438488260"/>
  <tag k="fitness_station" v="wall_bars"/>
 </way>
 <way id="1344523578" visible="true" version="1" changeset="160465765" timestamp="2024-12-21T11:18:25Z" user="Till_btn" uid="16371836">
  <nd ref="12438488259"/>
  <nd ref="12438488258"/>
  <tag k="fitness_station" v="horizontal_bar"/>
 </way>
 <way id="1344523579" visible="true" version="1" changeset="160465765" timestamp="2024-12-21T11:18:25Z" user="Till_btn" uid="16371836">
  <nd ref="12438488260"/>
  <nd ref="12438488259"/>
  <tag k="fitness_station" v="horizontal_bar"/>
 </way>
 <way id="1344523580" visible="true" version="1" changeset="160465765" timestamp="2024-12-21T11:18:25Z" user="Till_btn" uid="16371836">
  <nd ref="12438488260"/>
  <nd ref="12438488257"/>
  <tag k="fitness_station" v="horizontal_bar"/>
 </way>
 <way id="1344523581" visible="true" version="1" changeset="160465765" timestamp="2024-12-21T11:18:25Z" user="Till_btn" uid="16371836">
  <nd ref="12438488262"/>
  <nd ref="12438488261"/>
  <tag k="fitness_station" v="horizontal_bar"/>
 </way>
 <way id="1344523582" visible="true" version="1" changeset="160465765" timestamp="2024-12-21T11:18:25Z" user="Till_btn" uid="16371836">
  <nd ref="12438488264"/>
  <nd ref="12438488263"/>
  <tag k="fitness_station" v="horizontal_bar"/>
 </way>
 <way id="1344523583" visible="true" version="1" changeset="160465765" timestamp="2024-12-21T11:18:25Z" user="Till_btn" uid="16371836">
  <nd ref="12438488266"/>
  <nd ref="12438488265"/>
  <tag k="fitness_station" v="horizontal_bar"/>
 </way>
 <way id="1344523584" visible="true" version="1" changeset="160465765" timestamp="2024-12-21T11:18:25Z" user="Till_btn" uid="16371836">
  <nd ref="12438488265"/>
  <nd ref="12438488264"/>
  <tag k="fitness_station" v="wall_bars"/>
 </way>
 <way id="1344523585" visible="true" version="1" changeset="160465765" timestamp="2024-12-21T11:18:25Z" user="Till_btn" uid="16371836">
  <nd ref="12438488267"/>
  <nd ref="12438488266"/>
  <tag k="fitness_station" v="horizontal_bar"/>
 </way>
 <way id="1344523586" visible="true" version="1" changeset="160465765" timestamp="2024-12-21T11:18:25Z" user="Till_btn" uid="16371836">
  <nd ref="12438488269"/>
  <nd ref="12438488268"/>
  <tag k="fitness_station" v="horizontal_ladder"/>
 </way>
 <way id="1344523587" visible="true" version="1" changeset="160465765" timestamp="2024-12-21T11:18:25Z" user="Till_btn" uid="16371836">
  <nd ref="12438488271"/>
  <nd ref="12438488270"/>
  <tag k="fitness_station" v="parallel_bars"/>
 </way>
 <way id="1344523588" visible="true" version="1" changeset="160465765" timestamp="2024-12-21T11:18:25Z" user="Till_btn" uid="16371836">
  <nd ref="12438488273"/>
  <nd ref="12438488272"/>
  <tag k="fitness_station" v="parallel_bars"/>
 </way>
 <way id="1344523589" visible="true" version="2" changeset="173362027" timestamp="2025-10-16T11:47:49Z" user="Ræume" uid="21522606">
  <nd ref="12438488277"/>
  <nd ref="12438488276"/>
  <nd ref="12438488275"/>
  <nd ref="12438488274"/>
  <nd ref="12438488277"/>
  <tag k="access" v="yes"/>
  <tag k="fitness_station:fitness_pole" v="yes"/>
  <tag k="fitness_station:horizontal_bar" v="yes"/>
  <tag k="fitness_station:horizontal_ladder" v="yes"/>
  <tag k="fitness_station:parallel_bars" v="yes"/>
  <tag k="fitness_station:wall_bars" v="yes"/>
  <tag k="leisure" v="fitness_station"/>
  <tag k="sport" v="fitness"/>
  <tag k="surface" v="tartan"/>
 </way>
 <way id="1348680488" visible="true" version="1" changeset="161016947" timestamp="2025-01-05T11:42:04Z" user="Till_btn" uid="16371836">
  <nd ref="2239548432"/>
  <nd ref="12475452847"/>
  <nd ref="12475452846"/>
  <nd ref="12475452845"/>
  <nd ref="2239548432"/>
  <tag k="amenity" v="bicycle_parking"/>
  <tag k="bicycle_parking" v="stands"/>
  <tag k="capacity" v="24"/>
  <tag k="covered" v="no"/>
 </way>
 <way id="1348680489" visible="true" version="1" changeset="161016947" timestamp="2025-01-05T11:42:04Z" user="Till_btn" uid="16371836">
  <nd ref="2239548458"/>
  <nd ref="12475452850"/>
  <nd ref="12475452849"/>
  <nd ref="12475452848"/>
  <nd ref="2239548458"/>
  <tag k="amenity" v="bicycle_parking"/>
  <tag k="bicycle_parking" v="stands"/>
  <tag k="capacity" v="26"/>
  <tag k="covered" v="no"/>
 </way>
 <way id="1453166454" visible="true" version="1" changeset="175039089" timestamp="2025-11-23T19:24:03Z" user="frink" uid="56557">
  <nd ref="13326788494"/>
  <nd ref="13326788493"/>
  <nd ref="5724011351"/>
  <tag k="highway" v="service"/>
  <tag k="lit" v="yes"/>
  <tag k="service" v="parking_aisle"/>
  <tag k="smoothness" v="good"/>
  <tag k="surface" v="paving_stones"/>
 </way>
 <way id="1453166455" visible="true" version="1" changeset="175039089" timestamp="2025-11-23T19:24:03Z" user="frink" uid="56557">
  <nd ref="13326788500"/>
  <nd ref="13326788499"/>
  <nd ref="13326788498"/>
  <nd ref="13326788497"/>
  <nd ref="13326788496"/>
  <nd ref="13326788495"/>
  <nd ref="13326788500"/>
  <tag k="building" v="university"/>
  <tag k="building:levels" v="1"/>
  <tag k="name" v="Gebäude 41"/>
  <tag k="operator" v="Leuphana Universität Lüneburg"/>
  <tag k="ref" v="C41"/>
  <tag k="roof:shape" v="flat"/>
 </way>
 <relation id="153771" visible="true" version="63" changeset="182393174" timestamp="2026-05-08T17:16:08Z" user="G4rden3r" uid="12091530">
  <member type="node" ref="3204268277" role="stop_entry_only"/>
  <member type="node" ref="2745085368" role="platform_entry_only"/>
  <member type="node" ref="3338569133" role="stop"/>
  <member type="node" ref="3338569132" role="platform"/>
  <member type="node" ref="1116169499" role="stop_exit_only"/>
  <member type="way" ref="465668867" role="platform_exit_only"/>
  <member type="way" ref="314376917" role=""/>
  <member type="way" ref="721941231" role=""/>
  <member type="way" ref="35838909" role=""/>
  <member type="way" ref="1013544150" role=""/>
  <member type="way" ref="35838908" role=""/>
  <member type="way" ref="26072620" role=""/>
  <member type="way" ref="396677135" role=""/>
  <member type="way" ref="314377960" role=""/>
  <member type="way" ref="284500471" role=""/>
  <member type="way" ref="392997507" role=""/>
  <member type="way" ref="156496650" role=""/>
  <member type="way" ref="394127919" role=""/>
  <member type="way" ref="250232621" role=""/>
  <member type="way" ref="945822394" role=""/>
  <member type="way" ref="945822987" role=""/>
  <member type="way" ref="945822988" role=""/>
  <member type="way" ref="394130298" role=""/>
  <member type="way" ref="945822989" role=""/>
  <member type="way" ref="250232622" role=""/>
  <member type="way" ref="1012158720" role=""/>
  <member type="way" ref="80152409" role=""/>
  <member type="way" ref="392719989" role=""/>
  <member type="way" ref="118607895" role=""/>
  <member type="way" ref="558917530" role=""/>
  <member type="way" ref="12273115" role=""/>
  <member type="way" ref="143183287" role=""/>
  <member type="way" ref="391921422" role=""/>
  <member type="way" ref="491372108" role=""/>
  <member type="way" ref="23918490" role=""/>
  <member type="way" ref="23918493" role=""/>
  <member type="way" ref="393505712" role=""/>
  <member type="way" ref="12273118" role=""/>
  <member type="way" ref="23918281" role=""/>
  <member type="way" ref="24808931" role=""/>
  <member type="way" ref="11627689" role=""/>
  <member type="way" ref="46191510" role=""/>
  <member type="way" ref="425412202" role=""/>
  <member type="way" ref="124977959" role=""/>
  <member type="way" ref="296938849" role=""/>
  <member type="way" ref="124977960" role=""/>
  <member type="way" ref="314292900" role=""/>
  <member type="way" ref="332577351" role=""/>
  <member type="way" ref="124977962" role=""/>
  <member type="way" ref="124977961" role=""/>
  <member type="way" ref="96306829" role=""/>
  <member type="way" ref="96306834" role=""/>
  <member type="way" ref="96306842" role=""/>
  <member type="way" ref="96306852" role=""/>
  <tag k="colour" v="#1a962b"/>
  <tag k="from" v="Lüneburg, Leuphana"/>
  <tag k="gtfs:feed" v="DE-HH-HVV"/>
  <tag k="gtfs:route_id" v="14349_702"/>
  <tag k="gtfs:trip_id:sample" v="62971639"/>
  <tag k="name" v="XpressBus X51: Lüneburg, Leuphana =&gt; Bf. Lüneburg (ZOB)"/>
  <tag k="network" v="Hamburger Verkehrsverbund"/>
  <tag k="network:guid" v="DE-HH-HVV"/>
  <tag k="network:short" v="HVV"/>
  <tag k="network:wikidata" v="Q896916"/>
  <tag k="network:wikipedia" v="de:Hamburger Verkehrsverbund"/>
  <tag k="old_ref" v="5001"/>
  <tag k="operator" v="KVG Stade GmbH &amp; Co. KG"/>
  <tag k="public_transport:version" v="2"/>
  <tag k="ref" v="X51"/>
  <tag k="route" v="bus"/>
  <tag k="to" v="Bf. Lüneburg (ZOB)"/>
  <tag k="type" v="route"/>
 </relation>
 <relation id="1459586" visible="true" version="71" changeset="173543871" timestamp="2025-10-20T15:41:55Z" user="wermak" uid="11211647">
  <member type="node" ref="1181280995" role="stop"/>
  <member type="node" ref="1181281179" role="platform"/>
  <member type="node" ref="1181281173" role="stop"/>
  <member type="node" ref="471796360" role="platform"/>
  <member type="node" ref="1181280815" role="stop"/>
  <member type="node" ref="471796939" role="platform"/>
  <member type="node" ref="1181280570" role="stop"/>
  <member type="node" ref="475959143" role="platform"/>
  <member type="node" ref="1181281248" role="stop"/>
  <member type="node" ref="1181280891" role="platform"/>
  <member type="node" ref="1181281218" role="stop"/>
  <member type="node" ref="871730916" role="platform"/>
  <member type="node" ref="3207720308" role="stop"/>
  <member type="node" ref="1181280963" role="platform"/>
  <member type="node" ref="1185646197" role="stop"/>
  <member type="node" ref="1181280702" role="platform"/>
  <member type="node" ref="1181280780" role="stop"/>
  <member type="node" ref="1181280913" role="platform"/>
  <member type="node" ref="1116593398" role="stop"/>
  <member type="node" ref="349269979" role="platform"/>
  <member type="node" ref="415304607" role="stop"/>
  <member type="node" ref="1116169505" role="stop"/>
  <member type="way" ref="460787754" role="platform"/>
  <member type="node" ref="1115656880" role="stop"/>
  <member type="node" ref="364332228" role="platform"/>
  <member type="node" ref="1181280851" role="stop"/>
  <member type="node" ref="1181280590" role="platform"/>
  <member type="node" ref="1181280774" role="stop"/>
  <member type="node" ref="417024690" role="platform"/>
  <member type="node" ref="3207720306" role="stop"/>
  <member type="node" ref="1181281280" role="platform"/>
  <member type="node" ref="1181281254" role="stop"/>
  <member type="node" ref="1181280904" role="platform"/>
  <member type="node" ref="10054048497" role="stop"/>
  <member type="node" ref="1181281096" role="platform"/>
  <member type="node" ref="1181280783" role="stop"/>
  <member type="node" ref="410750972" role="platform"/>
  <member type="node" ref="1181280646" role="stop"/>
  <member type="node" ref="1181281030" role="platform"/>
  <member type="node" ref="1181281285" role="stop"/>
  <member type="node" ref="322048074" role="platform"/>
  <member type="node" ref="1181280735" role="stop"/>
  <member type="node" ref="322051837" role="platform"/>
  <member type="node" ref="1181280728" role="stop"/>
  <member type="node" ref="322051838" role="platform"/>
  <member type="node" ref="1181280719" role="stop"/>
  <member type="node" ref="322053787" role="platform"/>
  <member type="way" ref="1429511483" role=""/>
  <member type="way" ref="102809789" role=""/>
  <member type="way" ref="1429511482" role=""/>
  <member type="way" ref="316573660" role=""/>
  <member type="way" ref="316573659" role=""/>
  <member type="way" ref="102809760" role=""/>
  <member type="way" ref="102809787" role=""/>
  <member type="way" ref="102809784" role=""/>
  <member type="way" ref="27496965" role=""/>
  <member type="way" ref="102809786" role=""/>
  <member type="way" ref="102809766" role=""/>
  <member type="way" ref="102809794" role=""/>
  <member type="way" ref="369073739" role=""/>
  <member type="way" ref="369073738" role=""/>
  <member type="way" ref="369073740" role=""/>
  <member type="way" ref="369073741" role=""/>
  <member type="way" ref="463495387" role=""/>
  <member type="way" ref="102809799" role=""/>
  <member type="way" ref="463495382" role=""/>
  <member type="way" ref="463495389" role=""/>
  <member type="way" ref="1364628025" role=""/>
  <member type="way" ref="312602071" role=""/>
  <member type="way" ref="1364627834" role=""/>
  <member type="way" ref="459626966" role=""/>
  <member type="way" ref="459626967" role=""/>
  <member type="way" ref="459626968" role=""/>
  <member type="way" ref="459626969" role=""/>
  <member type="way" ref="102809773" role=""/>
  <member type="way" ref="102809792" role=""/>
  <member type="way" ref="312602070" role=""/>
  <member type="way" ref="463497840" role=""/>
  <member type="way" ref="463497838" role=""/>
  <member type="way" ref="102809771" role=""/>
  <member type="way" ref="45544388" role=""/>
  <member type="way" ref="459628209" role=""/>
  <member type="way" ref="459628213" role=""/>
  <member type="way" ref="459628214" role=""/>
  <member type="way" ref="459628216" role=""/>
  <member type="way" ref="96365281" role=""/>
  <member type="way" ref="25222098" role=""/>
  <member type="way" ref="19356461" role=""/>
  <member type="way" ref="397996399" role=""/>
  <member type="way" ref="312602073" role=""/>
  <member type="way" ref="155542976" role=""/>
  <member type="way" ref="369855809" role=""/>
  <member type="way" ref="155542968" role=""/>
  <member type="way" ref="1443517237" role=""/>
  <member type="way" ref="29084716" role=""/>
  <member type="way" ref="558917532" role=""/>
  <member type="way" ref="697574936" role=""/>
  <member type="way" ref="915457925" role=""/>
  <member type="way" ref="1076319549" role=""/>
  <member type="way" ref="297225622" role=""/>
  <member type="way" ref="30535245" role=""/>
  <member type="way" ref="96306841" role=""/>
  <member type="way" ref="96294231" role=""/>
  <member type="way" ref="96306839" role=""/>
  <member type="way" ref="96306851" role=""/>
  <member type="way" ref="26945312" role=""/>
  <member type="way" ref="691453025" role=""/>
  <member type="way" ref="155467731" role=""/>
  <member type="way" ref="155467734" role=""/>
  <member type="way" ref="209380155" role=""/>
  <member type="way" ref="332577351" role=""/>
  <member type="way" ref="124977962" role=""/>
  <member type="way" ref="124977961" role=""/>
  <member type="way" ref="96306829" role=""/>
  <member type="way" ref="96306834" role=""/>
  <member type="way" ref="96306842" role=""/>
  <member type="way" ref="96306852" role=""/>
  <member type="way" ref="96306830" role=""/>
  <member type="way" ref="96306835" role=""/>
  <member type="way" ref="96306838" role=""/>
  <member type="way" ref="96306847" role=""/>
  <member type="way" ref="26945311" role=""/>
  <member type="way" ref="30535330" role=""/>
  <member type="way" ref="30535245" role=""/>
  <member type="way" ref="297225622" role=""/>
  <member type="way" ref="1076319549" role=""/>
  <member type="way" ref="915457925" role=""/>
  <member type="way" ref="697574936" role=""/>
  <member type="way" ref="558917532" role=""/>
  <member type="way" ref="46191510" role=""/>
  <member type="way" ref="11627689" role=""/>
  <member type="way" ref="24808931" role=""/>
  <member type="way" ref="23918281" role=""/>
  <member type="way" ref="1013780363" role=""/>
  <member type="way" ref="23918286" role=""/>
  <member type="way" ref="23918356" role=""/>
  <member type="way" ref="173756731" role=""/>
  <member type="way" ref="23918359" role=""/>
  <member type="way" ref="558917533" role=""/>
  <member type="way" ref="118607888" role=""/>
  <member type="way" ref="30537708" role=""/>
  <member type="way" ref="13200874" role=""/>
  <member type="way" ref="36335706" role=""/>
  <member type="way" ref="96306855" role=""/>
  <member type="way" ref="96306849" role=""/>
  <member type="way" ref="96306828" role=""/>
  <member type="way" ref="123546523" role=""/>
  <member type="way" ref="1373116148" role=""/>
  <member type="way" ref="173922269" role=""/>
  <member type="way" ref="15021023" role=""/>
  <member type="way" ref="328178779" role=""/>
  <member type="way" ref="549336714" role=""/>
  <member type="way" ref="915205870" role=""/>
  <member type="way" ref="12136260" role=""/>
  <member type="way" ref="549336712" role=""/>
  <member type="way" ref="549336711" role=""/>
  <member type="way" ref="102809770" role=""/>
  <member type="way" ref="102809776" role=""/>
  <member type="way" ref="102809769" role=""/>
  <member type="way" ref="102809775" role=""/>
  <member type="way" ref="35586826" role=""/>
  <member type="way" ref="41639748" role=""/>
  <member type="way" ref="102809765" role=""/>
  <member type="way" ref="102809797" role=""/>
  <member type="way" ref="24715935" role=""/>
  <member type="way" ref="102809778" role=""/>
  <member type="way" ref="103008259" role=""/>
  <member type="way" ref="1284806524" role=""/>
  <member type="way" ref="102822442" role=""/>
  <member type="way" ref="35586821" role=""/>
  <member type="way" ref="18826361" role=""/>
  <member type="way" ref="102822436" role=""/>
  <member type="way" ref="35026190" role=""/>
  <member type="way" ref="401791263" role=""/>
  <member type="way" ref="102809759" role=""/>
  <member type="way" ref="35586823" role=""/>
  <member type="way" ref="102809779" role=""/>
  <member type="way" ref="102809777" role=""/>
  <member type="way" ref="102809772" role=""/>
  <member type="way" ref="959691227" role=""/>
  <member type="way" ref="959691226" role=""/>
  <member type="way" ref="959691225" role=""/>
  <member type="way" ref="102814867" role=""/>
  <member type="way" ref="959691224" role=""/>
  <member type="way" ref="102809780" role=""/>
  <member type="way" ref="959691223" role=""/>
  <member type="way" ref="29285585" role=""/>
  <member type="way" ref="959691222" role=""/>
  <member type="way" ref="29285584" role=""/>
  <member type="way" ref="102809790" role=""/>
  <member type="way" ref="701357020" role=""/>
  <member type="way" ref="102809785" role=""/>
  <member type="way" ref="701357019" role=""/>
  <member type="way" ref="25408956" role=""/>
  <member type="way" ref="102814866" role=""/>
  <member type="way" ref="29285689" role=""/>
  <tag k="from" v="Lüneburg, Hagen (Wendeplatz)"/>
  <tag k="name" v="Bus 5012: Hagen (Wendeplatz) =&gt; ZOB/Bahnhof =&gt; Am Sande =&gt; Bockelsberg"/>
  <tag k="network" v="Hamburger Verkehrsverbund"/>
  <tag k="network:short" v="HVV"/>
  <tag k="network:wikidata" v="Q896916"/>
  <tag k="network:wikipedia" v="de:Hamburger Verkehrsverbund"/>
  <tag k="note" v="Vorlage http://wiki.openstreetmap.org/wiki/Proposed_features/Public_Transport"/>
  <tag k="operator" v="KVG Stade GmbH &amp; Co. KG"/>
  <tag k="public_transport:version" v="2"/>
  <tag k="ref" v="5012"/>
  <tag k="route" v="bus"/>
  <tag k="to" v="Lüneburg, Planckstraße"/>
  <tag k="type" v="route"/>
 </relation>
 <relation id="1459610" visible="true" version="79" changeset="171878117" timestamp="2025-09-13T14:23:16Z" user="Till_btn" uid="16371836">
  <member type="node" ref="1181280728" role="stop"/>
  <member type="node" ref="322051838" role="platform"/>
  <member type="node" ref="1181280719" role="stop"/>
  <member type="node" ref="322053787" role="platform"/>
  <member type="node" ref="1181280533" role="stop"/>
  <member type="node" ref="1181280987" role="platform"/>
  <member type="node" ref="1181281127" role="stop"/>
  <member type="node" ref="538482526" role="platform"/>
  <member type="node" ref="1181281086" role="stop"/>
  <member type="node" ref="1181281148" role="platform"/>
  <member type="node" ref="1187269492" role="stop"/>
  <member type="node" ref="1187269501" role="platform"/>
  <member type="node" ref="3222164914" role="stop"/>
  <member type="node" ref="370660953" role="platform"/>
  <member type="node" ref="1181280783" role="stop"/>
  <member type="node" ref="389040610" role="platform"/>
  <member type="node" ref="1181281224" role="stop"/>
  <member type="node" ref="1181280550" role="platform"/>
  <member type="node" ref="1181281254" role="stop"/>
  <member type="node" ref="1181280625" role="platform"/>
  <member type="node" ref="3207720306" role="stop"/>
  <member type="node" ref="1181280956" role="platform"/>
  <member type="node" ref="1181280584" role="stop"/>
  <member type="node" ref="417024692" role="platform"/>
  <member type="node" ref="1181280851" role="stop"/>
  <member type="node" ref="1181281013" role="platform"/>
  <member type="node" ref="1115656884" role="stop"/>
  <member type="node" ref="364332237" role="platform"/>
  <member type="node" ref="1116169506" role="stop"/>
  <member type="way" ref="460786176" role="platform"/>
  <member type="node" ref="1116593398" role="stop"/>
  <member type="node" ref="420486169" role="platform"/>
  <member type="node" ref="1181280780" role="stop"/>
  <member type="node" ref="1181281260" role="platform"/>
  <member type="node" ref="1039463413" role="stop"/>
  <member type="node" ref="1039463414" role="platform"/>
  <member type="node" ref="3207720308" role="stop"/>
  <member type="node" ref="1181281208" role="platform"/>
  <member type="node" ref="1181281218" role="stop"/>
  <member type="node" ref="871730916" role="platform"/>
  <member type="node" ref="1181281248" role="stop"/>
  <member type="node" ref="871731608" role="platform"/>
  <member type="node" ref="1181280570" role="stop"/>
  <member type="node" ref="475959143" role="platform"/>
  <member type="node" ref="1181280815" role="stop"/>
  <member type="node" ref="471796940" role="platform"/>
  <member type="node" ref="1181281173" role="stop"/>
  <member type="node" ref="471796361" role="platform"/>
  <member type="node" ref="1181280995" role="stop"/>
  <member type="node" ref="1181280845" role="platform"/>
  <member type="way" ref="701357019" role=""/>
  <member type="way" ref="25408956" role=""/>
  <member type="way" ref="102814866" role=""/>
  <member type="way" ref="29285689" role=""/>
  <member type="way" ref="102814880" role=""/>
  <member type="way" ref="102814864" role=""/>
  <member type="way" ref="327732618" role=""/>
  <member type="way" ref="410664439" role=""/>
  <member type="way" ref="394137947" role=""/>
  <member type="way" ref="102814876" role=""/>
  <member type="way" ref="394138656" role=""/>
  <member type="way" ref="25485112" role=""/>
  <member type="way" ref="342771215" role=""/>
  <member type="way" ref="102814865" role=""/>
  <member type="way" ref="1296275105" role=""/>
  <member type="way" ref="763926689" role=""/>
  <member type="way" ref="42010655" role=""/>
  <member type="way" ref="102809768" role=""/>
  <member type="way" ref="102814872" role=""/>
  <member type="way" ref="1291295175" role=""/>
  <member type="way" ref="42010657" role=""/>
  <member type="way" ref="25408958" role=""/>
  <member type="way" ref="307431623" role=""/>
  <member type="way" ref="25408957" role=""/>
  <member type="way" ref="102814867" role=""/>
  <member type="way" ref="959691225" role=""/>
  <member type="way" ref="959691226" role=""/>
  <member type="way" ref="959691227" role=""/>
  <member type="way" ref="102809772" role=""/>
  <member type="way" ref="102809777" role=""/>
  <member type="way" ref="102809779" role=""/>
  <member type="way" ref="35586823" role=""/>
  <member type="way" ref="102809759" role=""/>
  <member type="way" ref="401791263" role=""/>
  <member type="way" ref="35026190" role=""/>
  <member type="way" ref="102809782" role=""/>
  <member type="way" ref="102814870" role=""/>
  <member type="way" ref="272548904" role=""/>
  <member type="way" ref="296982130" role=""/>
  <member type="way" ref="35586821" role=""/>
  <member type="way" ref="102822442" role=""/>
  <member type="way" ref="1284806524" role=""/>
  <member type="way" ref="103008259" role=""/>
  <member type="way" ref="102809778" role=""/>
  <member type="way" ref="24715935" role=""/>
  <member type="way" ref="102809797" role=""/>
  <member type="way" ref="102809765" role=""/>
  <member type="way" ref="41639748" role=""/>
  <member type="way" ref="35586826" role=""/>
  <member type="way" ref="102809775" role=""/>
  <member type="way" ref="102809769" role=""/>
  <member type="way" ref="102809776" role=""/>
  <member type="way" ref="102809770" role=""/>
  <member type="way" ref="549336711" role=""/>
  <member type="way" ref="549336712" role=""/>
  <member type="way" ref="12136260" role=""/>
  <member type="way" ref="915205869" role=""/>
  <member type="way" ref="549336714" role=""/>
  <member type="way" ref="328178779" role=""/>
  <member type="way" ref="15021023" role=""/>
  <member type="way" ref="173922269" role=""/>
  <member type="way" ref="1373116148" role=""/>
  <member type="way" ref="123546523" role=""/>
  <member type="way" ref="96306828" role=""/>
  <member type="way" ref="96306849" role=""/>
  <member type="way" ref="96306855" role=""/>
  <member type="way" ref="36335706" role=""/>
  <member type="way" ref="13200874" role=""/>
  <member type="way" ref="30537708" role=""/>
  <member type="way" ref="118607888" role=""/>
  <member type="way" ref="558917533" role=""/>
  <member type="way" ref="23918359" role=""/>
  <member type="way" ref="173756731" role=""/>
  <member type="way" ref="23918356" role=""/>
  <member type="way" ref="23918286" role=""/>
  <member type="way" ref="1013780363" role=""/>
  <member type="way" ref="23918281" role=""/>
  <member type="way" ref="24808931" role=""/>
  <member type="way" ref="11627689" role=""/>
  <member type="way" ref="46191510" role=""/>
  <member type="way" ref="425412202" role=""/>
  <member type="way" ref="124977959" role=""/>
  <member type="way" ref="296938849" role=""/>
  <member type="way" ref="155467732" role=""/>
  <member type="way" ref="314292899" role=""/>
  <member type="way" ref="155467734" role=""/>
  <member type="way" ref="155467731" role=""/>
  <member type="way" ref="691453025" role=""/>
  <member type="way" ref="26945312" role=""/>
  <member type="way" ref="96306851" role=""/>
  <member type="way" ref="96306839" role=""/>
  <member type="way" ref="96294231" role=""/>
  <member type="way" ref="96306841" role=""/>
  <member type="way" ref="30535245" role=""/>
  <member type="way" ref="26945309" role=""/>
  <member type="way" ref="317130966" role=""/>
  <member type="way" ref="27107042" role=""/>
  <member type="way" ref="64595865" role=""/>
  <member type="way" ref="419838163" role=""/>
  <member type="way" ref="38851173" role=""/>
  <member type="way" ref="194163678" role=""/>
  <member type="way" ref="312590965" role=""/>
  <member type="way" ref="369711987" role=""/>
  <member type="way" ref="23903578" role=""/>
  <member type="way" ref="25222098" role=""/>
  <member type="way" ref="96365281" role=""/>
  <member type="way" ref="459628216" role=""/>
  <member type="way" ref="459628214" role=""/>
  <member type="way" ref="459628213" role=""/>
  <member type="way" ref="459628209" role=""/>
  <member type="way" ref="45544388" role=""/>
  <member type="way" ref="102809771" role=""/>
  <member type="way" ref="463497838" role=""/>
  <member type="way" ref="463497840" role=""/>
  <member type="way" ref="312602070" role=""/>
  <member type="way" ref="102809792" role=""/>
  <member type="way" ref="102809773" role=""/>
  <member type="way" ref="459626969" role=""/>
  <member type="way" ref="459626968" role=""/>
  <member type="way" ref="459626967" role=""/>
  <member type="way" ref="459626966" role=""/>
  <member type="way" ref="1364627834" role=""/>
  <member type="way" ref="312602071" role=""/>
  <member type="way" ref="1364628025" role=""/>
  <member type="way" ref="463495389" role=""/>
  <member type="way" ref="463495382" role=""/>
  <member type="way" ref="102809799" role=""/>
  <member type="way" ref="463495387" role=""/>
  <member type="way" ref="369073741" role=""/>
  <member type="way" ref="369073740" role=""/>
  <member type="way" ref="369073738" role=""/>
  <member type="way" ref="369073739" role=""/>
  <member type="way" ref="102809794" role=""/>
  <member type="way" ref="102809766" role=""/>
  <member type="way" ref="102809786" role=""/>
  <member type="way" ref="27496965" role=""/>
  <member type="way" ref="102809784" role=""/>
  <member type="way" ref="102809787" role=""/>
  <member type="way" ref="102809760" role=""/>
  <member type="way" ref="316573659" role=""/>
  <member type="way" ref="316573660" role=""/>
  <member type="way" ref="1429511482" role=""/>
  <member type="way" ref="102809789" role=""/>
  <member type="way" ref="1429511483" role=""/>
  <tag k="from" v="Lüneburg, Planckstraße"/>
  <tag k="name" v="Bus 5012: Bockelsberg =&gt; Am Sande =&gt; ZOB/Bahnhof =&gt; Hagen (Wendeplatz)"/>
  <tag k="network" v="Hamburger Verkehrsverbund"/>
  <tag k="network:short" v="HVV"/>
  <tag k="network:wikidata" v="Q896916"/>
  <tag k="network:wikipedia" v="de:Hamburger Verkehrsverbund"/>
  <tag k="note" v="Vorlage http://wiki.openstreetmap.org/wiki/Proposed_features/Public_Transport"/>
  <tag k="operator" v="KVG Stade GmbH &amp; Co. KG"/>
  <tag k="public_transport:version" v="2"/>
  <tag k="ref" v="5012"/>
  <tag k="route" v="bus"/>
  <tag k="to" v="Lüneburg, Hagen (Wendeplatz)"/>
  <tag k="type" v="route"/>
 </relation>
 <relation id="1459620" visible="true" version="60" changeset="165334673" timestamp="2025-04-23T13:40:09Z" user="hotteliene" uid="1913655">
  <member type="node" ref="1181280728" role="stop"/>
  <member type="node" ref="322051838" role="platform"/>
  <member type="node" ref="1181280719" role="stop"/>
  <member type="node" ref="322053787" role="platform"/>
  <member type="node" ref="1181280533" role="stop"/>
  <member type="node" ref="1181280987" role="platform"/>
  <member type="node" ref="1181281127" role="stop"/>
  <member type="node" ref="538482526" role="platform"/>
  <member type="node" ref="1181281086" role="stop"/>
  <member type="node" ref="1181281148" role="platform"/>
  <member type="node" ref="1187269492" role="stop"/>
  <member type="node" ref="1187269501" role="platform"/>
  <member type="node" ref="3222164914" role="stop"/>
  <member type="node" ref="370660953" role="platform"/>
  <member type="node" ref="1181280783" role="stop"/>
  <member type="node" ref="389040610" role="platform"/>
  <member type="node" ref="1181281224" role="stop"/>
  <member type="node" ref="1181280550" role="platform"/>
  <member type="node" ref="1181281254" role="stop"/>
  <member type="node" ref="1181280625" role="platform"/>
  <member type="node" ref="3207720306" role="stop"/>
  <member type="node" ref="1181280956" role="platform"/>
  <member type="node" ref="1181280584" role="stop"/>
  <member type="node" ref="417024692" role="platform"/>
  <member type="node" ref="1181280851" role="stop"/>
  <member type="node" ref="1181281013" role="platform"/>
  <member type="node" ref="1115656884" role="stop"/>
  <member type="node" ref="364332237" role="platform"/>
  <member type="node" ref="1116169506" role="stop"/>
  <member type="way" ref="460786176" role="platform"/>
  <member type="way" ref="701357019" role=""/>
  <member type="way" ref="25408956" role=""/>
  <member type="way" ref="102814866" role=""/>
  <member type="way" ref="29285689" role=""/>
  <member type="way" ref="102814880" role=""/>
  <member type="way" ref="102814864" role=""/>
  <member type="way" ref="327732618" role=""/>
  <member type="way" ref="410664439" role=""/>
  <member type="way" ref="394137947" role=""/>
  <member type="way" ref="102814876" role=""/>
  <member type="way" ref="394138656" role=""/>
  <member type="way" ref="25485112" role=""/>
  <member type="way" ref="342771215" role=""/>
  <member type="way" ref="102814865" role=""/>
  <member type="way" ref="1296275105" role=""/>
  <member type="way" ref="763926689" role=""/>
  <member type="way" ref="42010655" role=""/>
  <member type="way" ref="102809768" role=""/>
  <member type="way" ref="102814872" role=""/>
  <member type="way" ref="1291295175" role=""/>
  <member type="way" ref="42010657" role=""/>
  <member type="way" ref="25408958" role=""/>
  <member type="way" ref="307431623" role=""/>
  <member type="way" ref="25408957" role=""/>
  <member type="way" ref="102814867" role=""/>
  <member type="way" ref="959691225" role=""/>
  <member type="way" ref="959691226" role=""/>
  <member type="way" ref="959691227" role=""/>
  <member type="way" ref="102809772" role=""/>
  <member type="way" ref="102809777" role=""/>
  <member type="way" ref="102809779" role=""/>
  <member type="way" ref="35586823" role=""/>
  <member type="way" ref="102809759" role=""/>
  <member type="way" ref="401791263" role=""/>
  <member type="way" ref="35026190" role=""/>
  <member type="way" ref="102809782" role=""/>
  <member type="way" ref="102814870" role=""/>
  <member type="way" ref="272548904" role=""/>
  <member type="way" ref="296982130" role=""/>
  <member type="way" ref="35586821" role=""/>
  <member type="way" ref="102822442" role=""/>
  <member type="way" ref="1284806524" role=""/>
  <member type="way" ref="103008259" role=""/>
  <member type="way" ref="102809778" role=""/>
  <member type="way" ref="24715935" role=""/>
  <member type="way" ref="102809797" role=""/>
  <member type="way" ref="102809765" role=""/>
  <member type="way" ref="41639748" role=""/>
  <member type="way" ref="35586826" role=""/>
  <member type="way" ref="102809775" role=""/>
  <member type="way" ref="102809769" role=""/>
  <member type="way" ref="102809776" role=""/>
  <member type="way" ref="102809770" role=""/>
  <member type="way" ref="549336711" role=""/>
  <member type="way" ref="549336712" role=""/>
  <member type="way" ref="12136260" role=""/>
  <member type="way" ref="915205869" role=""/>
  <member type="way" ref="549336714" role=""/>
  <member type="way" ref="328178779" role=""/>
  <member type="way" ref="15021023" role=""/>
  <member type="way" ref="173922269" role=""/>
  <member type="way" ref="1373116148" role=""/>
  <member type="way" ref="123546523" role=""/>
  <member type="way" ref="96306828" role=""/>
  <member type="way" ref="96306849" role=""/>
  <member type="way" ref="96306855" role=""/>
  <member type="way" ref="36335706" role=""/>
  <member type="way" ref="13200874" role=""/>
  <member type="way" ref="30537708" role=""/>
  <member type="way" ref="118607888" role=""/>
  <member type="way" ref="558917533" role=""/>
  <member type="way" ref="23918359" role=""/>
  <member type="way" ref="173756731" role=""/>
  <member type="way" ref="23918356" role=""/>
  <member type="way" ref="23918286" role=""/>
  <member type="way" ref="1013780363" role=""/>
  <member type="way" ref="23918281" role=""/>
  <member type="way" ref="24808931" role=""/>
  <member type="way" ref="11627689" role=""/>
  <member type="way" ref="46191510" role=""/>
  <member type="way" ref="425412202" role=""/>
  <member type="way" ref="124977959" role=""/>
  <member type="way" ref="296938849" role=""/>
  <member type="way" ref="155467732" role=""/>
  <member type="way" ref="314292899" role=""/>
  <member type="way" ref="155467734" role=""/>
  <member type="way" ref="155467731" role=""/>
  <member type="way" ref="691453025" role=""/>
  <member type="way" ref="26945312" role=""/>
  <member type="way" ref="96306851" role=""/>
  <tag k="from" v="Lüneburg, Planckstraße"/>
  <tag k="name" v="Bus 5012: Bockelsberg =&gt; Am Sande =&gt; ZOB/Bahnhof"/>
  <tag k="network" v="Hamburger Verkehrsverbund"/>
  <tag k="network:short" v="HVV"/>
  <tag k="network:wikidata" v="Q896916"/>
  <tag k="network:wikipedia" v="de:Hamburger Verkehrsverbund"/>
  <tag k="note" v="Vorlage http://wiki.openstreetmap.org/wiki/Proposed_features/Public_Transport"/>
  <tag k="operator" v="KVG Stade GmbH &amp; Co. KG"/>
  <tag k="public_transport:version" v="2"/>
  <tag k="ref" v="5012"/>
  <tag k="route" v="bus"/>
  <tag k="to" v="Bf. Lüneburg (ZOB)"/>
  <tag k="type" v="route"/>
 </relation>
 <relation id="1459622" visible="true" version="4" changeset="117827902" timestamp="2022-02-24T21:07:33Z" user="Garstedter" uid="2822207">
  <member type="relation" ref="1459610" role=""/>
  <member type="relation" ref="1459620" role=""/>
  <member type="relation" ref="1459586" role=""/>
  <member type="relation" ref="1459619" role=""/>
  <member type="relation" ref="1461878" role=""/>
  <tag k="name" v="Bus 5012"/>
  <tag k="network" v="Hamburger Verkehrsverbund"/>
  <tag k="network:short" v="HVV"/>
  <tag k="network:wikidata" v="Q896916"/>
  <tag k="network:wikipedia" v="de:Hamburger Verkehrsverbund"/>
  <tag k="operator" v="KVG Stade GmbH &amp; Co. KG"/>
  <tag k="ref" v="5012"/>
  <tag k="route_master" v="bus"/>
  <tag k="type" v="route_master"/>
 </relation>
 <relation id="1461470" visible="true" version="107" changeset="184441991" timestamp="2026-06-22T17:25:47Z" user="Gorger" uid="20415418">
  <member type="node" ref="1187966473" role="stop"/>
  <member type="node" ref="410751820" role="platform"/>
  <member type="node" ref="1187966417" role="stop"/>
  <member type="node" ref="411082313" role="platform"/>
  <member type="node" ref="1187966470" role="stop"/>
  <member type="node" ref="403012157" role="platform"/>
  <member type="node" ref="1187966498" role="stop"/>
  <member type="node" ref="411082314" role="platform"/>
  <member type="node" ref="1187966430" role="stop"/>
  <member type="node" ref="403012162" role="platform"/>
  <member type="node" ref="3092332457" role="stop"/>
  <member type="node" ref="411085018" role="platform"/>
  <member type="node" ref="1187966434" role="stop"/>
  <member type="node" ref="411100376" role="platform"/>
  <member type="node" ref="1187966454" role="stop"/>
  <member type="node" ref="411100377" role="platform"/>
  <member type="node" ref="1187966496" role="stop"/>
  <member type="node" ref="411100378" role="platform"/>
  <member type="node" ref="281152676" role="stop"/>
  <member type="node" ref="411100381" role="platform"/>
  <member type="node" ref="1187966480" role="stop"/>
  <member type="node" ref="410751823" role="platform"/>
  <member type="node" ref="1187966458" role="stop"/>
  <member type="node" ref="410751815" role="platform"/>
  <member type="node" ref="276915516" role="stop"/>
  <member type="node" ref="1181281106" role="platform"/>
  <member type="node" ref="3222164914" role="stop"/>
  <member type="node" ref="370660953" role="platform"/>
  <member type="node" ref="1181280783" role="stop"/>
  <member type="node" ref="389040610" role="platform"/>
  <member type="node" ref="1187966488" role="stop"/>
  <member type="node" ref="387487108" role="platform"/>
  <member type="node" ref="1187966421" role="stop"/>
  <member type="node" ref="387487109" role="platform"/>
  <member type="node" ref="13952168541" role="stop"/>
  <member type="node" ref="414134114" role="platform"/>
  <member type="node" ref="1116252422" role="stop"/>
  <member type="node" ref="415596184" role="platform"/>
  <member type="node" ref="1115656884" role="stop"/>
  <member type="node" ref="364332237" role="platform"/>
  <member type="node" ref="3126301507" role="stop"/>
  <member type="way" ref="460787755" role="platform"/>
  <member type="node" ref="1187966431" role="stop"/>
  <member type="node" ref="410742087" role="platform"/>
  <member type="node" ref="119098290" role="stop"/>
  <member type="node" ref="349269980" role="platform"/>
  <member type="node" ref="1187966436" role="stop"/>
  <member type="node" ref="349269981" role="platform"/>
  <member type="node" ref="1187966483" role="stop"/>
  <member type="node" ref="349269983" role="platform"/>
  <member type="node" ref="1187966411" role="stop"/>
  <member type="node" ref="304485136" role="platform"/>
  <member type="node" ref="1187966452" role="stop"/>
  <member type="node" ref="349269984" role="platform"/>
  <member type="node" ref="414692562" role="stop"/>
  <member type="node" ref="349277045" role="platform"/>
  <member type="node" ref="414692567" role="stop"/>
  <member type="node" ref="349277050" role="platform"/>
  <member type="node" ref="414685405" role="stop"/>
  <member type="node" ref="304485121" role="platform"/>
  <member type="way" ref="402367469" role=""/>
  <member type="way" ref="402367468" role=""/>
  <member type="way" ref="402367470" role=""/>
  <member type="way" ref="1077469926" role=""/>
  <member type="way" ref="103008245" role=""/>
  <member type="way" ref="214298240" role=""/>
  <member type="way" ref="891470443" role=""/>
  <member type="way" ref="891241043" role=""/>
  <member type="way" ref="103008254" role=""/>
  <member type="way" ref="401794507" role=""/>
  <member type="way" ref="35049308" role=""/>
  <member type="way" ref="34643040" role=""/>
  <member type="way" ref="103008269" role=""/>
  <member type="way" ref="885949831" role=""/>
  <member type="way" ref="35049615" role=""/>
  <member type="way" ref="103008235" role=""/>
  <member type="way" ref="701271953" role=""/>
  <member type="way" ref="103008205" role=""/>
  <member type="way" ref="35049617" role=""/>
  <member type="way" ref="886701671" role=""/>
  <member type="way" ref="35050745" role=""/>
  <member type="way" ref="1023604961" role=""/>
  <member type="way" ref="374169753" role=""/>
  <member type="way" ref="672469494" role=""/>
  <member type="way" ref="373613967" role=""/>
  <member type="way" ref="1455139767" role=""/>
  <member type="way" ref="1455139768" role=""/>
  <member type="way" ref="103008219" role=""/>
  <member type="way" ref="103008251" role=""/>
  <member type="way" ref="103008271" role=""/>
  <member type="way" ref="294798966" role=""/>
  <member type="way" ref="103008225" role=""/>
  <member type="way" ref="835572823" role=""/>
  <member type="way" ref="835572821" role=""/>
  <member type="way" ref="835572822" role=""/>
  <member type="way" ref="78490694" role=""/>
  <member type="way" ref="699857727" role=""/>
  <member type="way" ref="1347555039" role=""/>
  <member type="way" ref="78490695" role=""/>
  <member type="way" ref="78490693" role=""/>
  <member type="way" ref="32871402" role=""/>
  <member type="way" ref="312295080" role=""/>
  <member type="way" ref="103008234" role=""/>
  <member type="way" ref="1060274250" role=""/>
  <member type="way" ref="312295079" role=""/>
  <member type="way" ref="890684466" role=""/>
  <member type="way" ref="312295090" role=""/>
  <member type="way" ref="402367471" role=""/>
  <member type="way" ref="766721972" role=""/>
  <member type="way" ref="103008264" role=""/>
  <member type="way" ref="37856526" role=""/>
  <member type="way" ref="69741184" role=""/>
  <member type="way" ref="1489612467" role=""/>
  <member type="way" ref="108821298" role=""/>
  <member type="way" ref="69741189" role=""/>
  <member type="way" ref="559780975" role=""/>
  <member type="way" ref="1305617158" role=""/>
  <member type="way" ref="103008261" role=""/>
  <member type="way" ref="103008201" role=""/>
  <member type="way" ref="17257982" role=""/>
  <member type="way" ref="401790800" role=""/>
  <member type="way" ref="1077470347" role=""/>
  <member type="way" ref="16893606" role=""/>
  <member type="way" ref="1289604992" role=""/>
  <member type="way" ref="559780974" role=""/>
  <member type="way" ref="102809777" role=""/>
  <member type="way" ref="102809779" role=""/>
  <member type="way" ref="35586823" role=""/>
  <member type="way" ref="102809759" role=""/>
  <member type="way" ref="401791263" role=""/>
  <member type="way" ref="35026190" role=""/>
  <member type="way" ref="102809782" role=""/>
  <member type="way" ref="102814870" role=""/>
  <member type="way" ref="272548904" role=""/>
  <member type="way" ref="296982130" role=""/>
  <member type="way" ref="35586821" role=""/>
  <member type="way" ref="102822442" role=""/>
  <member type="way" ref="1284806524" role=""/>
  <member type="way" ref="103008259" role=""/>
  <member type="way" ref="102809802" role=""/>
  <member type="way" ref="1013792567" role=""/>
  <member type="way" ref="976305874" role=""/>
  <member type="way" ref="103008217" role=""/>
  <member type="way" ref="1530850817" role=""/>
  <member type="way" ref="1531468644" role=""/>
  <member type="way" ref="1530850816" role=""/>
  <member type="way" ref="1530850818" role=""/>
  <member type="way" ref="1531468643" role=""/>
  <member type="way" ref="103008263" role=""/>
  <member type="way" ref="314444467" role=""/>
  <member type="way" ref="46171709" role=""/>
  <member type="way" ref="892079715" role=""/>
  <member type="way" ref="329110978" role=""/>
  <member type="way" ref="314444468" role=""/>
  <member type="way" ref="35026188" role=""/>
  <member type="way" ref="718099394" role=""/>
  <member type="way" ref="297891992" role=""/>
  <member type="way" ref="96306840" role=""/>
  <member type="way" ref="297891991" role=""/>
  <member type="way" ref="13215491" role=""/>
  <member type="way" ref="15021023" role=""/>
  <member type="way" ref="173922269" role=""/>
  <member type="way" ref="1373116148" role=""/>
  <member type="way" ref="123546523" role=""/>
  <member type="way" ref="96306828" role=""/>
  <member type="way" ref="96306849" role=""/>
  <member type="way" ref="96306855" role=""/>
  <member type="way" ref="36335706" role=""/>
  <member type="way" ref="13200874" role=""/>
  <member type="way" ref="30537708" role=""/>
  <member type="way" ref="118607888" role=""/>
  <member type="way" ref="558917533" role=""/>
  <member type="way" ref="23918359" role=""/>
  <member type="way" ref="173756731" role=""/>
  <member type="way" ref="23918356" role=""/>
  <member type="way" ref="23918286" role=""/>
  <member type="way" ref="1013780363" role=""/>
  <member type="way" ref="23918281" role=""/>
  <member type="way" ref="24808931" role=""/>
  <member type="way" ref="11627689" role=""/>
  <member type="way" ref="46191510" role=""/>
  <member type="way" ref="425412202" role=""/>
  <member type="way" ref="124977959" role=""/>
  <member type="way" ref="296938849" role=""/>
  <member type="way" ref="155467732" role=""/>
  <member type="way" ref="314292899" role=""/>
  <member type="way" ref="155467734" role=""/>
  <member type="way" ref="155467731" role=""/>
  <member type="way" ref="691453025" role=""/>
  <member type="way" ref="26945312" role=""/>
  <member type="way" ref="96306851" role=""/>
  <member type="way" ref="96306839" role=""/>
  <member type="way" ref="96294231" role=""/>
  <member type="way" ref="96306841" role=""/>
  <member type="way" ref="30535330" role=""/>
  <member type="way" ref="26945311" role=""/>
  <member type="way" ref="96306847" role=""/>
  <member type="way" ref="96306838" role=""/>
  <member type="way" ref="96306835" role=""/>
  <member type="way" ref="96306830" role=""/>
  <member type="way" ref="96306852" role=""/>
  <member type="way" ref="96306842" role=""/>
  <member type="way" ref="96306834" role=""/>
  <member type="way" ref="96306829" role=""/>
  <member type="way" ref="124977961" role=""/>
  <member type="way" ref="124977962" role=""/>
  <member type="way" ref="332577351" role=""/>
  <member type="way" ref="314292900" role=""/>
  <member type="way" ref="124977960" role=""/>
  <member type="way" ref="296938849" role=""/>
  <member type="way" ref="124977959" role=""/>
  <member type="way" ref="425412202" role=""/>
  <member type="way" ref="29084716" role=""/>
  <member type="way" ref="1443517237" role=""/>
  <member type="way" ref="155542968" role=""/>
  <member type="way" ref="369855809" role=""/>
  <member type="way" ref="155542976" role=""/>
  <member type="way" ref="312602073" role=""/>
  <member type="way" ref="397996399" role=""/>
  <member type="way" ref="33075825" role=""/>
  <member type="way" ref="425412201" role=""/>
  <member type="way" ref="697718035" role=""/>
  <member type="way" ref="103008229" role=""/>
  <member type="way" ref="103008257" role=""/>
  <member type="way" ref="28029283" role=""/>
  <member type="way" ref="103008240" role=""/>
  <member type="way" ref="425412203" role=""/>
  <member type="way" ref="697712484" role=""/>
  <member type="way" ref="28029282" role=""/>
  <member type="way" ref="103008198" role=""/>
  <member type="way" ref="697710241" role=""/>
  <member type="way" ref="12954702" role=""/>
  <member type="way" ref="697635116" role=""/>
  <member type="way" ref="103008203" role=""/>
  <member type="way" ref="391935745" role=""/>
  <member type="way" ref="31259022" role=""/>
  <member type="way" ref="31258313" role=""/>
  <member type="way" ref="25280757" role=""/>
  <member type="way" ref="31258314" role=""/>
  <member type="way" ref="103008230" role=""/>
  <member type="way" ref="31259022" role=""/>
  <member type="way" ref="391935745" role=""/>
  <member type="way" ref="103008203" role=""/>
  <member type="way" ref="697635116" role=""/>
  <member type="way" ref="391935747" role=""/>
  <member type="way" ref="103008213" role=""/>
  <member type="way" ref="103008248" role=""/>
  <member type="way" ref="31258465" role=""/>
  <member type="way" ref="26746308" role=""/>
  <member type="way" ref="103008258" role=""/>
  <member type="way" ref="128782555" role=""/>
  <member type="way" ref="103008210" role=""/>
  <member type="way" ref="316907334" role=""/>
  <member type="way" ref="96306854" role=""/>
  <member type="way" ref="872318872" role=""/>
  <member type="way" ref="484997865" role=""/>
  <member type="way" ref="1329925397" role=""/>
  <member type="way" ref="35367847" role=""/>
  <member type="way" ref="1329925398" role=""/>
  <member type="way" ref="26921702" role=""/>
  <member type="way" ref="103008242" role=""/>
  <member type="way" ref="1437046357" role=""/>
  <tag k="from" v="Lüneburg, Eintracht Sportplatz"/>
  <tag k="lastcheck" v="20141214"/>
  <tag k="name" v="Bus 5011: Lüneburg, Eintracht Sportplatz =&gt; Häcklingen (Am Wischfeld) =&gt; Am Sande =&gt; ZOB/Bahnhof =&gt; W.-Leuschner-Straße"/>
  <tag k="network" v="Hamburger Verkehrsverbund"/>
  <tag k="network:short" v="HVV"/>
  <tag k="network:wikidata" v="Q896916"/>
  <tag k="network:wikipedia" v="de:Hamburger Verkehrsverbund"/>
  <tag k="note" v="typische Linienführung"/>
  <tag k="operator" v="KVG Stade GmbH &amp; Co. KG"/>
  <tag k="public_transport:version" v="2"/>
  <tag k="ref" v="5011"/>
  <tag k="route" v="bus"/>
  <tag k="to" v="Lüneburg, Wilh.-Leuschner-Straße"/>
  <tag k="type" v="route"/>
 </relation>
 <relation id="1461471" visible="true" version="78" changeset="184441991" timestamp="2026-06-22T17:25:47Z" user="Gorger" uid="20415418">
  <member type="node" ref="414685405" role="stop"/>
  <member type="node" ref="304485121" role="platform"/>
  <member type="node" ref="414692565" role="stop"/>
  <member type="node" ref="304485122" role="platform"/>
  <member type="node" ref="293380711" role="stop"/>
  <member type="node" ref="304485123" role="platform"/>
  <member type="node" ref="521574616" role="stop"/>
  <member type="node" ref="304485135" role="platform"/>
  <member type="node" ref="1187966411" role="stop"/>
  <member type="node" ref="304485136" role="platform"/>
  <member type="node" ref="1187966483" role="stop"/>
  <member type="node" ref="304485137" role="platform"/>
  <member type="node" ref="1187966485" role="stop"/>
  <member type="node" ref="304485138" role="platform"/>
  <member type="node" ref="119098290" role="stop"/>
  <member type="node" ref="304485140" role="platform"/>
  <member type="node" ref="1187966438" role="stop"/>
  <member type="node" ref="410742086" role="platform"/>
  <member type="node" ref="415304607" role="stop"/>
  <member type="node" ref="3126301507" role="stop"/>
  <member type="node" ref="1115656880" role="stop"/>
  <member type="node" ref="364332228" role="platform"/>
  <member type="node" ref="1116252423" role="stop"/>
  <member type="node" ref="410750968" role="platform"/>
  <member type="node" ref="274064000" role="stop"/>
  <member type="node" ref="410750969" role="platform"/>
  <member type="node" ref="1187966500" role="stop"/>
  <member type="node" ref="410750970" role="platform"/>
  <member type="node" ref="1187966495" role="stop"/>
  <member type="node" ref="387487107" role="platform"/>
  <member type="node" ref="1181280783" role="stop"/>
  <member type="node" ref="410750972" role="platform"/>
  <member type="node" ref="1181280646" role="stop"/>
  <member type="node" ref="1181281030" role="platform"/>
  <member type="node" ref="276915516" role="stop"/>
  <member type="node" ref="370660701" role="platform"/>
  <member type="node" ref="1187966472" role="stop"/>
  <member type="node" ref="410751818" role="platform"/>
  <member type="node" ref="1187966473" role="stop"/>
  <member type="node" ref="410751820" role="platform"/>
  <member type="way" ref="460787755" role="platform"/>
  <member type="way" ref="35367846" role=""/>
  <member type="way" ref="31258468" role=""/>
  <member type="way" ref="872343852" role=""/>
  <member type="way" ref="1329925398" role=""/>
  <member type="way" ref="35367847" role=""/>
  <member type="way" ref="1329925397" role=""/>
  <member type="way" ref="484997865" role=""/>
  <member type="way" ref="484997858" role=""/>
  <member type="way" ref="35372076" role=""/>
  <member type="way" ref="316907334" role=""/>
  <member type="way" ref="314126880" role=""/>
  <member type="way" ref="128782561" role=""/>
  <member type="way" ref="128782559" role=""/>
  <member type="way" ref="128782564" role=""/>
  <member type="way" ref="31276201" role=""/>
  <member type="way" ref="32252865" role=""/>
  <member type="way" ref="129346554" role=""/>
  <member type="way" ref="103008248" role=""/>
  <member type="way" ref="103008213" role=""/>
  <member type="way" ref="391935747" role=""/>
  <member type="way" ref="697635116" role=""/>
  <member type="way" ref="103008203" role=""/>
  <member type="way" ref="391935745" role=""/>
  <member type="way" ref="31259022" role=""/>
  <member type="way" ref="31258313" role=""/>
  <member type="way" ref="25280757" role=""/>
  <member type="way" ref="31258314" role=""/>
  <member type="way" ref="103008230" role=""/>
  <member type="way" ref="31259022" role=""/>
  <member type="way" ref="391935745" role=""/>
  <member type="way" ref="103008203" role=""/>
  <member type="way" ref="697635116" role=""/>
  <member type="way" ref="12954702" role=""/>
  <member type="way" ref="697710241" role=""/>
  <member type="way" ref="103008198" role=""/>
  <member type="way" ref="28029282" role=""/>
  <member type="way" ref="697712484" role=""/>
  <member type="way" ref="425412203" role=""/>
  <member type="way" ref="103008240" role=""/>
  <member type="way" ref="28029283" role=""/>
  <member type="way" ref="103008257" role=""/>
  <member type="way" ref="103008229" role=""/>
  <member type="way" ref="697718035" role=""/>
  <member type="way" ref="425412201" role=""/>
  <member type="way" ref="33075825" role=""/>
  <member type="way" ref="397996399" role=""/>
  <member type="way" ref="312602073" role=""/>
  <member type="way" ref="155542976" role=""/>
  <member type="way" ref="369855809" role=""/>
  <member type="way" ref="155542968" role=""/>
  <member type="way" ref="1443517237" role=""/>
  <member type="way" ref="29084716" role=""/>
  <member type="way" ref="558917532" role=""/>
  <member type="way" ref="697574936" role=""/>
  <member type="way" ref="915457925" role=""/>
  <member type="way" ref="1076319549" role=""/>
  <member type="way" ref="297225622" role=""/>
  <member type="way" ref="30535245" role=""/>
  <member type="way" ref="30535330" role=""/>
  <member type="way" ref="26945311" role=""/>
  <member type="way" ref="96306847" role=""/>
  <member type="way" ref="96306838" role=""/>
  <member type="way" ref="96306835" role=""/>
  <member type="way" ref="96306830" role=""/>
  <member type="way" ref="96306852" role=""/>
  <member type="way" ref="96306842" role=""/>
  <member type="way" ref="96306834" role=""/>
  <member type="way" ref="96306829" role=""/>
  <member type="way" ref="124977961" role=""/>
  <member type="way" ref="124977962" role=""/>
  <member type="way" ref="332577351" role=""/>
  <member type="way" ref="209380155" role=""/>
  <member type="way" ref="155467734" role=""/>
  <member type="way" ref="155467731" role=""/>
  <member type="way" ref="691453025" role=""/>
  <member type="way" ref="26945312" role=""/>
  <member type="way" ref="96306851" role=""/>
  <member type="way" ref="96306839" role=""/>
  <member type="way" ref="96294231" role=""/>
  <member type="way" ref="96306841" role=""/>
  <member type="way" ref="30535245" role=""/>
  <member type="way" ref="297225622" role=""/>
  <member type="way" ref="1076319549" role=""/>
  <member type="way" ref="915457925" role=""/>
  <member type="way" ref="697574936" role=""/>
  <member type="way" ref="558917532" role=""/>
  <member type="way" ref="46191510" role=""/>
  <member type="way" ref="11627689" role=""/>
  <member type="way" ref="24808931" role=""/>
  <member type="way" ref="23918281" role=""/>
  <member type="way" ref="1013780363" role=""/>
  <member type="way" ref="23918286" role=""/>
  <member type="way" ref="23918356" role=""/>
  <member type="way" ref="173756731" role=""/>
  <member type="way" ref="23918359" role=""/>
  <member type="way" ref="558917533" role=""/>
  <member type="way" ref="118607888" role=""/>
  <member type="way" ref="30537708" role=""/>
  <member type="way" ref="13200874" role=""/>
  <member type="way" ref="36335706" role=""/>
  <member type="way" ref="96306855" role=""/>
  <member type="way" ref="96306849" role=""/>
  <member type="way" ref="96306828" role=""/>
  <member type="way" ref="123546523" role=""/>
  <member type="way" ref="1373116148" role=""/>
  <member type="way" ref="173922269" role=""/>
  <member type="way" ref="15021023" role=""/>
  <member type="way" ref="13215491" role=""/>
  <member type="way" ref="297891991" role=""/>
  <member type="way" ref="96306840" role=""/>
  <member type="way" ref="297891992" role=""/>
  <member type="way" ref="718099394" role=""/>
  <member type="way" ref="35026188" role=""/>
  <member type="way" ref="314444468" role=""/>
  <member type="way" ref="329110978" role=""/>
  <member type="way" ref="892079715" role=""/>
  <member type="way" ref="46171709" role=""/>
  <member type="way" ref="314444467" role=""/>
  <member type="way" ref="103008263" role=""/>
  <member type="way" ref="102868124" role=""/>
  <member type="way" ref="103008266" role=""/>
  <member type="way" ref="1012114191" role=""/>
  <member type="way" ref="1531468645" role=""/>
  <member type="way" ref="12535675" role=""/>
  <member type="way" ref="103008217" role=""/>
  <member type="way" ref="976305874" role=""/>
  <member type="way" ref="1013792567" role=""/>
  <member type="way" ref="102809802" role=""/>
  <member type="way" ref="103008259" role=""/>
  <member type="way" ref="1284806524" role=""/>
  <member type="way" ref="102822442" role=""/>
  <member type="way" ref="35586821" role=""/>
  <member type="way" ref="18826361" role=""/>
  <member type="way" ref="102822436" role=""/>
  <member type="way" ref="35026190" role=""/>
  <member type="way" ref="401791263" role=""/>
  <member type="way" ref="102809759" role=""/>
  <member type="way" ref="35586823" role=""/>
  <member type="way" ref="102809779" role=""/>
  <member type="way" ref="102809777" role=""/>
  <member type="way" ref="559780974" role=""/>
  <member type="way" ref="1289604992" role=""/>
  <member type="way" ref="16893606" role=""/>
  <member type="way" ref="1077470347" role=""/>
  <member type="way" ref="401790800" role=""/>
  <member type="way" ref="17257982" role=""/>
  <member type="way" ref="103008201" role=""/>
  <member type="way" ref="103008261" role=""/>
  <member type="way" ref="1305617158" role=""/>
  <member type="way" ref="559780975" role=""/>
  <member type="way" ref="69741189" role=""/>
  <member type="way" ref="108821298" role=""/>
  <member type="way" ref="1489612467" role=""/>
  <member type="way" ref="69741184" role=""/>
  <member type="way" ref="37856526" role=""/>
  <member type="way" ref="103008264" role=""/>
  <member type="way" ref="766721972" role=""/>
  <member type="way" ref="402367471" role=""/>
  <member type="way" ref="312295090" role=""/>
  <member type="way" ref="103008253" role=""/>
  <tag k="from" v="Lüneburg, Wilh.-Leuschner-Straße"/>
  <tag k="lastcheck" v="20141214"/>
  <tag k="name" v="Bus 5011: W.-Leuschner-Straße =&gt; ZOB/Bahnhof =&gt; Am Sande =&gt; Häcklingen (Am Wischfeld) =&gt; Lüneburg, Eintracht Sportplatz"/>
  <tag k="network" v="Hamburger Verkehrsverbund"/>
  <tag k="network:short" v="HVV"/>
  <tag k="network:wikidata" v="Q896916"/>
  <tag k="network:wikipedia" v="de:Hamburger Verkehrsverbund"/>
  <tag k="note" v="typische Linienführung"/>
  <tag k="operator" v="KVG Stade GmbH &amp; Co. KG"/>
  <tag k="public_transport:version" v="2"/>
  <tag k="ref" v="5011"/>
  <tag k="route" v="bus"/>
  <tag k="to" v="Lüneburg, Eintracht Sportplatz"/>
  <tag k="type" v="route"/>
 </relation>
 <relation id="1461878" visible="true" version="68" changeset="173543871" timestamp="2025-10-20T15:41:55Z" user="wermak" uid="11211647">
  <member type="node" ref="1181280995" role="stop"/>
  <member type="node" ref="1181281179" role="platform"/>
  <member type="node" ref="1181281173" role="stop"/>
  <member type="node" ref="471796360" role="platform"/>
  <member type="node" ref="1181280815" role="stop"/>
  <member type="node" ref="471796939" role="platform"/>
  <member type="node" ref="1181280570" role="stop"/>
  <member type="node" ref="475959143" role="platform"/>
  <member type="node" ref="1181281248" role="stop"/>
  <member type="node" ref="1181280891" role="platform"/>
  <member type="node" ref="1181281218" role="stop"/>
  <member type="node" ref="871730916" role="platform"/>
  <member type="node" ref="3207720308" role="stop"/>
  <member type="node" ref="1181280963" role="platform"/>
  <member type="node" ref="1185646197" role="stop"/>
  <member type="node" ref="1181280702" role="platform"/>
  <member type="node" ref="1181280780" role="stop"/>
  <member type="node" ref="1181280913" role="platform"/>
  <member type="node" ref="1116593398" role="stop"/>
  <member type="node" ref="349269979" role="platform"/>
  <member type="node" ref="415304607" role="stop"/>
  <member type="node" ref="1116169505" role="stop"/>
  <member type="way" ref="460787754" role="platform"/>
  <member type="node" ref="1115656880" role="stop"/>
  <member type="node" ref="364332228" role="platform"/>
  <member type="node" ref="1181280851" role="stop"/>
  <member type="node" ref="1181280590" role="platform"/>
  <member type="node" ref="1181280774" role="stop"/>
  <member type="node" ref="417024690" role="platform"/>
  <member type="node" ref="3207720306" role="stop"/>
  <member type="node" ref="1181281280" role="platform"/>
  <member type="node" ref="1181281254" role="stop"/>
  <member type="node" ref="1181280904" role="platform"/>
  <member type="node" ref="10054048497" role="stop"/>
  <member type="node" ref="1181281096" role="platform"/>
  <member type="node" ref="1181280783" role="stop"/>
  <member type="node" ref="410750972" role="platform"/>
  <member type="node" ref="1181280646" role="stop"/>
  <member type="node" ref="1181281030" role="platform"/>
  <member type="node" ref="1181281285" role="stop_exit_only"/>
  <member type="node" ref="322048074" role="platform_exit_only"/>
  <member type="node" ref="1181280735" role="stop_exit_only"/>
  <member type="node" ref="322051837" role="platform_exit_only"/>
  <member type="node" ref="1181280728" role="stop_exit_only"/>
  <member type="node" ref="322051838" role="platform_exit_only"/>
  <member type="node" ref="1181280719" role="stop_exit_only"/>
  <member type="node" ref="322053787" role="platform_exit_only"/>
  <member type="way" ref="1429511483" role=""/>
  <member type="way" ref="102809789" role=""/>
  <member type="way" ref="1429511482" role=""/>
  <member type="way" ref="316573660" role=""/>
  <member type="way" ref="316573659" role=""/>
  <member type="way" ref="102809760" role=""/>
  <member type="way" ref="102809787" role=""/>
  <member type="way" ref="102809784" role=""/>
  <member type="way" ref="27496965" role=""/>
  <member type="way" ref="102809786" role=""/>
  <member type="way" ref="102809766" role=""/>
  <member type="way" ref="102809794" role=""/>
  <member type="way" ref="369073739" role=""/>
  <member type="way" ref="369073738" role=""/>
  <member type="way" ref="369073740" role=""/>
  <member type="way" ref="369073741" role=""/>
  <member type="way" ref="463495387" role=""/>
  <member type="way" ref="102809799" role=""/>
  <member type="way" ref="463495382" role=""/>
  <member type="way" ref="463495389" role=""/>
  <member type="way" ref="1364628025" role=""/>
  <member type="way" ref="312602071" role=""/>
  <member type="way" ref="1364627834" role=""/>
  <member type="way" ref="459626966" role=""/>
  <member type="way" ref="459626967" role=""/>
  <member type="way" ref="459626968" role=""/>
  <member type="way" ref="459626969" role=""/>
  <member type="way" ref="102809773" role=""/>
  <member type="way" ref="102809792" role=""/>
  <member type="way" ref="312602070" role=""/>
  <member type="way" ref="463497840" role=""/>
  <member type="way" ref="463497838" role=""/>
  <member type="way" ref="102809771" role=""/>
  <member type="way" ref="45544388" role=""/>
  <member type="way" ref="459628209" role=""/>
  <member type="way" ref="459628213" role=""/>
  <member type="way" ref="459628214" role=""/>
  <member type="way" ref="459628216" role=""/>
  <member type="way" ref="96365281" role=""/>
  <member type="way" ref="25222098" role=""/>
  <member type="way" ref="19356461" role=""/>
  <member type="way" ref="397996399" role=""/>
  <member type="way" ref="312602073" role=""/>
  <member type="way" ref="155542976" role=""/>
  <member type="way" ref="369855809" role=""/>
  <member type="way" ref="155542968" role=""/>
  <member type="way" ref="1443517237" role=""/>
  <member type="way" ref="29084716" role=""/>
  <member type="way" ref="558917532" role=""/>
  <member type="way" ref="697574936" role=""/>
  <member type="way" ref="915457925" role=""/>
  <member type="way" ref="1076319549" role=""/>
  <member type="way" ref="297225622" role=""/>
  <member type="way" ref="30535245" role=""/>
  <member type="way" ref="96306841" role=""/>
  <member type="way" ref="96294231" role=""/>
  <member type="way" ref="96306839" role=""/>
  <member type="way" ref="96306851" role=""/>
  <member type="way" ref="26945312" role=""/>
  <member type="way" ref="691453025" role=""/>
  <member type="way" ref="155467731" role=""/>
  <member type="way" ref="155467734" role=""/>
  <member type="way" ref="209380155" role=""/>
  <member type="way" ref="332577351" role=""/>
  <member type="way" ref="124977962" role=""/>
  <member type="way" ref="124977961" role=""/>
  <member type="way" ref="96306829" role=""/>
  <member type="way" ref="96306834" role=""/>
  <member type="way" ref="96306842" role=""/>
  <member type="way" ref="96306852" role=""/>
  <member type="way" ref="96306830" role=""/>
  <member type="way" ref="96306835" role=""/>
  <member type="way" ref="96306838" role=""/>
  <member type="way" ref="96306847" role=""/>
  <member type="way" ref="26945311" role=""/>
  <member type="way" ref="30535330" role=""/>
  <member type="way" ref="30535245" role=""/>
  <member type="way" ref="297225622" role=""/>
  <member type="way" ref="1076319549" role=""/>
  <member type="way" ref="915457925" role=""/>
  <member type="way" ref="697574936" role=""/>
  <member type="way" ref="558917532" role=""/>
  <member type="way" ref="46191510" role=""/>
  <member type="way" ref="11627689" role=""/>
  <member type="way" ref="24808931" role=""/>
  <member type="way" ref="23918281" role=""/>
  <member type="way" ref="1013780363" role=""/>
  <member type="way" ref="23918286" role=""/>
  <member type="way" ref="23918356" role=""/>
  <member type="way" ref="173756731" role=""/>
  <member type="way" ref="23918359" role=""/>
  <member type="way" ref="558917533" role=""/>
  <member type="way" ref="118607888" role=""/>
  <member type="way" ref="30537708" role=""/>
  <member type="way" ref="13200874" role=""/>
  <member type="way" ref="36335706" role=""/>
  <member type="way" ref="96306855" role=""/>
  <member type="way" ref="96306849" role=""/>
  <member type="way" ref="96306828" role=""/>
  <member type="way" ref="123546523" role=""/>
  <member type="way" ref="1373116148" role=""/>
  <member type="way" ref="173922269" role=""/>
  <member type="way" ref="15021023" role=""/>
  <member type="way" ref="328178779" role=""/>
  <member type="way" ref="549336714" role=""/>
  <member type="way" ref="915205870" role=""/>
  <member type="way" ref="12136260" role=""/>
  <member type="way" ref="549336712" role=""/>
  <member type="way" ref="549336711" role=""/>
  <member type="way" ref="102809770" role=""/>
  <member type="way" ref="102809776" role=""/>
  <member type="way" ref="102809769" role=""/>
  <member type="way" ref="102809775" role=""/>
  <member type="way" ref="35586826" role=""/>
  <member type="way" ref="41639748" role=""/>
  <member type="way" ref="102809765" role=""/>
  <member type="way" ref="102809797" role=""/>
  <member type="way" ref="24715935" role=""/>
  <member type="way" ref="102809778" role=""/>
  <member type="way" ref="103008259" role=""/>
  <member type="way" ref="1284806524" role=""/>
  <member type="way" ref="102822442" role=""/>
  <member type="way" ref="35586821" role=""/>
  <member type="way" ref="18826361" role=""/>
  <member type="way" ref="102822436" role=""/>
  <member type="way" ref="35026190" role=""/>
  <member type="way" ref="401791263" role=""/>
  <member type="way" ref="102809759" role=""/>
  <member type="way" ref="35586823" role=""/>
  <member type="way" ref="102809779" role=""/>
  <member type="way" ref="102809777" role=""/>
  <member type="way" ref="102809772" role=""/>
  <member type="way" ref="959691227" role=""/>
  <member type="way" ref="959691226" role=""/>
  <member type="way" ref="959691225" role=""/>
  <member type="way" ref="102814867" role=""/>
  <member type="way" ref="959691224" role=""/>
  <member type="way" ref="102809780" role=""/>
  <member type="way" ref="959691223" role=""/>
  <member type="way" ref="29285585" role=""/>
  <member type="way" ref="959691222" role=""/>
  <member type="way" ref="29285584" role=""/>
  <member type="way" ref="102809790" role=""/>
  <member type="way" ref="701357020" role=""/>
  <member type="way" ref="102809785" role=""/>
  <member type="way" ref="701357019" role=""/>
  <member type="way" ref="25408956" role=""/>
  <member type="way" ref="102814866" role=""/>
  <member type="way" ref="29285689" role=""/>
  <tag k="from" v="Lüneburg, Hagen (Wendeplatz)"/>
  <tag k="name" v="Bus 5012: Hagen (Wendeplatz) =&gt; ZOB/Bahnhof =&gt; Am Sande =&gt; Bockelsberg =&gt; Planckstraße"/>
  <tag k="network" v="Hamburger Verkehrsverbund"/>
  <tag k="network:short" v="HVV"/>
  <tag k="network:wikidata" v="Q896916"/>
  <tag k="network:wikipedia" v="de:Hamburger Verkehrsverbund"/>
  <tag k="note" v="Vorlage http://wiki.openstreetmap.org/wiki/Proposed_features/Public_Transport"/>
  <tag k="operator" v="KVG Stade GmbH &amp; Co. KG"/>
  <tag k="public_transport:version" v="2"/>
  <tag k="ref" v="5012"/>
  <tag k="route" v="bus"/>
  <tag k="to" v="Lüneburg, Planckstraße"/>
  <tag k="type" v="route"/>
 </relation>
 <relation id="1461898" visible="true" version="55" changeset="184441991" timestamp="2026-06-22T17:25:47Z" user="Gorger" uid="20415418">
  <member type="node" ref="3126301507" role="stop"/>
  <member type="way" ref="460787755" role="platform"/>
  <member type="node" ref="1115656880" role="stop"/>
  <member type="node" ref="364332228" role="platform"/>
  <member type="node" ref="1116252423" role="stop"/>
  <member type="node" ref="410750968" role="platform"/>
  <member type="node" ref="274064000" role="stop"/>
  <member type="node" ref="410750969" role="platform"/>
  <member type="node" ref="1187966500" role="stop"/>
  <member type="node" ref="410750970" role="platform"/>
  <member type="node" ref="1187966495" role="stop"/>
  <member type="node" ref="387487107" role="platform"/>
  <member type="node" ref="1181280783" role="stop"/>
  <member type="node" ref="410750972" role="platform"/>
  <member type="node" ref="1181280646" role="stop"/>
  <member type="node" ref="1181281030" role="platform"/>
  <member type="node" ref="276915516" role="stop"/>
  <member type="node" ref="370660701" role="platform"/>
  <member type="node" ref="1187966472" role="stop"/>
  <member type="node" ref="410751818" role="platform"/>
  <member type="node" ref="1187966473" role="stop"/>
  <member type="node" ref="410751820" role="platform"/>
  <member type="way" ref="124977962" role=""/>
  <member type="way" ref="332577351" role=""/>
  <member type="way" ref="209380155" role=""/>
  <member type="way" ref="155467734" role=""/>
  <member type="way" ref="155467731" role=""/>
  <member type="way" ref="691453025" role=""/>
  <member type="way" ref="26945312" role=""/>
  <member type="way" ref="96306851" role=""/>
  <member type="way" ref="96306839" role=""/>
  <member type="way" ref="96294231" role=""/>
  <member type="way" ref="96306841" role=""/>
  <member type="way" ref="30535245" role=""/>
  <member type="way" ref="297225622" role=""/>
  <member type="way" ref="1076319549" role=""/>
  <member type="way" ref="915457925" role=""/>
  <member type="way" ref="697574936" role=""/>
  <member type="way" ref="558917532" role=""/>
  <member type="way" ref="46191510" role=""/>
  <member type="way" ref="11627689" role=""/>
  <member type="way" ref="24808931" role=""/>
  <member type="way" ref="23918281" role=""/>
  <member type="way" ref="1013780363" role=""/>
  <member type="way" ref="23918286" role=""/>
  <member type="way" ref="23918356" role=""/>
  <member type="way" ref="173756731" role=""/>
  <member type="way" ref="23918359" role=""/>
  <member type="way" ref="558917533" role=""/>
  <member type="way" ref="118607888" role=""/>
  <member type="way" ref="30537708" role=""/>
  <member type="way" ref="13200874" role=""/>
  <member type="way" ref="36335706" role=""/>
  <member type="way" ref="96306855" role=""/>
  <member type="way" ref="96306849" role=""/>
  <member type="way" ref="96306828" role=""/>
  <member type="way" ref="123546523" role=""/>
  <member type="way" ref="1373116148" role=""/>
  <member type="way" ref="173922269" role=""/>
  <member type="way" ref="15021023" role=""/>
  <member type="way" ref="13215491" role=""/>
  <member type="way" ref="297891991" role=""/>
  <member type="way" ref="96306840" role=""/>
  <member type="way" ref="297891992" role=""/>
  <member type="way" ref="718099394" role=""/>
  <member type="way" ref="35026188" role=""/>
  <member type="way" ref="314444468" role=""/>
  <member type="way" ref="329110978" role=""/>
  <member type="way" ref="892079715" role=""/>
  <member type="way" ref="46171709" role=""/>
  <member type="way" ref="314444467" role=""/>
  <member type="way" ref="103008263" role=""/>
  <member type="way" ref="102868124" role=""/>
  <member type="way" ref="103008266" role=""/>
  <member type="way" ref="1012114191" role=""/>
  <member type="way" ref="1531468645" role=""/>
  <member type="way" ref="12535675" role=""/>
  <member type="way" ref="103008217" role=""/>
  <member type="way" ref="976305874" role=""/>
  <member type="way" ref="1013792567" role=""/>
  <member type="way" ref="102809802" role=""/>
  <member type="way" ref="103008259" role=""/>
  <member type="way" ref="1284806524" role=""/>
  <member type="way" ref="102822442" role=""/>
  <member type="way" ref="35586821" role=""/>
  <member type="way" ref="18826361" role=""/>
  <member type="way" ref="102822436" role=""/>
  <member type="way" ref="35026190" role=""/>
  <member type="way" ref="401791263" role=""/>
  <member type="way" ref="102809759" role=""/>
  <member type="way" ref="35586823" role=""/>
  <member type="way" ref="102809779" role=""/>
  <member type="way" ref="102809777" role=""/>
  <member type="way" ref="559780974" role=""/>
  <member type="way" ref="1289604992" role=""/>
  <member type="way" ref="16893606" role=""/>
  <member type="way" ref="1077470347" role=""/>
  <member type="way" ref="401790800" role=""/>
  <member type="way" ref="17257982" role=""/>
  <member type="way" ref="103008201" role=""/>
  <member type="way" ref="103008261" role=""/>
  <member type="way" ref="1305617158" role=""/>
  <member type="way" ref="559780975" role=""/>
  <member type="way" ref="69741189" role=""/>
  <member type="way" ref="108821298" role=""/>
  <member type="way" ref="1489612467" role=""/>
  <member type="way" ref="69741184" role=""/>
  <member type="way" ref="37856526" role=""/>
  <member type="way" ref="103008264" role=""/>
  <member type="way" ref="766721972" role=""/>
  <member type="way" ref="402367471" role=""/>
  <member type="way" ref="312295090" role=""/>
  <member type="way" ref="103008253" role=""/>
  <tag k="from" v="Bf. Lüneburg (ZOB)"/>
  <tag k="lastcheck" v="20141214"/>
  <tag k="name" v="Bus 5011: ZOB/Bahnhof =&gt; Am Sande =&gt; Häcklingen (Am Wischfeld) =&gt; Lüneburg, Eintracht Sportplatz"/>
  <tag k="network" v="Hamburger Verkehrsverbund"/>
  <tag k="network:short" v="HVV"/>
  <tag k="network:wikidata" v="Q896916"/>
  <tag k="network:wikipedia" v="de:Hamburger Verkehrsverbund"/>
  <tag k="note" v="Mo-Fr während der Vorlesungszeit"/>
  <tag k="operator" v="KVG Stade GmbH &amp; Co. KG"/>
  <tag k="public_transport:version" v="2"/>
  <tag k="ref" v="5011"/>
  <tag k="route" v="bus"/>
  <tag k="to" v="Lüneburg, Eintracht Sportplatz"/>
  <tag k="type" v="route"/>
 </relation>
 <relation id="1461899" visible="true" version="83" changeset="184441991" timestamp="2026-06-22T17:25:47Z" user="Gorger" uid="20415418">
  <member type="node" ref="1187966473" role="stop"/>
  <member type="node" ref="410751820" role="platform"/>
  <member type="node" ref="1187966417" role="stop"/>
  <member type="node" ref="411082313" role="platform"/>
  <member type="node" ref="1187966470" role="stop"/>
  <member type="node" ref="403012157" role="platform"/>
  <member type="node" ref="1187966498" role="stop"/>
  <member type="node" ref="411082314" role="platform"/>
  <member type="node" ref="1187966430" role="stop"/>
  <member type="node" ref="403012162" role="platform"/>
  <member type="node" ref="3092332457" role="stop"/>
  <member type="node" ref="411085018" role="platform"/>
  <member type="node" ref="1187966434" role="stop"/>
  <member type="node" ref="411100376" role="platform"/>
  <member type="node" ref="1187966454" role="stop"/>
  <member type="node" ref="411100377" role="platform"/>
  <member type="node" ref="1187966496" role="stop"/>
  <member type="node" ref="411100378" role="platform"/>
  <member type="node" ref="281152676" role="stop"/>
  <member type="node" ref="411100381" role="platform"/>
  <member type="node" ref="1187966480" role="stop"/>
  <member type="node" ref="410751823" role="platform"/>
  <member type="node" ref="1187966458" role="stop"/>
  <member type="node" ref="410751815" role="platform"/>
  <member type="node" ref="276915516" role="stop"/>
  <member type="node" ref="1181281106" role="platform"/>
  <member type="node" ref="3222164914" role="stop"/>
  <member type="node" ref="370660953" role="platform"/>
  <member type="node" ref="1181280783" role="stop"/>
  <member type="node" ref="389040610" role="platform"/>
  <member type="node" ref="1187966488" role="stop"/>
  <member type="node" ref="387487108" role="platform"/>
  <member type="node" ref="1187966421" role="stop"/>
  <member type="node" ref="387487109" role="platform"/>
  <member type="node" ref="13952168541" role="stop"/>
  <member type="node" ref="414134114" role="platform"/>
  <member type="node" ref="1116252422" role="stop"/>
  <member type="node" ref="415596184" role="platform"/>
  <member type="node" ref="1115656884" role="stop"/>
  <member type="node" ref="364332237" role="platform"/>
  <member type="node" ref="3126301507" role="stop"/>
  <member type="way" ref="460787755" role="platform"/>
  <member type="way" ref="402367469" role=""/>
  <member type="way" ref="402367468" role=""/>
  <member type="way" ref="402367470" role=""/>
  <member type="way" ref="1077469926" role=""/>
  <member type="way" ref="103008245" role=""/>
  <member type="way" ref="214298240" role=""/>
  <member type="way" ref="891470443" role=""/>
  <member type="way" ref="891241043" role=""/>
  <member type="way" ref="103008254" role=""/>
  <member type="way" ref="401794507" role=""/>
  <member type="way" ref="35049308" role=""/>
  <member type="way" ref="34643040" role=""/>
  <member type="way" ref="103008269" role=""/>
  <member type="way" ref="885949831" role=""/>
  <member type="way" ref="35049615" role=""/>
  <member type="way" ref="103008235" role=""/>
  <member type="way" ref="701271953" role=""/>
  <member type="way" ref="103008205" role=""/>
  <member type="way" ref="35049617" role=""/>
  <member type="way" ref="886701671" role=""/>
  <member type="way" ref="35050745" role=""/>
  <member type="way" ref="1023604961" role=""/>
  <member type="way" ref="374169753" role=""/>
  <member type="way" ref="672469494" role=""/>
  <member type="way" ref="373613967" role=""/>
  <member type="way" ref="1455139767" role=""/>
  <member type="way" ref="1455139768" role=""/>
  <member type="way" ref="103008219" role=""/>
  <member type="way" ref="103008251" role=""/>
  <member type="way" ref="103008271" role=""/>
  <member type="way" ref="294798966" role=""/>
  <member type="way" ref="103008225" role=""/>
  <member type="way" ref="835572823" role=""/>
  <member type="way" ref="835572821" role=""/>
  <member type="way" ref="835572822" role=""/>
  <member type="way" ref="78490694" role=""/>
  <member type="way" ref="699857727" role=""/>
  <member type="way" ref="1347555039" role=""/>
  <member type="way" ref="78490695" role=""/>
  <member type="way" ref="78490693" role=""/>
  <member type="way" ref="32871402" role=""/>
  <member type="way" ref="312295080" role=""/>
  <member type="way" ref="103008234" role=""/>
  <member type="way" ref="1060274250" role=""/>
  <member type="way" ref="312295079" role=""/>
  <member type="way" ref="890684466" role=""/>
  <member type="way" ref="312295090" role=""/>
  <member type="way" ref="402367471" role=""/>
  <member type="way" ref="766721972" role=""/>
  <member type="way" ref="103008264" role=""/>
  <member type="way" ref="37856526" role=""/>
  <member type="way" ref="69741184" role=""/>
  <member type="way" ref="1489612467" role=""/>
  <member type="way" ref="108821298" role=""/>
  <member type="way" ref="69741189" role=""/>
  <member type="way" ref="559780975" role=""/>
  <member type="way" ref="1305617158" role=""/>
  <member type="way" ref="103008261" role=""/>
  <member type="way" ref="103008201" role=""/>
  <member type="way" ref="17257982" role=""/>
  <member type="way" ref="401790800" role=""/>
  <member type="way" ref="1077470347" role=""/>
  <member type="way" ref="16893606" role=""/>
  <member type="way" ref="1289604992" role=""/>
  <member type="way" ref="559780974" role=""/>
  <member type="way" ref="102809777" role=""/>
  <member type="way" ref="102809779" role=""/>
  <member type="way" ref="35586823" role=""/>
  <member type="way" ref="102809759" role=""/>
  <member type="way" ref="401791263" role=""/>
  <member type="way" ref="35026190" role=""/>
  <member type="way" ref="102809782" role=""/>
  <member type="way" ref="102814870" role=""/>
  <member type="way" ref="272548904" role=""/>
  <member type="way" ref="296982130" role=""/>
  <member type="way" ref="35586821" role=""/>
  <member type="way" ref="102822442" role=""/>
  <member type="way" ref="1284806524" role=""/>
  <member type="way" ref="103008259" role=""/>
  <member type="way" ref="102809802" role=""/>
  <member type="way" ref="1013792567" role=""/>
  <member type="way" ref="976305874" role=""/>
  <member type="way" ref="103008217" role=""/>
  <member type="way" ref="1530850817" role=""/>
  <member type="way" ref="1531468644" role=""/>
  <member type="way" ref="1530850816" role=""/>
  <member type="way" ref="1530850818" role=""/>
  <member type="way" ref="1531468643" role=""/>
  <member type="way" ref="103008263" role=""/>
  <member type="way" ref="314444467" role=""/>
  <member type="way" ref="46171709" role=""/>
  <member type="way" ref="892079715" role=""/>
  <member type="way" ref="329110978" role=""/>
  <member type="way" ref="314444468" role=""/>
  <member type="way" ref="35026188" role=""/>
  <member type="way" ref="718099394" role=""/>
  <member type="way" ref="297891992" role=""/>
  <member type="way" ref="96306840" role=""/>
  <member type="way" ref="297891991" role=""/>
  <member type="way" ref="13215491" role=""/>
  <member type="way" ref="15021023" role=""/>
  <member type="way" ref="173922269" role=""/>
  <member type="way" ref="1373116148" role=""/>
  <member type="way" ref="123546523" role=""/>
  <member type="way" ref="96306828" role=""/>
  <member type="way" ref="96306849" role=""/>
  <member type="way" ref="96306855" role=""/>
  <member type="way" ref="36335706" role=""/>
  <member type="way" ref="13200874" role=""/>
  <member type="way" ref="30537708" role=""/>
  <member type="way" ref="118607888" role=""/>
  <member type="way" ref="558917533" role=""/>
  <member type="way" ref="23918359" role=""/>
  <member type="way" ref="173756731" role=""/>
  <member type="way" ref="23918356" role=""/>
  <member type="way" ref="23918286" role=""/>
  <member type="way" ref="1013780363" role=""/>
  <member type="way" ref="23918281" role=""/>
  <member type="way" ref="24808931" role=""/>
  <member type="way" ref="11627689" role=""/>
  <member type="way" ref="46191510" role=""/>
  <member type="way" ref="425412202" role=""/>
  <member type="way" ref="124977959" role=""/>
  <member type="way" ref="296938849" role=""/>
  <member type="way" ref="155467732" role=""/>
  <member type="way" ref="314292899" role=""/>
  <member type="way" ref="155467734" role=""/>
  <member type="way" ref="155467731" role=""/>
  <member type="way" ref="691453025" role=""/>
  <member type="way" ref="26945312" role=""/>
  <member type="way" ref="96306851" role=""/>
  <member type="way" ref="96306839" role=""/>
  <member type="way" ref="96294231" role=""/>
  <member type="way" ref="96306841" role=""/>
  <member type="way" ref="30535330" role=""/>
  <member type="way" ref="26945311" role=""/>
  <member type="way" ref="96306847" role=""/>
  <member type="way" ref="96306838" role=""/>
  <member type="way" ref="96306835" role=""/>
  <member type="way" ref="96306830" role=""/>
  <member type="way" ref="96306852" role=""/>
  <member type="way" ref="96306842" role=""/>
  <member type="way" ref="96306834" role=""/>
  <member type="way" ref="96306829" role=""/>
  <member type="way" ref="124977961" role=""/>
  <member type="way" ref="124977962" role=""/>
  <member type="way" ref="332577351" role=""/>
  <tag k="from" v="Lüneburg, Eintracht Sportplatz"/>
  <tag k="lastcheck" v="20141214"/>
  <tag k="name" v="Bus 5011: Lüneburg, Eintracht Sportplatz =&gt; Am Sande =&gt; ZOB/Bahnhof"/>
  <tag k="network" v="Hamburger Verkehrsverbund"/>
  <tag k="network:short" v="HVV"/>
  <tag k="network:wikidata" v="Q896916"/>
  <tag k="network:wikipedia" v="de:Hamburger Verkehrsverbund"/>
  <tag k="note" v="Mo-Fr, vorletzte Fahrt"/>
  <tag k="operator" v="KVG Stade GmbH &amp; Co. KG"/>
  <tag k="public_transport:version" v="2"/>
  <tag k="ref" v="5011"/>
  <tag k="route" v="bus"/>
  <tag k="to" v="Bf. Lüneburg (ZOB)"/>
  <tag k="type" v="route"/>
 </relation>
 <relation id="1461999" visible="true" version="5" changeset="117828211" timestamp="2022-02-24T21:19:01Z" user="Garstedter" uid="2822207">
  <member type="relation" ref="1461470" role=""/>
  <member type="relation" ref="1461899" role=""/>
  <member type="relation" ref="1461900" role=""/>
  <member type="relation" ref="1461471" role=""/>
  <member type="relation" ref="1461898" role=""/>
  <member type="relation" ref="4274472" role=""/>
  <member type="relation" ref="4274473" role=""/>
  <tag k="lastcheck" v="20141214"/>
  <tag k="name" v="Bus 5011"/>
  <tag k="network" v="Hamburger Verkehrsverbund"/>
  <tag k="network:short" v="HVV"/>
  <tag k="network:wikidata" v="Q896916"/>
  <tag k="network:wikipedia" v="de:Hamburger Verkehrsverbund"/>
  <tag k="operator" v="KVG Stade GmbH &amp; Co. KG"/>
  <tag k="ref" v="5011"/>
  <tag k="route_master" v="bus"/>
  <tag k="type" v="route_master"/>
 </relation>
 <relation id="1956621" visible="true" version="128" changeset="185301347" timestamp="2026-07-07T22:29:52Z" user="hotteliene" uid="1913655">
  <member type="node" ref="1116169499" role="stop"/>
  <member type="way" ref="465668867" role="platform"/>
  <member type="node" ref="1115656880" role="stop"/>
  <member type="node" ref="364332228" role="platform"/>
  <member type="node" ref="1116252423" role="stop"/>
  <member type="node" ref="410750968" role="platform"/>
  <member type="node" ref="1187966500" role="stop"/>
  <member type="node" ref="410750970" role="platform"/>
  <member type="node" ref="1181280783" role="stop"/>
  <member type="node" ref="410750972" role="platform"/>
  <member type="node" ref="3211150431" role="stop"/>
  <member type="node" ref="270544778" role="platform"/>
  <member type="node" ref="3207720304" role="stop"/>
  <member type="node" ref="538482521" role="platform"/>
  <member type="node" ref="3211150418" role="stop"/>
  <member type="node" ref="1580924006" role="platform"/>
  <member type="node" ref="1705573008" role="stop"/>
  <member type="node" ref="538499889" role="platform"/>
  <member type="node" ref="1580939975" role="stop"/>
  <member type="node" ref="706472413" role="platform"/>
  <member type="node" ref="3351847276" role="stop"/>
  <member type="node" ref="1526117714" role="platform"/>
  <member type="node" ref="3351847265" role="stop"/>
  <member type="node" ref="2184587146" role="platform"/>
  <member type="node" ref="1580939970" role="stop"/>
  <member type="node" ref="3210654081" role="platform"/>
  <member type="node" ref="564137032" role="stop"/>
  <member type="node" ref="1580939963" role="platform"/>
  <member type="node" ref="3351847281" role="stop"/>
  <member type="node" ref="3210662024" role="platform"/>
  <member type="node" ref="1528583002" role="stop"/>
  <member type="node" ref="663701156" role="platform"/>
  <member type="node" ref="3349789155" role="stop"/>
  <member type="node" ref="3351847269" role="platform"/>
  <member type="node" ref="3349789157" role="stop"/>
  <member type="node" ref="663785697" role="platform"/>
  <member type="node" ref="3351847267" role="stop"/>
  <member type="node" ref="3351847268" role="platform"/>
  <member type="node" ref="667440688" role="stop"/>
  <member type="node" ref="3351847277" role="platform"/>
  <member type="node" ref="277260353" role="stop"/>
  <member type="node" ref="3351847279" role="platform"/>
  <member type="node" ref="3351847272" role="stop"/>
  <member type="node" ref="1329815870" role="platform"/>
  <member type="node" ref="277260359" role="stop"/>
  <member type="node" ref="3351847278" role="platform"/>
  <member type="node" ref="3351847271" role="stop"/>
  <member type="node" ref="3351847270" role="platform"/>
  <member type="node" ref="3351847264" role="stop"/>
  <member type="node" ref="3351847263" role="platform"/>
  <member type="node" ref="1385017490" role="stop"/>
  <member type="node" ref="5849955402" role="platform"/>
  <member type="way" ref="96306830" role=""/>
  <member type="way" ref="96306835" role=""/>
  <member type="way" ref="96306838" role=""/>
  <member type="way" ref="96306847" role=""/>
  <member type="way" ref="26945311" role=""/>
  <member type="way" ref="30535330" role=""/>
  <member type="way" ref="30535245" role=""/>
  <member type="way" ref="297225622" role=""/>
  <member type="way" ref="1076319549" role=""/>
  <member type="way" ref="915457925" role=""/>
  <member type="way" ref="697574936" role=""/>
  <member type="way" ref="558917532" role=""/>
  <member type="way" ref="46191510" role=""/>
  <member type="way" ref="11627689" role=""/>
  <member type="way" ref="24808931" role=""/>
  <member type="way" ref="23918281" role=""/>
  <member type="way" ref="1013780363" role=""/>
  <member type="way" ref="23918286" role=""/>
  <member type="way" ref="23918356" role=""/>
  <member type="way" ref="173756731" role=""/>
  <member type="way" ref="23918359" role=""/>
  <member type="way" ref="558917533" role=""/>
  <member type="way" ref="118607888" role=""/>
  <member type="way" ref="30537708" role=""/>
  <member type="way" ref="13200874" role=""/>
  <member type="way" ref="36335706" role=""/>
  <member type="way" ref="96306855" role=""/>
  <member type="way" ref="96306849" role=""/>
  <member type="way" ref="96306828" role=""/>
  <member type="way" ref="123546523" role=""/>
  <member type="way" ref="1373116148" role=""/>
  <member type="way" ref="173922269" role=""/>
  <member type="way" ref="15021023" role=""/>
  <member type="way" ref="13215491" role=""/>
  <member type="way" ref="297891991" role=""/>
  <member type="way" ref="96306840" role=""/>
  <member type="way" ref="297891992" role=""/>
  <member type="way" ref="718099394" role=""/>
  <member type="way" ref="35026188" role=""/>
  <member type="way" ref="314444468" role=""/>
  <member type="way" ref="329110978" role=""/>
  <member type="way" ref="892079715" role=""/>
  <member type="way" ref="46171709" role=""/>
  <member type="way" ref="314444467" role=""/>
  <member type="way" ref="103008263" role=""/>
  <member type="way" ref="102868124" role=""/>
  <member type="way" ref="103008266" role=""/>
  <member type="way" ref="1012114191" role=""/>
  <member type="way" ref="1531468645" role=""/>
  <member type="way" ref="12535675" role=""/>
  <member type="way" ref="103008217" role=""/>
  <member type="way" ref="976305874" role=""/>
  <member type="way" ref="1013792567" role=""/>
  <member type="way" ref="102809802" role=""/>
  <member type="way" ref="103008259" role=""/>
  <member type="way" ref="1284806524" role=""/>
  <member type="way" ref="102822442" role=""/>
  <member type="way" ref="35586821" role=""/>
  <member type="way" ref="33825372" role=""/>
  <member type="way" ref="102814870" role=""/>
  <member type="way" ref="102814878" role=""/>
  <member type="way" ref="35838908" role=""/>
  <member type="way" ref="24943784" role=""/>
  <member type="way" ref="396677134" role=""/>
  <member type="way" ref="1303316601" role=""/>
  <member type="way" ref="1303316602" role=""/>
  <member type="way" ref="394138657" role=""/>
  <member type="way" ref="102814863" role=""/>
  <member type="way" ref="394138656" role=""/>
  <member type="way" ref="102814876" role=""/>
  <member type="way" ref="394137947" role=""/>
  <member type="way" ref="410664439" role=""/>
  <member type="way" ref="327732618" role=""/>
  <member type="way" ref="1077923441" role=""/>
  <member type="way" ref="102814879" role=""/>
  <member type="way" ref="394137946" role=""/>
  <member type="way" ref="69584547" role=""/>
  <member type="way" ref="1077924649" role=""/>
  <member type="way" ref="69584548" role=""/>
  <member type="way" ref="42992976" role=""/>
  <member type="way" ref="256458052" role=""/>
  <member type="way" ref="144552967" role=""/>
  <member type="way" ref="1056282484" role=""/>
  <member type="way" ref="297775368" role=""/>
  <member type="way" ref="10437082" role=""/>
  <member type="way" ref="541639687" role=""/>
  <member type="way" ref="10437080" role=""/>
  <member type="way" ref="541639688" role=""/>
  <member type="way" ref="297775366" role=""/>
  <member type="way" ref="297775367" role=""/>
  <member type="way" ref="392518616" role=""/>
  <member type="way" ref="156777715" role=""/>
  <member type="way" ref="10437081" role=""/>
  <member type="way" ref="392518617" role=""/>
  <member type="way" ref="62102770" role=""/>
  <member type="way" ref="25750665" role=""/>
  <member type="way" ref="764009046" role=""/>
  <member type="way" ref="764009047" role=""/>
  <member type="way" ref="392518614" role=""/>
  <member type="way" ref="176303394" role=""/>
  <member type="way" ref="764009052" role=""/>
  <member type="way" ref="297781322" role=""/>
  <member type="way" ref="144538224" role=""/>
  <member type="way" ref="144538221" role=""/>
  <member type="way" ref="176303395" role=""/>
  <member type="way" ref="292093925" role=""/>
  <member type="way" ref="297781320" role=""/>
  <member type="way" ref="25750486" role=""/>
  <member type="way" ref="763966098" role=""/>
  <member type="way" ref="763966099" role=""/>
  <member type="way" ref="763976967" role=""/>
  <member type="way" ref="240864964" role=""/>
  <member type="way" ref="393060037" role=""/>
  <member type="way" ref="393060038" role=""/>
  <member type="way" ref="656697395" role=""/>
  <member type="way" ref="656697394" role=""/>
  <member type="way" ref="158332296" role=""/>
  <member type="way" ref="158332313" role=""/>
  <member type="way" ref="656695352" role=""/>
  <member type="way" ref="656695350" role=""/>
  <member type="way" ref="656695349" role=""/>
  <member type="way" ref="208141963" role=""/>
  <member type="way" ref="393060045" role=""/>
  <member type="way" ref="393060043" role=""/>
  <member type="way" ref="393060040" role=""/>
  <member type="way" ref="328374916" role=""/>
  <member type="way" ref="158332344" role=""/>
  <member type="way" ref="328374915" role=""/>
  <member type="way" ref="139163767" role=""/>
  <member type="way" ref="330240398" role=""/>
  <member type="way" ref="158332344" role=""/>
  <member type="way" ref="328374916" role=""/>
  <member type="way" ref="393060040" role=""/>
  <member type="way" ref="393060043" role=""/>
  <member type="way" ref="393060045" role=""/>
  <member type="way" ref="208141963" role=""/>
  <member type="way" ref="656695349" role=""/>
  <member type="way" ref="656695350" role=""/>
  <member type="way" ref="656695352" role=""/>
  <member type="way" ref="158332313" role=""/>
  <member type="way" ref="158332296" role=""/>
  <member type="way" ref="656697394" role=""/>
  <member type="way" ref="656697395" role=""/>
  <member type="way" ref="393060038" role=""/>
  <member type="way" ref="393060037" role=""/>
  <member type="way" ref="240864964" role=""/>
  <member type="way" ref="763976967" role=""/>
  <member type="way" ref="763966099" role=""/>
  <member type="way" ref="763966097" role=""/>
  <member type="way" ref="763957594" role=""/>
  <member type="way" ref="41629439" role=""/>
  <member type="way" ref="1409124945" role=""/>
  <member type="way" ref="511364507" role=""/>
  <member type="way" ref="511364508" role=""/>
  <member type="way" ref="25413321" role=""/>
  <member type="way" ref="25588721" role=""/>
  <member type="way" ref="305627205" role=""/>
  <member type="way" ref="325420284" role=""/>
  <member type="way" ref="305627207" role=""/>
  <member type="way" ref="369862664" role=""/>
  <member type="way" ref="1185676080" role=""/>
  <member type="way" ref="325420287" role=""/>
  <member type="way" ref="1328520961" role=""/>
  <member type="way" ref="1328426971" role=""/>
  <member type="way" ref="1328433216" role=""/>
  <member type="way" ref="1328433217" role=""/>
  <member type="way" ref="1328508179" role=""/>
  <member type="way" ref="70999654" role=""/>
  <member type="way" ref="1328508077" role=""/>
  <member type="way" ref="1328510413" role=""/>
  <member type="way" ref="1184177516" role=""/>
  <member type="way" ref="1185281108" role=""/>
  <member type="way" ref="328374917" role=""/>
  <member type="way" ref="328374921" role=""/>
  <member type="way" ref="328374920" role=""/>
  <member type="way" ref="314984605" role=""/>
  <member type="way" ref="328374920" role=""/>
  <member type="way" ref="314984607" role=""/>
  <member type="way" ref="70999658" role=""/>
  <member type="way" ref="1183789593" role=""/>
  <member type="way" ref="27637788" role=""/>
  <member type="way" ref="669820690" role=""/>
  <member type="way" ref="25440594" role=""/>
  <member type="way" ref="669820692" role=""/>
  <member type="way" ref="1183458847" role=""/>
  <member type="way" ref="25440624" role=""/>
  <member type="way" ref="118710859" role=""/>
  <member type="way" ref="294822806" role=""/>
  <member type="way" ref="294822807" role=""/>
  <member type="way" ref="294822805" role=""/>
  <member type="way" ref="52035591" role=""/>
  <member type="way" ref="52071786" role=""/>
  <member type="way" ref="52040092" role=""/>
  <member type="way" ref="1183789585" role=""/>
  <member type="way" ref="52066351" role=""/>
  <member type="way" ref="208137449" role=""/>
  <member type="way" ref="1421474654" role=""/>
  <member type="way" ref="294802123" role=""/>
  <member type="way" ref="300072471" role=""/>
  <member type="way" ref="300072470" role=""/>
  <member type="way" ref="798049463" role=""/>
  <member type="way" ref="117886406" role=""/>
  <member type="way" ref="300072472" role=""/>
  <member type="way" ref="300072473" role=""/>
  <member type="way" ref="300128047" role=""/>
  <member type="way" ref="41629425" role=""/>
  <member type="way" ref="1191850191" role=""/>
  <member type="way" ref="25842561" role=""/>
  <member type="way" ref="430150412" role=""/>
  <member type="way" ref="41506590" role=""/>
  <member type="way" ref="328374919" role=""/>
  <tag k="from" v="Lüneburg ZOB"/>
  <tag k="name" v="Bus 5600: Lüneburg (ZOB) =&gt; Melbeck =&gt; Barnstedt"/>
  <tag k="network" v="Hamburger Verkehrsverbund"/>
  <tag k="network:short" v="HVV"/>
  <tag k="network:wikidata" v="Q896916"/>
  <tag k="network:wikipedia" v="de:Hamburger Verkehrsverbund"/>
  <tag k="note" v="Verlauf Samstag"/>
  <tag k="old_name" v="600"/>
  <tag k="operator" v="VOG"/>
  <tag k="public_transport:version" v="2"/>
  <tag k="ref" v="5600"/>
  <tag k="route" v="bus"/>
  <tag k="to" v="Barnstedt, Große Hof"/>
  <tag k="type" v="route"/>
 </relation>
 <relation id="4224631" visible="true" version="11" changeset="180587049" timestamp="2026-03-29T14:34:14Z" user="G4rden3r" uid="12091530">
  <member type="relation" ref="153771" role=""/>
  <member type="relation" ref="4224652" role=""/>
  <tag k="colour" v="#1a962b"/>
  <tag k="gtfs:feed" v="DE-HH-HVV"/>
  <tag k="gtfs:route_id" v="14349_702"/>
  <tag k="name" v="XpressBus X51: Lüneburg, Leuphana &lt;=&gt; Bf. Bahnhof (ZOB)"/>
  <tag k="network" v="Hamburger Verkehrsverbund"/>
  <tag k="network:guid" v="DE-HH-HVV"/>
  <tag k="network:short" v="HVV"/>
  <tag k="network:wikidata" v="Q896916"/>
  <tag k="network:wikipedia" v="de:Hamburger Verkehrsverbund"/>
  <tag k="operator" v="KVG Stade GmbH &amp; Co. KG"/>
  <tag k="ref" v="X51"/>
  <tag k="route_master" v="bus"/>
  <tag k="type" v="route_master"/>
 </relation>
 <relation id="4224652" visible="true" version="43" changeset="182393159" timestamp="2026-05-08T17:15:55Z" user="G4rden3r" uid="12091530">
  <member type="node" ref="1116169491" role="stop_entry_only"/>
  <member type="way" ref="465668872" role="platform_entry_only"/>
  <member type="node" ref="3348003478" role="stop"/>
  <member type="node" ref="3338569134" role="platform"/>
  <member type="node" ref="3204268277" role="stop_exit_only"/>
  <member type="node" ref="2745085368" role="platform_exit_only"/>
  <member type="way" ref="26945311" role=""/>
  <member type="way" ref="30535330" role=""/>
  <member type="way" ref="30535245" role=""/>
  <member type="way" ref="297225622" role=""/>
  <member type="way" ref="1076319549" role=""/>
  <member type="way" ref="915457925" role=""/>
  <member type="way" ref="697574936" role=""/>
  <member type="way" ref="558917532" role=""/>
  <member type="way" ref="46191510" role=""/>
  <member type="way" ref="11627689" role=""/>
  <member type="way" ref="24808931" role=""/>
  <member type="way" ref="23918281" role=""/>
  <member type="way" ref="12273118" role=""/>
  <member type="way" ref="393505712" role=""/>
  <member type="way" ref="23918493" role=""/>
  <member type="way" ref="23918490" role=""/>
  <member type="way" ref="491372108" role=""/>
  <member type="way" ref="391921422" role=""/>
  <member type="way" ref="143183287" role=""/>
  <member type="way" ref="12273115" role=""/>
  <member type="way" ref="558917530" role=""/>
  <member type="way" ref="118607895" role=""/>
  <member type="way" ref="392719989" role=""/>
  <member type="way" ref="80152409" role=""/>
  <member type="way" ref="1012158720" role=""/>
  <member type="way" ref="250232622" role=""/>
  <member type="way" ref="945822989" role=""/>
  <member type="way" ref="394130298" role=""/>
  <member type="way" ref="945822988" role=""/>
  <member type="way" ref="945822987" role=""/>
  <member type="way" ref="945822394" role=""/>
  <member type="way" ref="250232621" role=""/>
  <member type="way" ref="394127919" role=""/>
  <member type="way" ref="156496650" role=""/>
  <member type="way" ref="392997507" role=""/>
  <member type="way" ref="284500471" role=""/>
  <member type="way" ref="314377960" role=""/>
  <member type="way" ref="396677135" role=""/>
  <member type="way" ref="393510231" role=""/>
  <member type="way" ref="477432170" role=""/>
  <member type="way" ref="891126793" role=""/>
  <member type="way" ref="102822436" role=""/>
  <member type="way" ref="35026190" role=""/>
  <member type="way" ref="401791263" role=""/>
  <member type="way" ref="102809759" role=""/>
  <member type="way" ref="35586823" role=""/>
  <member type="way" ref="102809779" role=""/>
  <member type="way" ref="35031432" role=""/>
  <tag k="colour" v="#1a962b"/>
  <tag k="from" v="Bf. Lüneburg (ZOB)"/>
  <tag k="gtfs:feed" v="DE-HH-HVV"/>
  <tag k="gtfs:route_id" v="14349_702"/>
  <tag k="gtfs:trip_id:sample" v="62971619"/>
  <tag k="name" v="XpressBus X51: Bf. Lüneburg (ZOB) =&gt; Lüneburg, Leuphana"/>
  <tag k="network" v="Hamburger Verkehrsverbund"/>
  <tag k="network:guid" v="DE-HH-HVV"/>
  <tag k="network:short" v="HVV"/>
  <tag k="network:wikidata" v="Q896916"/>
  <tag k="network:wikipedia" v="de:Hamburger Verkehrsverbund"/>
  <tag k="old_ref" v="5001"/>
  <tag k="operator" v="KVG Stade GmbH &amp; Co. KG"/>
  <tag k="public_transport:version" v="2"/>
  <tag k="ref" v="X51"/>
  <tag k="route" v="bus"/>
  <tag k="to" v="Lüneburg, Leuphana"/>
  <tag k="type" v="route"/>
 </relation>
 <relation id="4274472" visible="true" version="79" changeset="184441991" timestamp="2026-06-22T17:25:47Z" user="Gorger" uid="20415418">
  <member type="node" ref="1187966417" role="stop"/>
  <member type="node" ref="411082313" role="platform"/>
  <member type="node" ref="1187966470" role="stop"/>
  <member type="node" ref="403012157" role="platform"/>
  <member type="node" ref="1187966498" role="stop"/>
  <member type="node" ref="411082314" role="platform"/>
  <member type="node" ref="1187966430" role="stop"/>
  <member type="node" ref="403012162" role="platform"/>
  <member type="node" ref="3092332457" role="stop"/>
  <member type="node" ref="411085018" role="platform"/>
  <member type="node" ref="1187966434" role="stop"/>
  <member type="node" ref="411100376" role="platform"/>
  <member type="node" ref="1187966454" role="stop"/>
  <member type="node" ref="411100377" role="platform"/>
  <member type="node" ref="1187966496" role="stop"/>
  <member type="node" ref="411100378" role="platform"/>
  <member type="node" ref="281152676" role="stop"/>
  <member type="node" ref="411100381" role="platform"/>
  <member type="node" ref="1187966480" role="stop"/>
  <member type="node" ref="410751823" role="platform"/>
  <member type="node" ref="1187966458" role="stop"/>
  <member type="node" ref="410751815" role="platform"/>
  <member type="node" ref="276915516" role="stop"/>
  <member type="node" ref="1181281106" role="platform"/>
  <member type="node" ref="13952168541" role="stop"/>
  <member type="node" ref="3222164914" role="stop"/>
  <member type="node" ref="370660953" role="platform"/>
  <member type="node" ref="1181280783" role="stop"/>
  <member type="node" ref="389040610" role="platform"/>
  <member type="node" ref="1187966488" role="stop"/>
  <member type="node" ref="387487108" role="platform"/>
  <member type="node" ref="1187966421" role="stop"/>
  <member type="node" ref="387487109" role="platform"/>
  <member type="node" ref="414134114" role="platform"/>
  <member type="node" ref="1116252422" role="stop"/>
  <member type="node" ref="415596184" role="platform"/>
  <member type="node" ref="1115656884" role="stop"/>
  <member type="node" ref="364332237" role="platform"/>
  <member type="node" ref="3126301507" role="stop"/>
  <member type="way" ref="460787755" role="platform"/>
  <member type="node" ref="1187966431" role="stop"/>
  <member type="node" ref="410742087" role="platform"/>
  <member type="node" ref="119098290" role="stop"/>
  <member type="node" ref="349269980" role="platform"/>
  <member type="node" ref="1187966436" role="stop"/>
  <member type="node" ref="349269981" role="platform"/>
  <member type="node" ref="1187966483" role="stop"/>
  <member type="node" ref="349269983" role="platform"/>
  <member type="node" ref="1187966411" role="stop"/>
  <member type="node" ref="304485136" role="platform"/>
  <member type="node" ref="1187966452" role="stop"/>
  <member type="node" ref="349269984" role="platform"/>
  <member type="node" ref="414692562" role="stop"/>
  <member type="node" ref="349277045" role="platform"/>
  <member type="node" ref="414692567" role="stop"/>
  <member type="node" ref="349277050" role="platform"/>
  <member type="node" ref="414685405" role="stop"/>
  <member type="node" ref="304485121" role="platform"/>
  <member type="way" ref="214298240" role=""/>
  <member type="way" ref="891470443" role=""/>
  <member type="way" ref="891241043" role=""/>
  <member type="way" ref="103008254" role=""/>
  <member type="way" ref="401794507" role=""/>
  <member type="way" ref="35049308" role=""/>
  <member type="way" ref="34643040" role=""/>
  <member type="way" ref="103008269" role=""/>
  <member type="way" ref="885949831" role=""/>
  <member type="way" ref="35049615" role=""/>
  <member type="way" ref="103008235" role=""/>
  <member type="way" ref="701271953" role=""/>
  <member type="way" ref="103008205" role=""/>
  <member type="way" ref="35049617" role=""/>
  <member type="way" ref="886701671" role=""/>
  <member type="way" ref="35050745" role=""/>
  <member type="way" ref="1023604961" role=""/>
  <member type="way" ref="374169753" role=""/>
  <member type="way" ref="672469494" role=""/>
  <member type="way" ref="373613967" role=""/>
  <member type="way" ref="1455139767" role=""/>
  <member type="way" ref="1455139768" role=""/>
  <member type="way" ref="103008219" role=""/>
  <member type="way" ref="103008251" role=""/>
  <member type="way" ref="103008271" role=""/>
  <member type="way" ref="294798966" role=""/>
  <member type="way" ref="103008225" role=""/>
  <member type="way" ref="835572823" role=""/>
  <member type="way" ref="835572821" role=""/>
  <member type="way" ref="835572822" role=""/>
  <member type="way" ref="78490694" role=""/>
  <member type="way" ref="699857727" role=""/>
  <member type="way" ref="1347555039" role=""/>
  <member type="way" ref="78490695" role=""/>
  <member type="way" ref="78490693" role=""/>
  <member type="way" ref="32871402" role=""/>
  <member type="way" ref="312295080" role=""/>
  <member type="way" ref="103008234" role=""/>
  <member type="way" ref="1060274250" role=""/>
  <member type="way" ref="312295079" role=""/>
  <member type="way" ref="890684466" role=""/>
  <member type="way" ref="312295090" role=""/>
  <member type="way" ref="402367471" role=""/>
  <member type="way" ref="766721972" role=""/>
  <member type="way" ref="103008264" role=""/>
  <member type="way" ref="37856526" role=""/>
  <member type="way" ref="69741184" role=""/>
  <member type="way" ref="1489612467" role=""/>
  <member type="way" ref="108821298" role=""/>
  <member type="way" ref="69741189" role=""/>
  <member type="way" ref="559780975" role=""/>
  <member type="way" ref="1305617158" role=""/>
  <member type="way" ref="103008261" role=""/>
  <member type="way" ref="103008201" role=""/>
  <member type="way" ref="17257982" role=""/>
  <member type="way" ref="401790800" role=""/>
  <member type="way" ref="1077470347" role=""/>
  <member type="way" ref="16893606" role=""/>
  <member type="way" ref="1289604992" role=""/>
  <member type="way" ref="559780974" role=""/>
  <member type="way" ref="102809777" role=""/>
  <member type="way" ref="102809779" role=""/>
  <member type="way" ref="35586823" role=""/>
  <member type="way" ref="102809759" role=""/>
  <member type="way" ref="401791263" role=""/>
  <member type="way" ref="35026190" role=""/>
  <member type="way" ref="102809782" role=""/>
  <member type="way" ref="102814870" role=""/>
  <member type="way" ref="272548904" role=""/>
  <member type="way" ref="296982130" role=""/>
  <member type="way" ref="35586821" role=""/>
  <member type="way" ref="102822442" role=""/>
  <member type="way" ref="1284806524" role=""/>
  <member type="way" ref="103008259" role=""/>
  <member type="way" ref="102809802" role=""/>
  <member type="way" ref="1013792567" role=""/>
  <member type="way" ref="976305874" role=""/>
  <member type="way" ref="103008217" role=""/>
  <member type="way" ref="1530850817" role=""/>
  <member type="way" ref="1531468644" role=""/>
  <member type="way" ref="1530850816" role=""/>
  <member type="way" ref="1530850818" role=""/>
  <member type="way" ref="1531468643" role=""/>
  <member type="way" ref="103008263" role=""/>
  <member type="way" ref="314444467" role=""/>
  <member type="way" ref="46171709" role=""/>
  <member type="way" ref="892079715" role=""/>
  <member type="way" ref="329110978" role=""/>
  <member type="way" ref="314444468" role=""/>
  <member type="way" ref="35026188" role=""/>
  <member type="way" ref="718099394" role=""/>
  <member type="way" ref="297891992" role=""/>
  <member type="way" ref="96306840" role=""/>
  <member type="way" ref="297891991" role=""/>
  <member type="way" ref="13215491" role=""/>
  <member type="way" ref="15021023" role=""/>
  <member type="way" ref="173922269" role=""/>
  <member type="way" ref="1373116148" role=""/>
  <member type="way" ref="123546523" role=""/>
  <member type="way" ref="96306828" role=""/>
  <member type="way" ref="96306849" role=""/>
  <member type="way" ref="96306855" role=""/>
  <member type="way" ref="36335706" role=""/>
  <member type="way" ref="13200874" role=""/>
  <member type="way" ref="30537708" role=""/>
  <member type="way" ref="118607888" role=""/>
  <member type="way" ref="558917533" role=""/>
  <member type="way" ref="23918359" role=""/>
  <member type="way" ref="173756731" role=""/>
  <member type="way" ref="23918356" role=""/>
  <member type="way" ref="23918286" role=""/>
  <member type="way" ref="1013780363" role=""/>
  <member type="way" ref="23918281" role=""/>
  <member type="way" ref="24808931" role=""/>
  <member type="way" ref="11627689" role=""/>
  <member type="way" ref="46191510" role=""/>
  <member type="way" ref="425412202" role=""/>
  <member type="way" ref="124977959" role=""/>
  <member type="way" ref="296938849" role=""/>
  <member type="way" ref="155467732" role=""/>
  <member type="way" ref="314292899" role=""/>
  <member type="way" ref="155467734" role=""/>
  <member type="way" ref="155467731" role=""/>
  <member type="way" ref="691453025" role=""/>
  <member type="way" ref="26945312" role=""/>
  <member type="way" ref="96306851" role=""/>
  <member type="way" ref="96306839" role=""/>
  <member type="way" ref="96294231" role=""/>
  <member type="way" ref="96306841" role=""/>
  <member type="way" ref="30535330" role=""/>
  <member type="way" ref="26945311" role=""/>
  <member type="way" ref="96306847" role=""/>
  <member type="way" ref="96306838" role=""/>
  <member type="way" ref="96306835" role=""/>
  <member type="way" ref="96306830" role=""/>
  <member type="way" ref="96306852" role=""/>
  <member type="way" ref="96306842" role=""/>
  <member type="way" ref="96306834" role=""/>
  <member type="way" ref="96306829" role=""/>
  <member type="way" ref="124977961" role=""/>
  <member type="way" ref="124977962" role=""/>
  <member type="way" ref="332577351" role=""/>
  <member type="way" ref="314292900" role=""/>
  <member type="way" ref="124977960" role=""/>
  <member type="way" ref="296938849" role=""/>
  <member type="way" ref="124977959" role=""/>
  <member type="way" ref="425412202" role=""/>
  <member type="way" ref="29084716" role=""/>
  <member type="way" ref="1443517237" role=""/>
  <member type="way" ref="155542968" role=""/>
  <member type="way" ref="369855809" role=""/>
  <member type="way" ref="155542976" role=""/>
  <member type="way" ref="312602073" role=""/>
  <member type="way" ref="397996399" role=""/>
  <member type="way" ref="33075825" role=""/>
  <member type="way" ref="425412201" role=""/>
  <member type="way" ref="697718035" role=""/>
  <member type="way" ref="103008229" role=""/>
  <member type="way" ref="103008257" role=""/>
  <member type="way" ref="28029283" role=""/>
  <member type="way" ref="103008240" role=""/>
  <member type="way" ref="425412203" role=""/>
  <member type="way" ref="697712484" role=""/>
  <member type="way" ref="28029282" role=""/>
  <member type="way" ref="103008198" role=""/>
  <member type="way" ref="697710241" role=""/>
  <member type="way" ref="12954702" role=""/>
  <member type="way" ref="697635116" role=""/>
  <member type="way" ref="103008203" role=""/>
  <member type="way" ref="391935745" role=""/>
  <member type="way" ref="31259022" role=""/>
  <member type="way" ref="31258313" role=""/>
  <member type="way" ref="25280757" role=""/>
  <member type="way" ref="31258314" role=""/>
  <member type="way" ref="103008230" role=""/>
  <member type="way" ref="31259022" role=""/>
  <member type="way" ref="391935745" role=""/>
  <member type="way" ref="103008203" role=""/>
  <member type="way" ref="697635116" role=""/>
  <member type="way" ref="391935747" role=""/>
  <member type="way" ref="103008213" role=""/>
  <member type="way" ref="103008248" role=""/>
  <member type="way" ref="31258465" role=""/>
  <member type="way" ref="26746308" role=""/>
  <member type="way" ref="103008258" role=""/>
  <member type="way" ref="128782555" role=""/>
  <member type="way" ref="103008210" role=""/>
  <member type="way" ref="316907334" role=""/>
  <member type="way" ref="96306854" role=""/>
  <member type="way" ref="872318872" role=""/>
  <member type="way" ref="484997865" role=""/>
  <member type="way" ref="1329925397" role=""/>
  <member type="way" ref="35367847" role=""/>
  <member type="way" ref="1329925398" role=""/>
  <member type="way" ref="26921702" role=""/>
  <member type="way" ref="103008242" role=""/>
  <member type="way" ref="1437046357" role=""/>
  <tag k="from" v="Lüneburg, Am Bahnhof Rettmer"/>
  <tag k="lastcheck" v="20170417"/>
  <tag k="name" v="Bus 5011: Lüneburg, Am Bahnhof Rettmer =&gt; Häcklingen (Am Wischfeld) =&gt; Am Sande =&gt; ZOB/Bahnhof =&gt; W.-Leuschner-Straße"/>
  <tag k="network" v="Hamburger Verkehrsverbund"/>
  <tag k="network:short" v="HVV"/>
  <tag k="network:wikidata" v="Q896916"/>
  <tag k="network:wikipedia" v="de:Hamburger Verkehrsverbund"/>
  <tag k="note" v="Mo-Fr, Sa erste Fahrt"/>
  <tag k="operator" v="KVG Stade GmbH &amp; Co. KG"/>
  <tag k="public_transport:version" v="2"/>
  <tag k="ref" v="5011"/>
  <tag k="route" v="bus"/>
  <tag k="to" v="Lüneburg, Wilh.-Leuschner-Straße"/>
  <tag k="type" v="route"/>
 </relation>
 <relation id="4573721" visible="true" version="1" changeset="28730363" timestamp="2015-02-09T15:39:13Z" user="Swen Wacker" uid="327655">
  <member type="node" ref="3222164914" role="stop"/>
  <member type="node" ref="1181280646" role="stop"/>
  <member type="node" ref="1181281030" role="platform"/>
  <member type="node" ref="370660953" role="platform"/>
  <tag k="name" v="Blücherstraße"/>
  <tag k="network" v="HVV"/>
  <tag k="operator" v="KVG"/>
  <tag k="public_transport" v="stop_area"/>
  <tag k="type" v="public_transport"/>
 </relation>
 <relation id="4573722" visible="true" version="1" changeset="28730363" timestamp="2015-02-09T15:39:13Z" user="Swen Wacker" uid="327655">
  <member type="node" ref="1187269501" role="platform"/>
  <member type="node" ref="1187269492" role="stop"/>
  <tag k="name" v="Carl-von-Ossietzky-Straße"/>
  <tag k="network" v="HVV"/>
  <tag k="operator" v="KVG"/>
  <tag k="public_transport" v="stop_area"/>
  <tag k="type" v="public_transport"/>
 </relation>
 <relation id="4573729" visible="true" version="2" changeset="164130651" timestamp="2025-03-26T16:53:51Z" user="G4rden3r" uid="12091530">
  <member type="node" ref="3204268277" role="stop"/>
  <member type="node" ref="2745085368" role="platform"/>
  <tag k="name" v="Lüneburg, Leuphana"/>
  <tag k="network" v="HVV"/>
  <tag k="operator" v="KVG"/>
  <tag k="public_transport" v="stop_area"/>
  <tag k="type" v="public_transport"/>
 </relation>
 <relation id="4573733" visible="true" version="3" changeset="56697366" timestamp="2018-02-26T17:30:10Z" user="Nikeofish" uid="7631795">
  <member type="node" ref="3211150430" role="stop"/>
  <member type="node" ref="270544778" role="platform"/>
  <member type="node" ref="3211150431" role="stop"/>
  <member type="node" ref="270748838" role="platform"/>
  <tag k="name" v="Universitätsallee"/>
  <tag k="network" v="HVV"/>
  <tag k="operator" v="KVG"/>
  <tag k="public_transport" v="stop_area"/>
  <tag k="type" v="public_transport"/>
 </relation>
 <relation id="4573734" visible="true" version="1" changeset="28730363" timestamp="2015-02-09T15:39:14Z" user="Swen Wacker" uid="327655">
  <member type="node" ref="276915516" role="stop"/>
  <member type="node" ref="370660701" role="platform"/>
  <member type="node" ref="1181281106" role="platform"/>
  <tag k="name" v="Scharnhorststraße/DJH"/>
  <tag k="network" v="HVV"/>
  <tag k="operator" v="KVG"/>
  <tag k="public_transport" v="stop_area"/>
  <tag k="type" v="public_transport"/>
 </relation>
 <relation id="4573738" visible="true" version="2" changeset="155898176" timestamp="2024-08-28T19:44:20Z" user="Till_btn" uid="16371836">
  <member type="node" ref="322048072" role="platform"/>
  <member type="node" ref="1181281054" role="stop"/>
  <member type="node" ref="1181281132" role="platform"/>
  <member type="way" ref="1095440107" role="platform"/>
  <member type="node" ref="1181281285" role="stop"/>
  <member type="node" ref="322048074" role="platform"/>
  <tag k="name" v="Wichernstraße"/>
  <tag k="network" v="HVV"/>
  <tag k="operator" v="KVG"/>
  <tag k="public_transport" v="stop_area"/>
  <tag k="type" v="public_transport"/>
 </relation>
 <relation id="4594003" visible="true" version="3" changeset="117828211" timestamp="2022-02-24T21:19:01Z" user="Garstedter" uid="2822207">
  <member type="relation" ref="1956621" role=""/>
  <tag k="name" v="Bus 5600"/>
  <tag k="network" v="Hamburger Verkehrsverbund"/>
  <tag k="network:short" v="HVV"/>
  <tag k="network:wikidata" v="Q896916"/>
  <tag k="network:wikipedia" v="de:Hamburger Verkehrsverbund"/>
  <tag k="operator" v="VOG"/>
  <tag k="ref" v="5600"/>
  <tag k="route_master" v="bus"/>
  <tag k="type" v="route_master"/>
 </relation>
 <relation id="9234741" visible="true" version="1" changeset="66451260" timestamp="2019-01-19T11:42:08Z" user="hotteliene" uid="1913655">
  <member type="way" ref="102814863" role="from"/>
  <member type="way" ref="394138657" role="to"/>
  <member type="node" ref="1046267306" role="via"/>
  <tag k="restriction" v="only_straight_on"/>
  <tag k="type" v="restriction"/>
 </relation>
 <relation id="9635568" visible="true" version="449" changeset="182047256" timestamp="2026-04-30T19:14:50Z" user="KTim" uid="75623">
  <member type="way" ref="208518319" role=""/>
  <member type="way" ref="697329000" role=""/>
  <member type="way" ref="280323978" role=""/>
  <member type="way" ref="697545875" role=""/>
  <member type="way" ref="697546546" role=""/>
  <member type="way" ref="29084612" role=""/>
  <member type="way" ref="26824464" role=""/>
  <member type="way" ref="1025476443" role=""/>
  <member type="way" ref="29084627" role=""/>
  <member type="way" ref="697548384" role=""/>
  <member type="way" ref="1012551300" role=""/>
  <member type="way" ref="697552021" role=""/>
  <member type="way" ref="697553395" role=""/>
  <member type="way" ref="697555820" role=""/>
  <member type="way" ref="26823680" role=""/>
  <member type="way" ref="1348300944" role=""/>
  <member type="way" ref="26823681" role=""/>
  <member type="way" ref="1348300946" role=""/>
  <member type="way" ref="1348300945" role=""/>
  <member type="way" ref="304115014" role=""/>
  <member type="way" ref="26823682" role=""/>
  <member type="way" ref="697580958" role=""/>
  <member type="way" ref="1094638466" role=""/>
  <member type="way" ref="697581357" role=""/>
  <member type="way" ref="28279057" role=""/>
  <member type="way" ref="693285042" role=""/>
  <member type="way" ref="693286031" role=""/>
  <member type="way" ref="693287203" role=""/>
  <member type="way" ref="684157988" role=""/>
  <member type="way" ref="684157989" role=""/>
  <member type="way" ref="509937769" role=""/>
  <member type="way" ref="693294650" role=""/>
  <member type="way" ref="40429419" role=""/>
  <member type="way" ref="1180167829" role=""/>
  <member type="way" ref="693295888" role=""/>
  <member type="way" ref="693296338" role=""/>
  <member type="way" ref="693297390" role=""/>
  <member type="way" ref="1180163880" role=""/>
  <member type="way" ref="693326369" role=""/>
  <member type="way" ref="307074585" role=""/>
  <member type="way" ref="307074584" role=""/>
  <member type="way" ref="693328183" role=""/>
  <member type="way" ref="39340311" role=""/>
  <member type="way" ref="346387508" role=""/>
  <member type="way" ref="346387507" role=""/>
  <member type="way" ref="39340309" role=""/>
  <member type="way" ref="697551190" role=""/>
  <member type="way" ref="39340308" role=""/>
  <member type="way" ref="259757418" role=""/>
  <member type="way" ref="259757417" role=""/>
  <member type="way" ref="310224791" role=""/>
  <member type="way" ref="1488444425" role=""/>
  <member type="way" ref="1488444426" role=""/>
  <member type="way" ref="310224792" role=""/>
  <member type="way" ref="143839157" role=""/>
  <member type="way" ref="27821732" role=""/>
  <member type="way" ref="27821731" role=""/>
  <member type="way" ref="27821736" role=""/>
  <member type="way" ref="696949416" role=""/>
  <member type="way" ref="27769242" role=""/>
  <member type="way" ref="27807706" role=""/>
  <member type="way" ref="27807707" role=""/>
  <member type="way" ref="27807708" role=""/>
  <member type="way" ref="696950939" role=""/>
  <member type="way" ref="1348300943" role=""/>
  <member type="way" ref="697556788" role=""/>
  <member type="way" ref="574147596" role=""/>
  <member type="way" ref="697724632" role=""/>
  <member type="way" ref="26923135" role=""/>
  <member type="way" ref="26676258" role=""/>
  <member type="way" ref="697557865" role=""/>
  <member type="way" ref="26922803" role=""/>
  <member type="way" ref="316963720" role=""/>
  <member type="way" ref="363190438" role=""/>
  <member type="way" ref="27872661" role=""/>
  <member type="way" ref="18827526" role=""/>
  <member type="way" ref="18904237" role=""/>
  <member type="way" ref="375776516" role=""/>
  <member type="way" ref="41639745" role=""/>
  <member type="way" ref="27811881" role=""/>
  <member type="way" ref="27811880" role=""/>
  <member type="way" ref="27811879" role=""/>
  <member type="way" ref="35586826" role=""/>
  <member type="way" ref="102809775" role=""/>
  <member type="way" ref="102809769" role=""/>
  <member type="way" ref="102809776" role=""/>
  <member type="way" ref="102809770" role=""/>
  <member type="way" ref="549336711" role=""/>
  <member type="way" ref="499096106" role=""/>
  <member type="way" ref="1012132859" role=""/>
  <member type="way" ref="574147595" role=""/>
  <member type="way" ref="549336713" role=""/>
  <member type="way" ref="549336714" role=""/>
  <member type="way" ref="499096100" role=""/>
  <member type="way" ref="574147594" role=""/>
  <member type="way" ref="574147593" role=""/>
  <member type="way" ref="549336709" role=""/>
  <member type="way" ref="375776517" role=""/>
  <member type="way" ref="27807625" role=""/>
  <member type="way" ref="408281966" role=""/>
  <member type="way" ref="697563808" role=""/>
  <member type="way" ref="697564774" role=""/>
  <member type="way" ref="355409824" role=""/>
  <member type="way" ref="697565626" role=""/>
  <member type="way" ref="318209632" role=""/>
  <member type="way" ref="318209631" role=""/>
  <member type="way" ref="697567559" role=""/>
  <member type="way" ref="653868295" role="forward"/>
  <member type="way" ref="697567560" role=""/>
  <member type="way" ref="425412207" role=""/>
  <member type="way" ref="1488527589" role=""/>
  <member type="way" ref="697718035" role=""/>
  <member type="way" ref="103008229" role=""/>
  <member type="way" ref="103008257" role=""/>
  <member type="way" ref="28029283" role=""/>
  <member type="way" ref="103008240" role=""/>
  <member type="way" ref="425412203" role=""/>
  <member type="way" ref="697712484" role=""/>
  <member type="way" ref="28029282" role=""/>
  <member type="way" ref="103008198" role=""/>
  <member type="way" ref="697710241" role=""/>
  <member type="way" ref="1190566031" role=""/>
  <member type="way" ref="697636451" role=""/>
  <member type="way" ref="224723844" role=""/>
  <member type="way" ref="697635115" role=""/>
  <member type="way" ref="227318250" role=""/>
  <member type="way" ref="697710242" role=""/>
  <member type="way" ref="425412221" role=""/>
  <member type="way" ref="416524280" role=""/>
  <member type="way" ref="416524281" role=""/>
  <member type="way" ref="697569774" role=""/>
  <member type="way" ref="1013780364" role=""/>
  <member type="way" ref="491372105" role=""/>
  <member type="way" ref="1161181068" role=""/>
  <member type="way" ref="255244957" role=""/>
  <member type="way" ref="255244952" role=""/>
  <member type="way" ref="1070687965" role=""/>
  <member type="way" ref="255244953" role=""/>
  <member type="way" ref="255244955" role=""/>
  <member type="way" ref="425412216" role=""/>
  <member type="way" ref="697574936" role=""/>
  <member type="way" ref="915457925" role=""/>
  <member type="way" ref="1076319549" role=""/>
  <member type="way" ref="297225622" role=""/>
  <member type="way" ref="26945309" role=""/>
  <member type="way" ref="317130966" role=""/>
  <member type="way" ref="425926851" role=""/>
  <member type="way" ref="697549607" role=""/>
  <member type="way" ref="100007986" role=""/>
  <member type="way" ref="45017143" role=""/>
  <member type="way" ref="697550588" role=""/>
  <member type="way" ref="697551189" role=""/>
  <member type="way" ref="770677237" role=""/>
  <member type="way" ref="379076121" role=""/>
  <member type="way" ref="1374049272" role=""/>
  <member type="way" ref="770677242" role=""/>
  <member type="way" ref="24727587" role=""/>
  <member type="way" ref="15021006" role=""/>
  <member type="way" ref="328178779" role=""/>
  <member type="way" ref="15021023" role=""/>
  <member type="way" ref="173922269" role=""/>
  <member type="way" ref="123546523" role=""/>
  <member type="way" ref="96306828" role=""/>
  <member type="way" ref="96306849" role=""/>
  <member type="way" ref="96306855" role=""/>
  <member type="way" ref="36335706" role=""/>
  <member type="way" ref="96294225" role=""/>
  <member type="way" ref="36335707" role=""/>
  <member type="way" ref="49135312" role=""/>
  <member type="way" ref="26831815" role=""/>
  <member type="way" ref="1109984082" role=""/>
  <member type="way" ref="17457033" role=""/>
  <member type="way" ref="16893609" role=""/>
  <member type="way" ref="155364235" role=""/>
  <member type="way" ref="29408064" role=""/>
  <member type="way" ref="28218972" role=""/>
  <member type="way" ref="30249754" role=""/>
  <member type="way" ref="788956679" role=""/>
  <member type="way" ref="702153087" role=""/>
  <member type="way" ref="744149764" role=""/>
  <member type="way" ref="38851176" role=""/>
  <member type="way" ref="38851001" role=""/>
  <member type="way" ref="27584130" role=""/>
  <member type="way" ref="727985473" role=""/>
  <member type="way" ref="27603851" role=""/>
  <member type="way" ref="402367731" role=""/>
  <member type="way" ref="834732649" role=""/>
  <member type="way" ref="402367744" role=""/>
  <member type="way" ref="307075150" role=""/>
  <member type="way" ref="310224790" role=""/>
  <member type="way" ref="37856522" role=""/>
  <member type="way" ref="346383007" role=""/>
  <member type="way" ref="346383008" role=""/>
  <member type="way" ref="630988965" role=""/>
  <member type="way" ref="37856523" role=""/>
  <member type="way" ref="37856524" role=""/>
  <member type="way" ref="259757110" role=""/>
  <member type="way" ref="1289703373" role=""/>
  <member type="way" ref="1289703374" role=""/>
  <member type="way" ref="1058162283" role=""/>
  <member type="way" ref="697089135" role=""/>
  <member type="way" ref="697089136" role=""/>
  <member type="way" ref="1058162282" role=""/>
  <member type="way" ref="697089137" role=""/>
  <member type="way" ref="69584550" role=""/>
  <member type="way" ref="34301958" role=""/>
  <member type="way" ref="34301959" role=""/>
  <member type="way" ref="697124247" role=""/>
  <member type="way" ref="34313841" role=""/>
  <member type="way" ref="34313855" role=""/>
  <member type="way" ref="34313854" role=""/>
  <member type="way" ref="1487362970" role=""/>
  <member type="way" ref="34313856" role=""/>
  <member type="way" ref="34353810" role=""/>
  <member type="way" ref="34353811" role=""/>
  <member type="way" ref="34313858" role=""/>
  <member type="way" ref="1342647118" role=""/>
  <member type="way" ref="34313857" role=""/>
  <member type="way" ref="697087201" role=""/>
  <member type="way" ref="27108155" role=""/>
  <member type="way" ref="1102856033" role=""/>
  <member type="way" ref="697084786" role=""/>
  <member type="way" ref="26824460" role=""/>
  <member type="way" ref="26824462" role=""/>
  <member type="way" ref="26824459" role=""/>
  <member type="way" ref="28147812" role=""/>
  <member type="way" ref="697584988" role=""/>
  <member type="way" ref="45017146" role=""/>
  <member type="way" ref="28148115" role=""/>
  <member type="way" ref="28148114" role=""/>
  <member type="way" ref="28148117" role=""/>
  <member type="way" ref="697583463" role=""/>
  <member type="way" ref="45017145" role=""/>
  <member type="way" ref="45064146" role=""/>
  <member type="way" ref="25749827" role=""/>
  <member type="way" ref="272529205" role=""/>
  <member type="way" ref="1466289728" role=""/>
  <member type="way" ref="25749939" role=""/>
  <member type="way" ref="1466289729" role=""/>
  <member type="way" ref="25749935" role=""/>
  <member type="way" ref="697622359" role=""/>
  <member type="way" ref="697622906" role=""/>
  <member type="way" ref="697623185" role=""/>
  <member type="way" ref="697623622" role=""/>
  <member type="way" ref="291124581" role=""/>
  <member type="way" ref="1348300947" role=""/>
  <member type="way" ref="45064149" role=""/>
  <member type="way" ref="560727768" role=""/>
  <member type="way" ref="697629721" role=""/>
  <member type="way" ref="697630106" role=""/>
  <member type="way" ref="24720572" role=""/>
  <member type="way" ref="24719145" role=""/>
  <member type="way" ref="697631591" role=""/>
  <member type="way" ref="31258313" role=""/>
  <member type="way" ref="31259022" role=""/>
  <member type="way" ref="391935745" role=""/>
  <member type="way" ref="103008203" role=""/>
  <member type="way" ref="28150178" role=""/>
  <member type="way" ref="697588580" role=""/>
  <member type="way" ref="697589231" role=""/>
  <member type="way" ref="697589419" role=""/>
  <member type="way" ref="697592670" role=""/>
  <member type="way" ref="28150180" role=""/>
  <member type="way" ref="697593074" role=""/>
  <member type="way" ref="28150177" role=""/>
  <member type="way" ref="697594369" role=""/>
  <member type="way" ref="697594508" role=""/>
  <member type="way" ref="961864247" role=""/>
  <member type="way" ref="697594509" role=""/>
  <member type="way" ref="697596581" role=""/>
  <member type="way" ref="199050161" role=""/>
  <member type="way" ref="199050167" role=""/>
  <member type="way" ref="697597829" role=""/>
  <member type="way" ref="697597830" role=""/>
  <member type="way" ref="56066571" role=""/>
  <member type="way" ref="697597928" role=""/>
  <member type="way" ref="41528466" role=""/>
  <member type="way" ref="697598043" role=""/>
  <member type="way" ref="27841176" role=""/>
  <member type="way" ref="27841173" role=""/>
  <member type="way" ref="519436361" role=""/>
  <member type="way" ref="270555977" role=""/>
  <member type="way" ref="814970187" role=""/>
  <member type="way" ref="229282630" role=""/>
  <member type="way" ref="814970190" role=""/>
  <member type="way" ref="280838197" role=""/>
  <member type="way" ref="424942947" role=""/>
  <member type="way" ref="61013709" role=""/>
  <member type="way" ref="261776530" role=""/>
  <member type="way" ref="261776532" role=""/>
  <member type="way" ref="252686670" role=""/>
  <member type="way" ref="252686667" role=""/>
  <member type="way" ref="252686669" role=""/>
  <member type="way" ref="252686668" role=""/>
  <member type="way" ref="280838195" role=""/>
  <member type="way" ref="815009530" role=""/>
  <member type="way" ref="315949395" role=""/>
  <member type="way" ref="696746545" role=""/>
  <member type="way" ref="67995951" role=""/>
  <member type="way" ref="696750642" role=""/>
  <member type="way" ref="74480800" role=""/>
  <member type="way" ref="364192015" role=""/>
  <member type="way" ref="702694106" role=""/>
  <member type="way" ref="27801730" role=""/>
  <member type="way" ref="27801728" role=""/>
  <member type="way" ref="702694107" role=""/>
  <member type="way" ref="702694108" role=""/>
  <member type="way" ref="702694109" role=""/>
  <member type="way" ref="702694110" role=""/>
  <member type="way" ref="26066354" role=""/>
  <member type="way" ref="696754097" role=""/>
  <member type="way" ref="27801734" role=""/>
  <member type="way" ref="26748030" role=""/>
  <member type="way" ref="26748029" role=""/>
  <member type="way" ref="145399650" role=""/>
  <member type="way" ref="724219059" role=""/>
  <member type="way" ref="698118124" role=""/>
  <member type="way" ref="313231306" role=""/>
  <member type="way" ref="427240712" role=""/>
  <member type="way" ref="309624491" role=""/>
  <member type="way" ref="27206444" role=""/>
  <member type="way" ref="699035714" role=""/>
  <member type="way" ref="25652291" role=""/>
  <member type="way" ref="28210544" role=""/>
  <member type="way" ref="697292533" role=""/>
  <member type="way" ref="118607903" role=""/>
  <member type="way" ref="156496649" role=""/>
  <member type="way" ref="27821917" role=""/>
  <member type="way" ref="145399650" role=""/>
  <member type="way" ref="214685570" role=""/>
  <member type="way" ref="24720208" role=""/>
  <member type="way" ref="270555966" role=""/>
  <member type="way" ref="24720209" role=""/>
  <member type="way" ref="788632380" role=""/>
  <member type="way" ref="788632381" role=""/>
  <member type="way" ref="788632385" role=""/>
  <member type="way" ref="788632386" role=""/>
  <member type="way" ref="26815111" role=""/>
  <member type="way" ref="26823683" role=""/>
  <member type="way" ref="608624507" role=""/>
  <member type="way" ref="697723596" role=""/>
  <member type="way" ref="25930268" role=""/>
  <member type="way" ref="25930267" role=""/>
  <member type="way" ref="825048203" role=""/>
  <member type="way" ref="697724633" role=""/>
  <member type="way" ref="27683343" role=""/>
  <member type="way" ref="696754096" role=""/>
  <member type="way" ref="425412211" role=""/>
  <member type="way" ref="425412214" role=""/>
  <member type="way" ref="1488527588" role="forward"/>
  <member type="way" ref="425412225" role="forward"/>
  <member type="way" ref="697572673" role="forward"/>
  <member type="way" ref="1343415879" role=""/>
  <member type="way" ref="1343415878" role=""/>
  <member type="way" ref="698115939" role=""/>
  <member type="way" ref="214685569" role=""/>
  <member type="way" ref="27120570" role=""/>
  <member type="way" ref="75663492" role=""/>
  <member type="way" ref="28097678" role=""/>
  <member type="way" ref="26049863" role=""/>
  <member type="way" ref="25164586" role=""/>
  <member type="way" ref="497404144" role=""/>
  <member type="way" ref="698040541" role=""/>
  <member type="way" ref="88440363" role=""/>
  <member type="way" ref="64595865" role=""/>
  <member type="way" ref="419838170" role=""/>
  <member type="way" ref="390853291" role=""/>
  <member type="way" ref="490633864" role=""/>
  <member type="way" ref="1087235923" role=""/>
  <member type="way" ref="1087235922" role=""/>
  <member type="way" ref="490633865" role=""/>
  <member type="way" ref="297223681" role=""/>
  <member type="way" ref="186522907" role=""/>
  <member type="way" ref="490633860" role=""/>
  <member type="way" ref="411014870" role=""/>
  <member type="way" ref="490633861" role=""/>
  <member type="way" ref="411014869" role=""/>
  <member type="way" ref="419838177" role=""/>
  <member type="way" ref="1018840107" role=""/>
  <member type="way" ref="411014868" role=""/>
  <member type="way" ref="419838163" role=""/>
  <member type="way" ref="1381349338" role=""/>
  <member type="way" ref="369711989" role=""/>
  <member type="way" ref="369711988" role=""/>
  <member type="way" ref="19356463" role=""/>
  <member type="way" ref="28218744" role=""/>
  <member type="way" ref="701533339" role=""/>
  <member type="way" ref="701533341" role=""/>
  <member type="way" ref="459199741" role=""/>
  <member type="way" ref="456173181" role=""/>
  <member type="way" ref="83706399" role=""/>
  <member type="way" ref="83706406" role=""/>
  <member type="way" ref="147432061" role=""/>
  <member type="way" ref="318431386" role=""/>
  <member type="way" ref="309327132" role=""/>
  <member type="way" ref="25188598" role=""/>
  <member type="way" ref="194340038" role=""/>
  <member type="way" ref="194340037" role=""/>
  <member type="way" ref="26476833" role=""/>
  <member type="way" ref="218258418" role=""/>
  <member type="way" ref="218258419" role=""/>
  <member type="way" ref="314492923" role=""/>
  <member type="way" ref="1017177036" role=""/>
  <member type="way" ref="33714690" role=""/>
  <member type="way" ref="321281127" role=""/>
  <member type="way" ref="1017178698" role=""/>
  <member type="way" ref="124059006" role=""/>
  <member type="way" ref="1020042700" role=""/>
  <member type="way" ref="696947426" role=""/>
  <member type="way" ref="696947427" role=""/>
  <member type="way" ref="34878543" role=""/>
  <member type="way" ref="83700858" role=""/>
  <member type="way" ref="83700871" role=""/>
  <member type="way" ref="696949300" role=""/>
  <member type="way" ref="34715940" role=""/>
  <member type="way" ref="27930229" role=""/>
  <member type="way" ref="124065084" role=""/>
  <member type="way" ref="34623701" role=""/>
  <member type="way" ref="1363671157" role=""/>
  <member type="way" ref="34878539" role=""/>
  <member type="way" ref="34878538" role=""/>
  <member type="way" ref="1286263225" role=""/>
  <member type="way" ref="318420940" role=""/>
  <member type="way" ref="34171354" role=""/>
  <member type="way" ref="27464665" role=""/>
  <member type="way" ref="318420937" role=""/>
  <member type="way" ref="147432062" role=""/>
  <member type="way" ref="17252415" role=""/>
  <member type="way" ref="1204166856" role=""/>
  <member type="way" ref="147432070" role=""/>
  <member type="way" ref="326892881" role=""/>
  <member type="way" ref="30448070" role=""/>
  <member type="way" ref="318420939" role=""/>
  <member type="way" ref="1256163207" role=""/>
  <member type="way" ref="1256163208" role=""/>
  <member type="way" ref="147432064" role=""/>
  <member type="way" ref="1204166858" role=""/>
  <member type="way" ref="53803697" role=""/>
  <member type="way" ref="53803699" role=""/>
  <member type="way" ref="696958243" role=""/>
  <member type="way" ref="318420938" role=""/>
  <member type="way" ref="812608473" role=""/>
  <member type="way" ref="696956851" role=""/>
  <member type="way" ref="696956852" role=""/>
  <member type="way" ref="1020044434" role=""/>
  <member type="way" ref="1363671159" role=""/>
  <member type="way" ref="1363671158" role=""/>
  <member type="way" ref="34878540" role=""/>
  <member type="way" ref="1030949456" role=""/>
  <member type="way" ref="696971594" role=""/>
  <member type="way" ref="34143610" role=""/>
  <member type="way" ref="270551700" role=""/>
  <member type="way" ref="27464595" role=""/>
  <member type="way" ref="270551711" role=""/>
  <member type="way" ref="27742846" role=""/>
  <member type="way" ref="1020044433" role=""/>
  <member type="way" ref="24933577" role=""/>
  <member type="way" ref="146991050" role=""/>
  <member type="way" ref="34878545" role=""/>
  <member type="way" ref="30349980" role=""/>
  <member type="way" ref="1306162084" role=""/>
  <member type="way" ref="893784430" role=""/>
  <member type="way" ref="908915763" role=""/>
  <member type="way" ref="34581150" role=""/>
  <member type="way" ref="1076123097" role=""/>
  <member type="way" ref="35049617" role=""/>
  <member type="way" ref="103008205" role=""/>
  <member type="way" ref="701271953" role=""/>
  <member type="way" ref="34645754" role=""/>
  <member type="way" ref="34643038" role=""/>
  <member type="way" ref="698073248" role=""/>
  <member type="way" ref="762491632" role=""/>
  <member type="way" ref="34643033" role=""/>
  <member type="way" ref="34643035" role=""/>
  <member type="way" ref="382238727" role=""/>
  <member type="way" ref="698061211" role=""/>
  <member type="way" ref="698060862" role=""/>
  <member type="way" ref="34643036" role=""/>
  <member type="way" ref="698060863" role=""/>
  <member type="way" ref="78490694" role=""/>
  <member type="way" ref="835572822" role=""/>
  <member type="way" ref="835572821" role=""/>
  <member type="way" ref="835572824" role=""/>
  <member type="way" ref="894300775" role=""/>
  <member type="way" ref="892361431" role=""/>
  <member type="way" ref="713440152" role=""/>
  <member type="way" ref="800581485" role=""/>
  <member type="way" ref="800581484" role=""/>
  <member type="way" ref="34632957" role=""/>
  <member type="way" ref="745229164" role=""/>
  <member type="way" ref="33883454" role=""/>
  <member type="way" ref="727978660" role=""/>
  <member type="way" ref="727978662" role=""/>
  <member type="way" ref="839658013" role=""/>
  <member type="way" ref="360986195" role=""/>
  <member type="way" ref="839658685" role=""/>
  <member type="way" ref="214298235" role=""/>
  <member type="way" ref="34639243" role=""/>
  <member type="way" ref="891241789" role=""/>
  <member type="way" ref="78490693" role=""/>
  <member type="way" ref="32871402" role=""/>
  <member type="way" ref="745246753" role=""/>
  <member type="way" ref="34639231" role=""/>
  <member type="way" ref="1013320839" role=""/>
  <member type="way" ref="27495778" role=""/>
  <member type="way" ref="696628911" role=""/>
  <member type="way" ref="696628912" role=""/>
  <member type="way" ref="558583041" role=""/>
  <member type="way" ref="696628915" role=""/>
  <member type="way" ref="26203066" role=""/>
  <member type="way" ref="560727772" role=""/>
  <member type="way" ref="214300648" role=""/>
  <member type="way" ref="1150271488" role=""/>
  <member type="way" ref="1150271489" role=""/>
  <member type="way" ref="698115937" role=""/>
  <member type="way" ref="698113367" role=""/>
  <member type="way" ref="698113366" role=""/>
  <member type="way" ref="296937882" role=""/>
  <member type="way" ref="26919042" role=""/>
  <member type="way" ref="698111727" role=""/>
  <member type="way" ref="698111726" role=""/>
  <member type="way" ref="26919040" role=""/>
  <member type="way" ref="313231308" role=""/>
  <member type="way" ref="26655499" role=""/>
  <member type="way" ref="684902796" role=""/>
  <member type="way" ref="698042840" role=""/>
  <member type="way" ref="1358717808" role=""/>
  <member type="way" ref="26655498" role=""/>
  <member type="way" ref="427240711" role=""/>
  <member type="way" ref="698119024" role=""/>
  <member type="way" ref="698119025" role=""/>
  <member type="way" ref="698118125" role=""/>
  <member type="way" ref="872318872" role=""/>
  <member type="way" ref="484997865" role=""/>
  <member type="way" ref="35367847" role=""/>
  <member type="way" ref="872343852" role=""/>
  <member type="way" ref="727678973" role=""/>
  <member type="way" ref="27496488" role=""/>
  <member type="way" ref="27496364" role=""/>
  <member type="way" ref="293561742" role=""/>
  <member type="way" ref="787899008" role=""/>
  <member type="way" ref="12535631" role=""/>
  <member type="way" ref="343732650" role=""/>
  <member type="way" ref="343732648" role=""/>
  <member type="way" ref="1317577513" role=""/>
  <member type="way" ref="27496081" role=""/>
  <member type="way" ref="102809786" role=""/>
  <member type="way" ref="102809766" role=""/>
  <member type="way" ref="102809781" role=""/>
  <member type="way" ref="25304991" role=""/>
  <member type="way" ref="12535650" role=""/>
  <member type="way" ref="699858521" role=""/>
  <member type="way" ref="27497238" role=""/>
  <member type="way" ref="27497239" role=""/>
  <member type="way" ref="699858515" role=""/>
  <member type="way" ref="699858517" role=""/>
  <member type="way" ref="289285513" role=""/>
  <member type="way" ref="327732617" role=""/>
  <member type="way" ref="327732616" role=""/>
  <member type="way" ref="327732614" role=""/>
  <member type="way" ref="194071399" role=""/>
  <member type="way" ref="194071400" role=""/>
  <member type="way" ref="12147725" role=""/>
  <member type="way" ref="12147727" role=""/>
  <member type="way" ref="316573690" role=""/>
  <member type="way" ref="316573688" role=""/>
  <member type="way" ref="24702503" role=""/>
  <member type="way" ref="316573689" role=""/>
  <member type="way" ref="316573691" role=""/>
  <member type="way" ref="316573695" role=""/>
  <member type="way" ref="316573692" role=""/>
  <member type="way" ref="316573687" role=""/>
  <member type="way" ref="316573694" role=""/>
  <member type="way" ref="316573693" role=""/>
  <member type="way" ref="28311917" role=""/>
  <member type="way" ref="316573664" role=""/>
  <member type="way" ref="332689063" role=""/>
  <member type="way" ref="399092239" role=""/>
  <member type="way" ref="328227084" role=""/>
  <member type="way" ref="273227724" role=""/>
  <member type="way" ref="316962384" role=""/>
  <member type="way" ref="316573665" role=""/>
  <member type="way" ref="316573662" role=""/>
  <member type="way" ref="258273589" role=""/>
  <member type="way" ref="304258178" role=""/>
  <member type="way" ref="699858522" role=""/>
  <member type="way" ref="304253125" role=""/>
  <member type="way" ref="291584130" role=""/>
  <member type="way" ref="304258179" role=""/>
  <member type="way" ref="258273585" role=""/>
  <member type="way" ref="701084449" role=""/>
  <member type="way" ref="34313831" role=""/>
  <member type="way" ref="34313849" role="forward"/>
  <member type="way" ref="891314204" role="forward"/>
  <member type="way" ref="707250087" role=""/>
  <member type="way" ref="28583638" role=""/>
  <member type="way" ref="294365687" role=""/>
  <member type="way" ref="23855607" role=""/>
  <member type="way" ref="700401332" role=""/>
  <member type="way" ref="28590986" role=""/>
  <member type="way" ref="163786339" role=""/>
  <member type="way" ref="28590987" role=""/>
  <member type="way" ref="163786338" role=""/>
  <member type="way" ref="163786341" role=""/>
  <member type="way" ref="103079203" role=""/>
  <member type="way" ref="707246914" role=""/>
  <member type="way" ref="27305729" role=""/>
  <member type="way" ref="1484018858" role=""/>
  <member type="way" ref="700399410" role=""/>
  <member type="way" ref="699858270" role=""/>
  <member type="way" ref="392559003" role=""/>
  <member type="way" ref="392559002" role=""/>
  <member type="way" ref="83705029" role=""/>
  <member type="way" ref="724108866" role=""/>
  <member type="way" ref="724108865" role=""/>
  <member type="way" ref="724108862" role=""/>
  <member type="way" ref="490131139" role=""/>
  <member type="way" ref="320527550" role=""/>
  <member type="way" ref="724108860" role=""/>
  <member type="way" ref="724108861" role=""/>
  <member type="way" ref="424956392" role=""/>
  <member type="way" ref="24715927" role=""/>
  <member type="way" ref="327165182" role=""/>
  <member type="way" ref="317091674" role=""/>
  <member type="way" ref="89692985" role=""/>
  <member type="way" ref="24715928" role=""/>
  <member type="way" ref="24727345" role=""/>
  <member type="way" ref="194518251" role=""/>
  <member type="way" ref="1061537902" role=""/>
  <member type="way" ref="724108859" role=""/>
  <member type="way" ref="24727344" role=""/>
  <member type="way" ref="724108858" role=""/>
  <member type="way" ref="23900813" role=""/>
  <member type="way" ref="83687789" role=""/>
  <member type="way" ref="23900484" role=""/>
  <member type="way" ref="696991477" role=""/>
  <member type="way" ref="699857727" role=""/>
  <member type="way" ref="1347555039" role=""/>
  <member type="way" ref="427788190" role=""/>
  <member type="way" ref="45847675" role=""/>
  <member type="way" ref="511127429" role=""/>
  <member type="way" ref="45847676" role=""/>
  <member type="way" ref="83687787" role=""/>
  <member type="way" ref="293880298" role=""/>
  <member type="way" ref="293880304" role=""/>
  <member type="way" ref="28978328" role=""/>
  <member type="way" ref="83686939" role=""/>
  <member type="way" ref="502127631" role=""/>
  <member type="way" ref="511127432" role=""/>
  <member type="way" ref="502127630" role=""/>
  <member type="way" ref="156458130" role=""/>
  <member type="way" ref="696632785" role=""/>
  <member type="way" ref="83686794" role=""/>
  <member type="way" ref="696632784" role=""/>
  <member type="way" ref="1441948146" role=""/>
  <member type="way" ref="1441948149" role=""/>
  <member type="way" ref="28577890" role=""/>
  <member type="way" ref="1441948144" role=""/>
  <member type="way" ref="696632783" role=""/>
  <member type="way" ref="696632782" role=""/>
  <member type="way" ref="696632781" role=""/>
  <member type="way" ref="1012804749" role=""/>
  <member type="way" ref="88217887" role=""/>
  <member type="way" ref="83687779" role=""/>
  <member type="way" ref="205330455" role=""/>
  <member type="way" ref="696632788" role=""/>
  <member type="way" ref="355241474" role=""/>
  <member type="way" ref="698204676" role=""/>
  <member type="way" ref="698204677" role=""/>
  <member type="way" ref="698204678" role=""/>
  <member type="way" ref="698204679" role=""/>
  <member type="way" ref="698204680" role=""/>
  <member type="way" ref="83686808" role=""/>
  <member type="way" ref="698204681" role=""/>
  <member type="way" ref="696632780" role=""/>
  <member type="way" ref="43920408" role=""/>
  <member type="way" ref="698204682" role=""/>
  <member type="way" ref="698204683" role=""/>
  <member type="way" ref="698204684" role=""/>
  <member type="way" ref="43920406" role=""/>
  <member type="way" ref="696626777" role=""/>
  <member type="way" ref="229314156" role=""/>
  <member type="way" ref="724108868" role=""/>
  <member type="way" ref="724108867" role=""/>
  <member type="way" ref="38850994" role=""/>
  <member type="way" ref="33910551" role=""/>
  <member type="way" ref="724108871" role=""/>
  <member type="way" ref="724108872" role=""/>
  <member type="way" ref="724108873" role=""/>
  <member type="way" ref="38454713" role=""/>
  <member type="way" ref="33910549" role=""/>
  <member type="way" ref="724108875" role=""/>
  <member type="way" ref="163786342" role=""/>
  <member type="way" ref="163786340" role=""/>
  <member type="way" ref="96294224" role=""/>
  <member type="way" ref="28444912" role=""/>
  <member type="way" ref="28444914" role=""/>
  <member type="way" ref="304640663" role=""/>
  <member type="way" ref="691251597" role=""/>
  <member type="way" ref="304640664" role=""/>
  <member type="way" ref="717768601" role=""/>
  <member type="way" ref="316647921" role=""/>
  <member type="way" ref="28445635" role=""/>
  <member type="way" ref="167195028" role=""/>
  <member type="way" ref="28590983" role=""/>
  <member type="way" ref="294365691" role=""/>
  <member type="way" ref="727826446" role=""/>
  <member type="way" ref="97758329" role=""/>
  <member type="way" ref="727828119" role=""/>
  <member type="way" ref="57013757" role=""/>
  <member type="way" ref="57013759" role=""/>
  <member type="way" ref="820248178" role=""/>
  <member type="way" ref="45265208" role=""/>
  <member type="way" ref="26176474" role=""/>
  <member type="way" ref="23856532" role=""/>
  <member type="way" ref="820248175" role=""/>
  <member type="way" ref="820248177" role=""/>
  <member type="way" ref="101050004" role=""/>
  <member type="way" ref="820248174" role=""/>
  <member type="way" ref="820248172" role=""/>
  <member type="way" ref="820248171" role=""/>
  <member type="way" ref="820248170" role=""/>
  <member type="way" ref="120277355" role=""/>
  <member type="way" ref="820172622" role=""/>
  <member type="way" ref="23389711" role=""/>
  <member type="way" ref="841668973" role=""/>
  <member type="way" ref="35429758" role=""/>
  <member type="way" ref="35429760" role=""/>
  <member type="way" ref="820172621" role=""/>
  <member type="way" ref="820172620" role=""/>
  <member type="way" ref="757363230" role=""/>
  <member type="way" ref="820172619" role=""/>
  <member type="way" ref="820172618" role=""/>
  <member type="way" ref="757363229" role=""/>
  <member type="way" ref="820172617" role=""/>
  <member type="way" ref="23389709" role=""/>
  <member type="way" ref="707255102" role=""/>
  <member type="way" ref="23389707" role=""/>
  <member type="way" ref="31451720" role=""/>
  <member type="way" ref="707255100" role=""/>
  <member type="way" ref="707255098" role=""/>
  <member type="way" ref="707364181" role=""/>
  <member type="way" ref="977520213" role=""/>
  <member type="way" ref="979798172" role=""/>
  <member type="way" ref="135003098" role=""/>
  <member type="way" ref="35084623" role=""/>
  <member type="way" ref="511208369" role=""/>
  <member type="way" ref="977520211" role=""/>
  <member type="way" ref="1300025166" role=""/>
  <member type="way" ref="707364180" role=""/>
  <member type="way" ref="502321212" role=""/>
  <member type="way" ref="26793050" role=""/>
  <member type="way" ref="36269671" role=""/>
  <member type="way" ref="24220660" role=""/>
  <member type="way" ref="251757404" role=""/>
  <member type="way" ref="402367718" role=""/>
  <member type="way" ref="402367732" role=""/>
  <member type="way" ref="402367711" role=""/>
  <member type="way" ref="96294222" role=""/>
  <member type="way" ref="303800632" role=""/>
  <member type="way" ref="303800320" role=""/>
  <member type="way" ref="303800726" role=""/>
  <member type="way" ref="24219367" role=""/>
  <member type="way" ref="718192516" role=""/>
  <member type="way" ref="506188409" role=""/>
  <member type="way" ref="118607901" role=""/>
  <member type="way" ref="38851175" role=""/>
  <member type="way" ref="24219312" role=""/>
  <member type="way" ref="24219313" role=""/>
  <member type="way" ref="30185071" role=""/>
  <member type="way" ref="72147000" role=""/>
  <member type="way" ref="888881326" role=""/>
  <member type="way" ref="25966655" role=""/>
  <member type="way" ref="511208366" role=""/>
  <member type="way" ref="23389554" role=""/>
  <member type="way" ref="227656118" role=""/>
  <member type="way" ref="976277555" role=""/>
  <member type="way" ref="34013149" role=""/>
  <member type="way" ref="1441948154" role=""/>
  <member type="way" ref="1435918480" role=""/>
  <member type="way" ref="372413727" role=""/>
  <member type="way" ref="1199528395" role=""/>
  <member type="way" ref="372413726" role=""/>
  <member type="way" ref="1200816446" role=""/>
  <member type="way" ref="1436500002" role=""/>
  <member type="way" ref="302562774" role=""/>
  <member type="way" ref="372481929" role=""/>
  <member type="way" ref="813856196" role=""/>
  <member type="way" ref="34296198" role=""/>
  <member type="way" ref="83714499" role=""/>
  <member type="way" ref="231508336" role=""/>
  <member type="way" ref="1442614551" role=""/>
  <member type="way" ref="1288045129" role=""/>
  <member type="way" ref="98356315" role=""/>
  <member type="way" ref="1290917643" role=""/>
  <member type="way" ref="98356292" role=""/>
  <member type="way" ref="1361982204" role=""/>
  <member type="way" ref="98356323" role=""/>
  <member type="way" ref="1290917642" role=""/>
  <member type="way" ref="28933171" role=""/>
  <member type="way" ref="98356313" role=""/>
  <member type="way" ref="98356334" role=""/>
  <member type="way" ref="31905243" role=""/>
  <member type="way" ref="29022197" role=""/>
  <member type="way" ref="812915991" role=""/>
  <member type="way" ref="1430640427" role=""/>
  <member type="way" ref="812915987" role=""/>
  <member type="way" ref="1240465976" role=""/>
  <member type="way" ref="180723011" role=""/>
  <member type="way" ref="812915989" role=""/>
  <member type="way" ref="812915990" role=""/>
  <member type="way" ref="1378104681" role=""/>
  <member type="way" ref="22376711" role=""/>
  <member type="way" ref="860655504" role=""/>
  <member type="way" ref="31872826" role=""/>
  <member type="way" ref="859713356" role=""/>
  <member type="way" ref="1199402442" role=""/>
  <member type="way" ref="32140089" role=""/>
  <member type="way" ref="703814615" role=""/>
  <member type="way" ref="25805405" role=""/>
  <member type="way" ref="859611236" role=""/>
  <member type="way" ref="859611235" role=""/>
  <member type="way" ref="1191769652" role=""/>
  <member type="way" ref="1191773866" role=""/>
  <member type="way" ref="1191773867" role=""/>
  <member type="way" ref="35582266" role=""/>
  <member type="way" ref="24455813" role=""/>
  <member type="way" ref="1191564408" role=""/>
  <member type="way" ref="1191564407" role=""/>
  <member type="way" ref="24549034" role=""/>
  <member type="way" ref="574147588" role=""/>
  <member type="way" ref="227879556" role=""/>
  <member type="way" ref="395587985" role=""/>
  <member type="way" ref="33136751" role=""/>
  <member type="way" ref="83715303" role=""/>
  <member type="way" ref="813856194" role=""/>
  <member type="way" ref="813856193" role=""/>
  <member type="way" ref="27027902" role=""/>
  <member type="way" ref="45074850" role=""/>
  <member type="way" ref="80605353" role=""/>
  <member type="way" ref="859666088" role=""/>
  <member type="way" ref="45030272" role=""/>
  <member type="way" ref="859666086" role=""/>
  <member type="way" ref="216649872" role=""/>
  <member type="way" ref="33771381" role=""/>
  <member type="way" ref="859651261" role=""/>
  <member type="way" ref="859651260" role=""/>
  <member type="way" ref="222497692" role=""/>
  <member type="way" ref="1428332223" role=""/>
  <member type="way" ref="83686826" role=""/>
  <member type="way" ref="1428332214" role=""/>
  <member type="way" ref="47373495" role=""/>
  <member type="way" ref="47373494" role=""/>
  <member type="way" ref="313604559" role=""/>
  <member type="way" ref="813856195" role=""/>
  <member type="way" ref="83686838" role=""/>
  <member type="way" ref="155513172" role=""/>
  <member type="way" ref="27353910" role=""/>
  <member type="way" ref="859611234" role=""/>
  <member type="way" ref="1417735702" role=""/>
  <member type="way" ref="1193141564" role=""/>
  <member type="way" ref="859611232" role=""/>
  <member type="way" ref="703814616" role=""/>
  <member type="way" ref="144785201" role=""/>
  <member type="way" ref="31248717" role=""/>
  <member type="way" ref="130005030" role=""/>
  <member type="way" ref="859723197" role=""/>
  <member type="way" ref="859723196" role=""/>
  <member type="way" ref="148250800" role=""/>
  <member type="way" ref="74021666" role=""/>
  <member type="way" ref="718174272" role=""/>
  <member type="way" ref="718174273" role=""/>
  <member type="way" ref="718174270" role=""/>
  <member type="way" ref="718174269" role=""/>
  <member type="way" ref="591649143" role=""/>
  <member type="way" ref="1012129003" role=""/>
  <member type="way" ref="718099394" role=""/>
  <member type="way" ref="46171710" role=""/>
  <member type="way" ref="717929720" role=""/>
  <member type="way" ref="46158597" role=""/>
  <member type="way" ref="29282657" role=""/>
  <member type="way" ref="46171708" role=""/>
  <member type="way" ref="27654051" role=""/>
  <member type="way" ref="717929717" role=""/>
  <member type="way" ref="717929715" role=""/>
  <member type="way" ref="717929718" role=""/>
  <member type="way" ref="717929714" role=""/>
  <member type="way" ref="717929713" role=""/>
  <member type="way" ref="29377628" role=""/>
  <member type="way" ref="1314367950" role=""/>
  <member type="way" ref="717929710" role=""/>
  <member type="way" ref="1314367944" role=""/>
  <member type="way" ref="1314367945" role=""/>
  <member type="way" ref="717929712" role=""/>
  <member type="way" ref="717929711" role=""/>
  <member type="way" ref="717929709" role=""/>
  <member type="way" ref="717929707" role=""/>
  <member type="way" ref="717929708" role=""/>
  <member type="way" ref="717929705" role=""/>
  <member type="way" ref="717929704" role=""/>
  <member type="way" ref="717929700" role=""/>
  <member type="way" ref="717929701" role=""/>
  <member type="way" ref="717929696" role=""/>
  <member type="way" ref="717269294" role=""/>
  <member type="way" ref="24738149" role=""/>
  <member type="way" ref="717269293" role=""/>
  <member type="way" ref="718099391" role=""/>
  <member type="way" ref="718099390" role=""/>
  <member type="way" ref="718192518" role=""/>
  <member type="way" ref="717269291" role=""/>
  <member type="way" ref="717269289" role=""/>
  <member type="way" ref="717269288" role=""/>
  <member type="way" ref="717269287" role=""/>
  <member type="way" ref="717269285" role=""/>
  <member type="way" ref="25147020" role=""/>
  <member type="way" ref="25147021" role=""/>
  <member type="way" ref="214394850" role=""/>
  <member type="way" ref="721970437" role=""/>
  <member type="way" ref="499096096" role=""/>
  <member type="way" ref="83709194" role=""/>
  <member type="way" ref="507340411" role=""/>
  <member type="way" ref="329322192" role=""/>
  <member type="way" ref="718192517" role=""/>
  <member type="way" ref="79123857" role=""/>
  <member type="way" ref="574147592" role=""/>
  <member type="way" ref="717929699" role=""/>
  <member type="way" ref="717929706" role=""/>
  <member type="way" ref="38532544" role=""/>
  <member type="way" ref="318507377" role=""/>
  <member type="way" ref="145255631" role=""/>
  <member type="way" ref="1204166869" role=""/>
  <member type="way" ref="316701466" role=""/>
  <member type="way" ref="38850992" role=""/>
  <member type="way" ref="724465150" role=""/>
  <member type="way" ref="42066353" role=""/>
  <member type="way" ref="38532554" role=""/>
  <member type="way" ref="724465148" role=""/>
  <member type="way" ref="724465149" role=""/>
  <member type="way" ref="425082187" role=""/>
  <member type="way" ref="145255256" role=""/>
  <member type="way" ref="291918070" role=""/>
  <member type="way" ref="724108874" role=""/>
  <member type="way" ref="72609370" role=""/>
  <member type="way" ref="724108869" role=""/>
  <member type="way" ref="103079206" role=""/>
  <member type="way" ref="103079202" role=""/>
  <member type="way" ref="130683208" role=""/>
  <member type="way" ref="707246912" role=""/>
  <member type="way" ref="424956394" role=""/>
  <member type="way" ref="424416082" role=""/>
  <member type="way" ref="23899893" role=""/>
  <member type="way" ref="42066354" role=""/>
  <member type="way" ref="42082048" role=""/>
  <member type="way" ref="38454705" role=""/>
  <member type="way" ref="38454707" role=""/>
  <member type="way" ref="38850993" role=""/>
  <member type="way" ref="193651474" role=""/>
  <member type="way" ref="193651473" role=""/>
  <member type="way" ref="424416073" role=""/>
  <member type="way" ref="23389873" role=""/>
  <member type="way" ref="96294232" role=""/>
  <member type="way" ref="36270698" role=""/>
  <member type="way" ref="39258231" role=""/>
  <member type="way" ref="718174276" role=""/>
  <member type="way" ref="83687778" role=""/>
  <member type="way" ref="96306833" role=""/>
  <member type="way" ref="718174275" role=""/>
  <member type="way" ref="1012086134" role=""/>
  <member type="way" ref="295406393" role=""/>
  <member type="way" ref="155513185" role=""/>
  <member type="way" ref="46171712" role=""/>
  <member type="way" ref="155513189" role=""/>
  <member type="way" ref="46171713" role=""/>
  <member type="way" ref="96365259" role=""/>
  <member type="way" ref="295406392" role=""/>
  <member type="way" ref="46171711" role=""/>
  <member type="way" ref="235173291" role=""/>
  <member type="way" ref="1177325093" role=""/>
  <member type="way" ref="1177325092" role=""/>
  <member type="way" ref="724108864" role=""/>
  <member type="way" ref="228436181" role=""/>
  <member type="way" ref="727774789" role=""/>
  <member type="way" ref="1062004373" role=""/>
  <member type="way" ref="28976857" role=""/>
  <member type="way" ref="24707975" role=""/>
  <member type="way" ref="33757869" role=""/>
  <member type="way" ref="156887315" role=""/>
  <member type="way" ref="886661412" role=""/>
  <member type="way" ref="888825828" role=""/>
  <member type="way" ref="24650912" role=""/>
  <member type="way" ref="727774792" role=""/>
  <member type="way" ref="796520952" role=""/>
  <member type="way" ref="727783571" role=""/>
  <member type="way" ref="1224813394" role=""/>
  <member type="way" ref="727783570" role=""/>
  <member type="way" ref="30486291" role=""/>
  <member type="way" ref="708836332" role=""/>
  <member type="way" ref="30486281" role=""/>
  <member type="way" ref="708836333" role=""/>
  <member type="way" ref="316712485" role=""/>
  <member type="way" ref="671109695" role=""/>
  <member type="way" ref="1311262823" role=""/>
  <member type="way" ref="372416298" role=""/>
  <member type="way" ref="83686933" role=""/>
  <member type="way" ref="721962801" role=""/>
  <member type="way" ref="25146630" role=""/>
  <member type="way" ref="35838910" role=""/>
  <member type="way" ref="25146614" role=""/>
  <member type="way" ref="721941231" role=""/>
  <member type="way" ref="867541655" role=""/>
  <member type="way" ref="691628851" role=""/>
  <member type="way" ref="691628852" role=""/>
  <member type="way" ref="721623119" role=""/>
  <member type="way" ref="721623118" role=""/>
  <member type="way" ref="25324692" role=""/>
  <member type="way" ref="25324685" role=""/>
  <member type="way" ref="763926689" role=""/>
  <member type="way" ref="42010656" role=""/>
  <member type="way" ref="342771221" role=""/>
  <member type="way" ref="25324683" role=""/>
  <member type="way" ref="721613108" role=""/>
  <member type="way" ref="113281538" role=""/>
  <member type="way" ref="29285687" role=""/>
  <member type="way" ref="55729990" role=""/>
  <member type="way" ref="701357022" role=""/>
  <member type="way" ref="29285586" role=""/>
  <member type="way" ref="27812538" role=""/>
  <member type="way" ref="102809785" role=""/>
  <member type="way" ref="701357019" role=""/>
  <member type="way" ref="29285688" role=""/>
  <member type="way" ref="727687664" role=""/>
  <member type="way" ref="696622478" role=""/>
  <member type="way" ref="696622479" role=""/>
  <member type="way" ref="727687666" role=""/>
  <member type="way" ref="149401763" role=""/>
  <member type="way" ref="1286263226" role=""/>
  <member type="way" ref="83687852" role=""/>
  <member type="way" ref="156402097" role=""/>
  <member type="way" ref="1205346107" role=""/>
  <member type="way" ref="83710765" role=""/>
  <member type="way" ref="96384199" role=""/>
  <member type="way" ref="96365262" role=""/>
  <member type="way" ref="96384200" role=""/>
  <member type="way" ref="724357712" role=""/>
  <member type="way" ref="727695408" role=""/>
  <member type="way" ref="25852056" role=""/>
  <member type="way" ref="696626759" role=""/>
  <member type="way" ref="787353133" role=""/>
  <member type="way" ref="696626760" role=""/>
  <member type="way" ref="696626761" role=""/>
  <member type="way" ref="28958890" role=""/>
  <member type="way" ref="96365270" role=""/>
  <member type="way" ref="724515241" role=""/>
  <member type="way" ref="696626762" role=""/>
  <member type="way" ref="93658231" role=""/>
  <member type="way" ref="696626763" role=""/>
  <member type="way" ref="35877946" role=""/>
  <member type="way" ref="696626764" role=""/>
  <member type="way" ref="696626765" role=""/>
  <member type="way" ref="33787884" role=""/>
  <member type="way" ref="896570353" role=""/>
  <member type="way" ref="26915036" role=""/>
  <member type="way" ref="96365284" role=""/>
  <member type="way" ref="96365255" role=""/>
  <member type="way" ref="696626772" role=""/>
  <member type="way" ref="696626773" role=""/>
  <member type="way" ref="27742848" role=""/>
  <member type="way" ref="995277366" role=""/>
  <member type="way" ref="696626774" role=""/>
  <member type="way" ref="34425498" role=""/>
  <member type="way" ref="172950663" role=""/>
  <member type="way" ref="696626776" role=""/>
  <member type="way" ref="724380674" role=""/>
  <member type="way" ref="724380675" role=""/>
  <member type="way" ref="33787883" role=""/>
  <member type="way" ref="724380676" role=""/>
  <member type="way" ref="724380677" role=""/>
  <member type="way" ref="727978661" role=""/>
  <member type="way" ref="402367734" role=""/>
  <member type="way" ref="402367725" role=""/>
  <member type="way" ref="727985474" role=""/>
  <member type="way" ref="1311377649" role=""/>
  <member type="way" ref="507593569" role=""/>
  <member type="way" ref="1066553846" role=""/>
  <member type="way" ref="320522683" role=""/>
  <member type="way" ref="379076119" role=""/>
  <member type="way" ref="770677238" role=""/>
  <member type="way" ref="24716485" role=""/>
  <member type="way" ref="1374048202" role=""/>
  <member type="way" ref="332231950" role=""/>
  <member type="way" ref="24727672" role=""/>
  <member type="way" ref="770677239" role=""/>
  <member type="way" ref="270551718" role=""/>
  <member type="way" ref="493323339" role=""/>
  <member type="way" ref="770677241" role=""/>
  <member type="way" ref="318209634" role=""/>
  <member type="way" ref="318209637" role=""/>
  <member type="way" ref="318209633" role=""/>
  <member type="way" ref="727774791" role=""/>
  <member type="way" ref="24221077" role=""/>
  <member type="way" ref="17257979" role=""/>
  <member type="way" ref="796510693" role=""/>
  <member type="way" ref="96365278" role=""/>
  <member type="way" ref="316281364" role=""/>
  <member type="way" ref="96365286" role=""/>
  <member type="way" ref="96365258" role=""/>
  <member type="way" ref="61395474" role=""/>
  <member type="way" ref="32637999" role=""/>
  <member type="way" ref="511127433" role=""/>
  <member type="way" ref="32637992" role=""/>
  <member type="way" ref="45394063" role=""/>
  <member type="way" ref="1376499010" role=""/>
  <member type="way" ref="45394062" role=""/>
  <member type="way" ref="1125165093" role=""/>
  <member type="way" ref="727972115" role=""/>
  <member type="way" ref="1376499006" role=""/>
  <member type="way" ref="727972116" role=""/>
  <member type="way" ref="30486276" role=""/>
  <member type="way" ref="33087174" role=""/>
  <member type="way" ref="18943982" role=""/>
  <member type="way" ref="796898631" role=""/>
  <member type="way" ref="796898630" role=""/>
  <member type="way" ref="29282490" role=""/>
  <member type="way" ref="1496606319" role=""/>
  <member type="way" ref="32637990" role=""/>
  <member type="way" ref="28979569" role=""/>
  <member type="way" ref="28977635" role=""/>
  <member type="way" ref="812900188" role=""/>
  <member type="way" ref="812900187" role=""/>
  <member type="way" ref="27769241" role=""/>
  <member type="way" ref="29270597" role=""/>
  <member type="way" ref="1072273948" role=""/>
  <member type="way" ref="701333475" role=""/>
  <member type="way" ref="701357014" role=""/>
  <member type="way" ref="29270598" role=""/>
  <member type="way" ref="1058195752" role=""/>
  <member type="way" ref="701357016" role=""/>
  <member type="way" ref="701357018" role=""/>
  <member type="way" ref="696622480" role=""/>
  <member type="way" ref="1366684798" role=""/>
  <member type="way" ref="707259406" role=""/>
  <member type="way" ref="1366684811" role=""/>
  <member type="way" ref="28444303" role=""/>
  <member type="way" ref="707259404" role=""/>
  <member type="way" ref="707259405" role=""/>
  <member type="way" ref="707257478" role=""/>
  <member type="way" ref="707257477" role=""/>
  <member type="way" ref="24255906" role=""/>
  <member type="way" ref="976277550" role=""/>
  <member type="way" ref="35429761" role=""/>
  <member type="way" ref="235340953" role=""/>
  <member type="way" ref="24255908" role=""/>
  <member type="way" ref="235340954" role=""/>
  <member type="way" ref="34308460" role=""/>
  <member type="way" ref="420066848" role=""/>
  <member type="way" ref="26164947" role=""/>
  <member type="way" ref="860607717" role=""/>
  <member type="way" ref="31870180" role=""/>
  <member type="way" ref="1192408497" role=""/>
  <member type="way" ref="96759570" role=""/>
  <member type="way" ref="860612582" role=""/>
  <member type="way" ref="41791088" role=""/>
  <member type="way" ref="863301260" role=""/>
  <member type="way" ref="31870573" role=""/>
  <member type="way" ref="1192697294" role=""/>
  <member type="way" ref="1192697293" role=""/>
  <member type="way" ref="216237002" role=""/>
  <member type="way" ref="821538773" role=""/>
  <member type="way" ref="821538774" role=""/>
  <member type="way" ref="26946573" role=""/>
  <member type="way" ref="375776518" role=""/>
  <member type="way" ref="826219988" role=""/>
  <member type="way" ref="826219987" role=""/>
  <member type="way" ref="16893601" role=""/>
  <member type="way" ref="740151751" role=""/>
  <member type="way" ref="1264625895" role=""/>
  <member type="way" ref="826219986" role=""/>
  <member type="way" ref="17044229" role=""/>
  <member type="way" ref="797074854" role=""/>
  <member type="way" ref="797074855" role=""/>
  <member type="way" ref="797074856" role=""/>
  <member type="way" ref="28558505" role=""/>
  <member type="way" ref="826219989" role=""/>
  <member type="way" ref="1306558182" role=""/>
  <member type="way" ref="16893604" role=""/>
  <member type="way" ref="860620632" role=""/>
  <member type="way" ref="36269680" role=""/>
  <member type="way" ref="23370121" role=""/>
  <member type="way" ref="136389037" role=""/>
  <member type="way" ref="136389035" role=""/>
  <member type="way" ref="23370122" role=""/>
  <member type="way" ref="38253649" role=""/>
  <member type="way" ref="216237000" role=""/>
  <member type="way" ref="859601640" role=""/>
  <member type="way" ref="36269659" role=""/>
  <member type="way" ref="24793290" role=""/>
  <member type="way" ref="860604119" role=""/>
  <member type="way" ref="1258292062" role=""/>
  <member type="way" ref="1192426614" role=""/>
  <member type="way" ref="860604120" role=""/>
  <member type="way" ref="1192420882" role=""/>
  <member type="way" ref="1206979140" role=""/>
  <member type="way" ref="415082414" role=""/>
  <member type="way" ref="26158907" role=""/>
  <member type="way" ref="26158906" role=""/>
  <member type="way" ref="24846188" role=""/>
  <member type="way" ref="26158908" role=""/>
  <member type="way" ref="24793291" role=""/>
  <member type="way" ref="860601723" role=""/>
  <member type="way" ref="860601724" role=""/>
  <member type="way" ref="24793298" role=""/>
  <member type="way" ref="24793299" role=""/>
  <member type="way" ref="860657391" role=""/>
  <member type="way" ref="24793297" role=""/>
  <member type="way" ref="860594142" role=""/>
  <member type="way" ref="24793293" role=""/>
  <member type="way" ref="860594143" role=""/>
  <member type="way" ref="94498673" role=""/>
  <member type="way" ref="301638653" role=""/>
  <member type="way" ref="703814617" role=""/>
  <member type="way" ref="32395353" role=""/>
  <member type="way" ref="24793292" role=""/>
  <member type="way" ref="703814618" role=""/>
  <member type="way" ref="35581299" role=""/>
  <member type="way" ref="24374020" role=""/>
  <member type="way" ref="1191744338" role=""/>
  <member type="way" ref="41193687" role=""/>
  <member type="way" ref="41193689" role=""/>
  <member type="way" ref="41193688" role=""/>
  <member type="way" ref="859651258" role=""/>
  <member type="way" ref="859651259" role=""/>
  <member type="way" ref="270555974" role=""/>
  <member type="way" ref="843896905" role=""/>
  <member type="way" ref="1021623762" role=""/>
  <member type="way" ref="1211124827" role=""/>
  <member type="way" ref="843896906" role=""/>
  <member type="way" ref="28845561" role=""/>
  <member type="way" ref="227879554" role=""/>
  <member type="way" ref="329101408" role=""/>
  <member type="way" ref="980960001" role=""/>
  <member type="way" ref="45025498" role=""/>
  <member type="way" ref="80605337" role=""/>
  <member type="way" ref="45074851" role=""/>
  <member type="way" ref="45074852" role=""/>
  <member type="way" ref="45074263" role=""/>
  <member type="way" ref="859682000" role=""/>
  <member type="way" ref="45074265" role=""/>
  <member type="way" ref="45074266" role=""/>
  <member type="way" ref="1192432108" role=""/>
  <member type="way" ref="1192432109" role=""/>
  <member type="way" ref="1192433080" role=""/>
  <member type="way" ref="45025499" role=""/>
  <member type="way" ref="208265149" role=""/>
  <member type="way" ref="208042878" role=""/>
  <member type="way" ref="859682002" role=""/>
  <member type="way" ref="859682001" role=""/>
  <member type="way" ref="653868296" role="forward"/>
  <member type="way" ref="697572674" role="forward"/>
  <member type="way" ref="1166063273" role="forward"/>
  <member type="way" ref="1166063272" role="forward"/>
  <member type="way" ref="915457926" role="forward"/>
  <tag k="name" v="Radschönrouten"/>
  <tag k="network" v="lcn"/>
  <tag k="route" v="bicycle"/>
  <tag k="source" v="https://www.landeszeitung.de/blog/lokales/1813182-umsteigen-auf-bus-und-rad"/>
  <tag k="state" v="proposed"/>
  <tag k="type" v="proposed:route"/>
 </relation>
 <relation id="13550382" visible="true" version="155" changeset="180307020" timestamp="2026-03-23T13:57:08Z" user="DoubleA" uid="1198074">
  <member type="node" ref="11007778176" role=""/>
  <member type="way" ref="46171713" role="forward"/>
  <member type="way" ref="155513189" role="forward"/>
  <member type="way" ref="46171712" role="forward"/>
  <member type="way" ref="155513185" role="forward"/>
  <member type="way" ref="295406393" role="forward"/>
  <member type="way" ref="1012086134" role=""/>
  <member type="way" ref="718174275" role=""/>
  <member type="way" ref="96306833" role=""/>
  <member type="way" ref="83687778" role=""/>
  <member type="way" ref="1012086133" role=""/>
  <member type="way" ref="1314501059" role=""/>
  <member type="way" ref="35470096" role=""/>
  <member type="way" ref="96306837" role=""/>
  <member type="way" ref="39258214" role=""/>
  <member type="way" ref="420011937" role=""/>
  <member type="way" ref="1314501057" role=""/>
  <member type="way" ref="23390822" role=""/>
  <member type="way" ref="96294232" role=""/>
  <member type="way" ref="23389873" role=""/>
  <member type="way" ref="303800726" role=""/>
  <member type="way" ref="303800320" role=""/>
  <member type="way" ref="303800632" role=""/>
  <member type="way" ref="96294222" role=""/>
  <member type="way" ref="402367711" role=""/>
  <member type="way" ref="402367712" role="forward"/>
  <member type="way" ref="834732650" role="forward"/>
  <member type="way" ref="834732649" role="forward"/>
  <member type="way" ref="402367731" role="forward"/>
  <member type="way" ref="402367737" role="forward"/>
  <member type="way" ref="1020069085" role="forward"/>
  <member type="way" ref="1020069084" role="forward"/>
  <member type="way" ref="28583365" role="forward"/>
  <member type="way" ref="295165872" role="forward"/>
  <member type="way" ref="707250089" role="forward"/>
  <member type="way" ref="707250086" role="forward"/>
  <member type="way" ref="402367732" role="forward"/>
  <member type="way" ref="402367718" role="forward"/>
  <member type="way" ref="1311377649" role="forward"/>
  <member type="way" ref="727985474" role="forward"/>
  <member type="way" ref="402367725" role="forward"/>
  <member type="way" ref="402367716" role="forward"/>
  <member type="way" ref="251757402" role="forward"/>
  <member type="way" ref="924969308" role="forward"/>
  <member type="way" ref="300971751" role="forward"/>
  <member type="way" ref="73905093" role=""/>
  <member type="way" ref="1464917671" role=""/>
  <member type="way" ref="1464917670" role=""/>
  <member type="way" ref="73227853" role="forward"/>
  <member type="way" ref="1215359162" role=""/>
  <member type="way" ref="595846968" role="forward"/>
  <member type="way" ref="1021173261" role=""/>
  <member type="way" ref="217187290" role=""/>
  <member type="way" ref="217187291" role=""/>
  <member type="way" ref="1033778321" role=""/>
  <member type="way" ref="595809532" role=""/>
  <member type="way" ref="826232899" role=""/>
  <member type="way" ref="1207258376" role=""/>
  <member type="way" ref="1207258374" role=""/>
  <member type="way" ref="1207258375" role=""/>
  <member type="way" ref="1207258372" role=""/>
  <member type="way" ref="219789506" role=""/>
  <member type="way" ref="1207261999" role=""/>
  <member type="way" ref="1207262000" role=""/>
  <member type="way" ref="827781313" role=""/>
  <member type="way" ref="378890171" role=""/>
  <member type="way" ref="217187293" role=""/>
  <member type="way" ref="1255679935" role=""/>
  <member type="way" ref="826292692" role=""/>
  <member type="way" ref="1016666737" role=""/>
  <member type="way" ref="826232901" role=""/>
  <member type="way" ref="32237874" role=""/>
  <member type="way" ref="32237879" role=""/>
  <member type="way" ref="32237896" role=""/>
  <member type="way" ref="32237910" role=""/>
  <member type="way" ref="35470098" role=""/>
  <member type="way" ref="32237005" role=""/>
  <member type="way" ref="23089364" role=""/>
  <member type="way" ref="23089362" role=""/>
  <member type="way" ref="23389710" role=""/>
  <member type="way" ref="482225873" role=""/>
  <member type="way" ref="820172622" role=""/>
  <member type="way" ref="23389711" role=""/>
  <member type="way" ref="841668973" role=""/>
  <member type="way" ref="35429758" role=""/>
  <member type="way" ref="35429760" role=""/>
  <member type="way" ref="820172621" role=""/>
  <member type="way" ref="820172620" role=""/>
  <member type="way" ref="757363230" role=""/>
  <member type="way" ref="820172619" role=""/>
  <member type="way" ref="820172618" role=""/>
  <member type="way" ref="757363229" role=""/>
  <member type="way" ref="820172617" role=""/>
  <member type="way" ref="23389709" role=""/>
  <member type="way" ref="24255906" role=""/>
  <member type="way" ref="976277550" role=""/>
  <member type="way" ref="35429761" role=""/>
  <member type="way" ref="235340953" role=""/>
  <member type="way" ref="24255908" role=""/>
  <member type="way" ref="235340954" role=""/>
  <member type="way" ref="427788190" role=""/>
  <member type="way" ref="45847675" role=""/>
  <member type="way" ref="427788189" role=""/>
  <member type="way" ref="46171711" role="forward"/>
  <member type="way" ref="29282657" role="forward"/>
  <member type="way" ref="718099394" role=""/>
  <member type="way" ref="297891992" role=""/>
  <member type="way" ref="96306840" role=""/>
  <member type="way" ref="297891991" role=""/>
  <member type="way" ref="13215491" role=""/>
  <member type="way" ref="328178779" role=""/>
  <member type="way" ref="499096100" role="forward"/>
  <member type="way" ref="574147594" role="forward"/>
  <member type="way" ref="574147593" role="forward"/>
  <member type="way" ref="1183961211" role="forward"/>
  <member type="way" ref="499096104" role="forward"/>
  <member type="way" ref="549336714" role="forward"/>
  <member type="way" ref="549336713" role="forward"/>
  <member type="way" ref="574147595" role="forward"/>
  <member type="way" ref="214396663" role="forward"/>
  <member type="way" ref="157511090" role=""/>
  <member type="way" ref="491372107" role=""/>
  <member type="way" ref="770677247" role=""/>
  <member type="way" ref="491372106" role=""/>
  <member type="way" ref="697569775" role=""/>
  <member type="way" ref="491372104" role="forward"/>
  <member type="way" ref="491372102" role="forward"/>
  <member type="way" ref="1013780362" role="forward"/>
  <member type="way" ref="173756731" role="forward"/>
  <member type="way" ref="23918356" role=""/>
  <member type="way" ref="23918286" role="forward"/>
  <member type="way" ref="1013780364" role=""/>
  <member type="way" ref="24219367" role=""/>
  <member type="way" ref="718192516" role=""/>
  <member type="way" ref="506188409" role=""/>
  <member type="way" ref="118607901" role=""/>
  <member type="way" ref="38851175" role=""/>
  <member type="way" ref="24219312" role=""/>
  <member type="way" ref="24219313" role=""/>
  <member type="way" ref="30185071" role=""/>
  <member type="way" ref="72147000" role=""/>
  <member type="way" ref="186522907" role="forward"/>
  <member type="way" ref="297223681" role="forward"/>
  <member type="way" ref="490633865" role="forward"/>
  <member type="way" ref="1087235922" role="forward"/>
  <member type="way" ref="1087235923" role="forward"/>
  <member type="way" ref="490633864" role="forward"/>
  <member type="way" ref="390853291" role="forward"/>
  <member type="way" ref="419838170" role="forward"/>
  <member type="way" ref="419838163" role="forward"/>
  <member type="way" ref="697299189" role="forward"/>
  <member type="way" ref="697299186" role="forward"/>
  <member type="way" ref="803005566" role="forward"/>
  <member type="way" ref="1149764942" role="forward"/>
  <member type="way" ref="1018557192" role="forward"/>
  <member type="way" ref="316573660" role="forward"/>
  <member type="way" ref="1429511482" role="forward"/>
  <member type="way" ref="102809789" role="forward"/>
  <member type="way" ref="1429511483" role="forward"/>
  <member type="way" ref="102809783" role="forward"/>
  <member type="way" ref="39373116" role="forward"/>
  <member type="way" ref="1307972067" role="forward"/>
  <member type="way" ref="404282552" role="forward"/>
  <member type="way" ref="697298578" role="forward"/>
  <member type="way" ref="1488525984" role="forward"/>
  <member type="way" ref="404222112" role="forward"/>
  <member type="way" ref="425412211" role="forward"/>
  <member type="way" ref="1488527589" role="forward"/>
  <member type="way" ref="425412207" role="forward"/>
  <member type="way" ref="697567560" role="forward"/>
  <member type="way" ref="490633860" role="forward"/>
  <member type="way" ref="411014870" role="forward"/>
  <member type="way" ref="490633861" role="forward"/>
  <member type="way" ref="411014869" role="forward"/>
  <member type="way" ref="419838177" role="forward"/>
  <member type="way" ref="1018840107" role="forward"/>
  <member type="way" ref="411014868" role=""/>
  <member type="way" ref="1166063273" role="forward"/>
  <member type="way" ref="697572674" role="forward"/>
  <member type="way" ref="653868296" role="forward"/>
  <member type="way" ref="270551719" role=""/>
  <member type="way" ref="997787029" role=""/>
  <member type="way" ref="997787030" role=""/>
  <member type="way" ref="723792401" role=""/>
  <member type="way" ref="676134439" role=""/>
  <member type="way" ref="676134548" role=""/>
  <member type="way" ref="676136560" role=""/>
  <member type="way" ref="676136562" role=""/>
  <member type="way" ref="1148593214" role=""/>
  <member type="way" ref="307076770" role=""/>
  <member type="way" ref="27811879" role=""/>
  <member type="way" ref="35586826" role=""/>
  <member type="way" ref="102809775" role=""/>
  <member type="way" ref="102809769" role=""/>
  <member type="way" ref="102809776" role=""/>
  <member type="way" ref="102809770" role=""/>
  <member type="way" ref="549336709" role="forward"/>
  <member type="way" ref="499096097" role=""/>
  <member type="way" ref="717929703" role="forward"/>
  <member type="way" ref="1013792568" role=""/>
  <member type="way" ref="102822442" role="forward"/>
  <member type="way" ref="1284806524" role="forward"/>
  <member type="way" ref="103008259" role="forward"/>
  <member type="way" ref="102809802" role="forward"/>
  <member type="way" ref="1013792567" role="forward"/>
  <member type="way" ref="976305875" role="forward"/>
  <member type="way" ref="499096098" role="forward"/>
  <member type="way" ref="1335968946" role="forward"/>
  <member type="way" ref="1183908059" role="forward"/>
  <member type="way" ref="976316121" role="forward"/>
  <member type="way" ref="976316120" role="forward"/>
  <member type="way" ref="717929701" role="forward"/>
  <member type="way" ref="499096096" role="forward"/>
  <member type="way" ref="83709194" role="forward"/>
  <member type="way" ref="1012427496" role="forward"/>
  <member type="way" ref="190111596" role="forward"/>
  <member type="way" ref="1057168754" role="forward"/>
  <member type="way" ref="190111614" role="forward"/>
  <member type="way" ref="190111645" role="forward"/>
  <member type="way" ref="1096922359" role="forward"/>
  <member type="way" ref="190111641" role="forward"/>
  <member type="way" ref="190111637" role="forward"/>
  <member type="way" ref="559780972" role="forward"/>
  <member type="way" ref="190111653" role="forward"/>
  <member type="way" ref="190111610" role="forward"/>
  <member type="way" ref="190111609" role="forward"/>
  <member type="way" ref="329322191" role="forward"/>
  <member type="way" ref="1056638529" role="forward"/>
  <member type="way" ref="1056638253" role="forward"/>
  <member type="way" ref="914489343" role="forward"/>
  <member type="way" ref="914489344" role="forward"/>
  <member type="way" ref="591649142" role="forward"/>
  <member type="way" ref="1012129003" role="forward"/>
  <member type="way" ref="1012129004" role="forward"/>
  <member type="way" ref="295406392" role="forward"/>
  <member type="way" ref="96365259" role="forward"/>
  <member type="way" ref="46171710" role="forward"/>
  <member type="way" ref="35026188" role="forward"/>
  <member type="way" ref="314444468" role="forward"/>
  <member type="way" ref="329110978" role="forward"/>
  <member type="way" ref="892079715" role="forward"/>
  <member type="way" ref="46171709" role="forward"/>
  <member type="way" ref="314444467" role="forward"/>
  <member type="way" ref="103008263" role="forward"/>
  <member type="way" ref="102868124" role="forward"/>
  <member type="way" ref="103008266" role="forward"/>
  <member type="way" ref="1012114190" role="forward"/>
  <member type="way" ref="1012114195" role=""/>
  <member type="way" ref="591649138" role="forward"/>
  <member type="way" ref="1238133603" role="forward"/>
  <member type="way" ref="1012114196" role="forward"/>
  <member type="way" ref="717929704" role="forward"/>
  <member type="way" ref="717929706" role="forward"/>
  <member type="way" ref="717929699" role="forward"/>
  <member type="way" ref="574147592" role="forward"/>
  <member type="way" ref="79123857" role="forward"/>
  <member type="way" ref="718192517" role=""/>
  <member type="way" ref="190111621" role=""/>
  <member type="way" ref="914489345" role="forward"/>
  <member type="way" ref="1012114194" role="forward"/>
  <member type="way" ref="1012114193" role="forward"/>
  <member type="way" ref="1012114192" role="forward"/>
  <member type="way" ref="499096099" role="forward"/>
  <member type="way" ref="23390804" role=""/>
  <member type="way" ref="156402089" role=""/>
  <member type="way" ref="118607905" role=""/>
  <member type="way" ref="26832251" role=""/>
  <member type="way" ref="16893609" role=""/>
  <member type="way" ref="17457033" role=""/>
  <member type="way" ref="1109984082" role=""/>
  <member type="way" ref="26831815" role=""/>
  <member type="way" ref="49135312" role=""/>
  <member type="way" ref="36335707" role=""/>
  <member type="way" ref="96294225" role=""/>
  <member type="way" ref="13200874" role=""/>
  <member type="way" ref="30537708" role=""/>
  <member type="way" ref="118607888" role=""/>
  <member type="way" ref="558917533" role=""/>
  <member type="way" ref="23918359" role=""/>
  <member type="way" ref="36335706" role=""/>
  <member type="way" ref="96306855" role=""/>
  <member type="way" ref="96306849" role=""/>
  <member type="way" ref="96306828" role=""/>
  <member type="way" ref="123546523" role=""/>
  <member type="way" ref="1373116148" role=""/>
  <member type="way" ref="173922269" role=""/>
  <member type="way" ref="15021023" role=""/>
  <member type="way" ref="25838159" role=""/>
  <member type="way" ref="155364235" role=""/>
  <member type="way" ref="47373494" role=""/>
  <member type="way" ref="47373495" role=""/>
  <member type="way" ref="83686826" role=""/>
  <member type="way" ref="1428332214" role=""/>
  <member type="way" ref="1428332223" role=""/>
  <member type="way" ref="698204678" role=""/>
  <member type="way" ref="698204677" role=""/>
  <member type="way" ref="698204676" role=""/>
  <member type="way" ref="355241474" role=""/>
  <member type="way" ref="696632788" role=""/>
  <member type="way" ref="205330455" role=""/>
  <member type="way" ref="83687779" role=""/>
  <member type="way" ref="88217887" role=""/>
  <member type="way" ref="940800148" role=""/>
  <member type="way" ref="1012804750" role=""/>
  <member type="way" ref="34425029" role=""/>
  <member type="way" ref="301962133" role=""/>
  <member type="way" ref="34425030" role=""/>
  <member type="way" ref="25440230" role=""/>
  <member type="way" ref="1427407274" role="forward"/>
  <member type="way" ref="25440225" role="forward"/>
  <member type="way" ref="314292898" role=""/>
  <member type="way" ref="314292897" role=""/>
  <member type="way" ref="740151751" role=""/>
  <member type="way" ref="1264625895" role=""/>
  <member type="way" ref="826219986" role=""/>
  <member type="way" ref="17504966" role=""/>
  <member type="way" ref="1326470050" role=""/>
  <member type="way" ref="12481140" role=""/>
  <member type="way" ref="1306319153" role=""/>
  <member type="way" ref="507341341" role=""/>
  <member type="way" ref="297355403" role=""/>
  <member type="way" ref="559782582" role=""/>
  <member type="way" ref="915201850" role=""/>
  <member type="way" ref="329322192" role=""/>
  <member type="way" ref="507340411" role=""/>
  <member type="way" ref="559780970" role=""/>
  <member type="way" ref="1056445832" role=""/>
  <member type="way" ref="1056446625" role=""/>
  <member type="way" ref="739961886" role=""/>
  <member type="way" ref="739961885" role=""/>
  <member type="way" ref="739970785" role=""/>
  <member type="way" ref="739970784" role=""/>
  <member type="way" ref="559780968" role=""/>
  <member type="way" ref="214298241" role=""/>
  <member type="way" ref="1306182040" role=""/>
  <member type="way" ref="1023604868" role=""/>
  <member type="way" ref="214298263" role=""/>
  <member type="way" ref="908915763" role=""/>
  <member type="way" ref="784245408" role=""/>
  <member type="way" ref="1012427495" role=""/>
  <member type="way" ref="27811880" role=""/>
  <member type="way" ref="27811881" role=""/>
  <member type="way" ref="41639745" role=""/>
  <member type="way" ref="118607903" role=""/>
  <member type="way" ref="1012552213" role="forward"/>
  <member type="way" ref="415523641" role="forward"/>
  <member type="way" ref="732685116" role=""/>
  <member type="way" ref="27811882" role=""/>
  <member type="way" ref="1305606811" role=""/>
  <member type="way" ref="1013544149" role=""/>
  <member type="way" ref="35838909" role=""/>
  <member type="way" ref="721941231" role=""/>
  <member type="way" ref="314376917" role=""/>
  <member type="way" ref="259755367" role=""/>
  <member type="way" ref="307075150" role=""/>
  <member type="way" ref="310224791" role=""/>
  <member type="way" ref="259757417" role=""/>
  <member type="way" ref="259757418" role=""/>
  <member type="way" ref="449133515" role=""/>
  <member type="way" ref="1254842970" role=""/>
  <member type="way" ref="1346007319" role=""/>
  <member type="way" ref="76820156" role=""/>
  <member type="way" ref="1012551301" role=""/>
  <member type="way" ref="1012551300" role=""/>
  <member type="way" ref="697552021" role=""/>
  <member type="way" ref="697553395" role=""/>
  <member type="way" ref="697555820" role=""/>
  <member type="way" ref="697556788" role=""/>
  <member type="way" ref="1348300943" role=""/>
  <member type="way" ref="574147596" role=""/>
  <member type="way" ref="697724632" role=""/>
  <member type="way" ref="26923135" role=""/>
  <member type="way" ref="26676258" role=""/>
  <member type="way" ref="697557865" role=""/>
  <member type="way" ref="26922803" role=""/>
  <member type="way" ref="316963720" role=""/>
  <member type="way" ref="363190438" role=""/>
  <member type="way" ref="27872661" role=""/>
  <member type="way" ref="18827526" role=""/>
  <member type="way" ref="18904237" role=""/>
  <member type="way" ref="375776516" role=""/>
  <member type="way" ref="34639231" role=""/>
  <member type="way" ref="745246753" role=""/>
  <member type="way" ref="32871402" role=""/>
  <member type="way" ref="78490693" role=""/>
  <member type="way" ref="78490695" role=""/>
  <member type="way" ref="1347555039" role=""/>
  <member type="way" ref="699857727" role=""/>
  <member type="way" ref="78490694" role=""/>
  <member type="way" ref="835572822" role=""/>
  <member type="way" ref="835572821" role="forward"/>
  <member type="way" ref="835572824" role=""/>
  <member type="way" ref="894300775" role=""/>
  <member type="way" ref="892361431" role=""/>
  <member type="way" ref="713440152" role=""/>
  <member type="way" ref="800581485" role=""/>
  <member type="way" ref="800581484" role=""/>
  <member type="way" ref="800581483" role=""/>
  <member type="way" ref="47771955" role=""/>
  <member type="way" ref="1066121923" role=""/>
  <member type="way" ref="33361883" role=""/>
  <member type="way" ref="800847373" role=""/>
  <member type="way" ref="893784431" role=""/>
  <member type="way" ref="1053363015" role=""/>
  <member type="way" ref="908914995" role=""/>
  <member type="way" ref="1102906052" role="forward"/>
  <member type="way" ref="1105005396" role="forward"/>
  <member type="way" ref="1408503352" role="forward"/>
  <member type="way" ref="26794819" role="forward"/>
  <member type="way" ref="915455296" role=""/>
  <member type="way" ref="1093763872" role=""/>
  <member type="way" ref="1093763871" role=""/>
  <member type="way" ref="1102906053" role=""/>
  <member type="way" ref="389885953" role="forward"/>
  <member type="way" ref="915455297" role="forward"/>
  <member type="way" ref="1305973056" role=""/>
  <member type="way" ref="1073414642" role=""/>
  <member type="way" ref="344979890" role=""/>
  <member type="way" ref="344979891" role=""/>
  <member type="way" ref="32815011" role=""/>
  <member type="way" ref="1013383193" role="forward"/>
  <member type="way" ref="1056391995" role="forward"/>
  <member type="way" ref="258908526" role="forward"/>
  <member type="way" ref="389885954" role="forward"/>
  <member type="way" ref="314307912" role="forward"/>
  <member type="way" ref="316190559" role="forward"/>
  <member type="way" ref="314295239" role="forward"/>
  <member type="way" ref="1056355950" role=""/>
  <member type="way" ref="314295243" role=""/>
  <member type="way" ref="18826359" role=""/>
  <member type="way" ref="296983215" role=""/>
  <member type="way" ref="1053396899" role=""/>
  <member type="way" ref="259972474" role=""/>
  <member type="way" ref="1263684240" role=""/>
  <member type="way" ref="214394852" role=""/>
  <member type="way" ref="1263684241" role=""/>
  <member type="way" ref="75508657" role=""/>
  <member type="way" ref="701357013" role=""/>
  <member type="way" ref="259749450" role=""/>
  <member type="way" ref="259749451" role=""/>
  <member type="way" ref="697567647" role=""/>
  <member type="way" ref="1234274457" role=""/>
  <member type="way" ref="1234274456" role=""/>
  <member type="way" ref="256120096" role=""/>
  <member type="way" ref="256120097" role=""/>
  <member type="way" ref="75508660" role=""/>
  <member type="way" ref="45017143" role=""/>
  <member type="way" ref="697550588" role=""/>
  <member type="way" ref="27812092" role=""/>
  <member type="way" ref="27812093" role=""/>
  <member type="way" ref="27822598" role=""/>
  <member type="way" ref="1125165093" role=""/>
  <member type="way" ref="727972115" role=""/>
  <member type="way" ref="1015092328" role=""/>
  <member type="way" ref="503885049" role=""/>
  <member type="way" ref="727783571" role=""/>
  <member type="way" ref="796520952" role=""/>
  <member type="way" ref="727774791" role=""/>
  <member type="way" ref="796510690" role=""/>
  <member type="way" ref="796510692" role=""/>
  <member type="way" ref="302562777" role="forward"/>
  <member type="way" ref="1015334735" role="forward"/>
  <member type="way" ref="12481148" role="forward"/>
  <member type="way" ref="302562780" role="forward"/>
  <member type="way" ref="391674720" role="forward"/>
  <member type="way" ref="82639155" role="forward"/>
  <member type="way" ref="1316457195" role="forward"/>
  <member type="way" ref="164351467" role="forward"/>
  <member type="way" ref="214416549" role="forward"/>
  <member type="way" ref="164351464" role="forward"/>
  <member type="way" ref="302562776" role="forward"/>
  <member type="way" ref="591255178" role="forward"/>
  <member type="way" ref="1316457223" role="forward"/>
  <member type="way" ref="1316457214" role="forward"/>
  <member type="way" ref="591255179" role="forward"/>
  <member type="way" ref="596729545" role="forward"/>
  <member type="way" ref="1015334737" role="forward"/>
  <member type="way" ref="228827674" role="forward"/>
  <member type="way" ref="1095876910" role="forward"/>
  <member type="way" ref="228827677" role="forward"/>
  <member type="way" ref="228827678" role="forward"/>
  <member type="way" ref="511208369" role="forward"/>
  <member type="way" ref="148565455" role="forward"/>
  <member type="way" ref="1442800107" role="forward"/>
  <member type="way" ref="12481151" role="forward"/>
  <member type="way" ref="17042995" role=""/>
  <member type="way" ref="85220995" role=""/>
  <member type="way" ref="899418894" role=""/>
  <member type="way" ref="18925169" role=""/>
  <member type="way" ref="1015334738" role=""/>
  <member type="way" ref="1015334739" role=""/>
  <member type="way" ref="35084623" role=""/>
  <member type="way" ref="511208370" role=""/>
  <member type="way" ref="227656118" role=""/>
  <member type="way" ref="23389554" role=""/>
  <member type="way" ref="976277555" role=""/>
  <member type="way" ref="511208366" role="forward"/>
  <member type="way" ref="888881326" role="forward"/>
  <member type="way" ref="25966655" role="forward"/>
  <member type="way" ref="889579206" role=""/>
  <member type="way" ref="26158900" role=""/>
  <member type="way" ref="740643895" role=""/>
  <member type="way" ref="183983175" role=""/>
  <member type="way" ref="610302045" role=""/>
  <member type="way" ref="511208365" role=""/>
  <member type="way" ref="45320963" role=""/>
  <member type="way" ref="1447030706" role=""/>
  <member type="way" ref="1442236212" role=""/>
  <member type="way" ref="302560877" role=""/>
  <member type="way" ref="1447030705" role=""/>
  <member type="way" ref="1366693080" role=""/>
  <member type="way" ref="33757870" role=""/>
  <member type="way" ref="31451577" role=""/>
  <member type="way" ref="1442236221" role=""/>
  <member type="way" ref="411117642" role=""/>
  <member type="way" ref="157511089" role=""/>
  <member type="way" ref="997787037" role=""/>
  <member type="way" ref="558917531" role=""/>
  <member type="way" ref="118607892" role=""/>
  <member type="way" ref="214394849" role=""/>
  <member type="way" ref="42029187" role=""/>
  <member type="way" ref="553477610" role=""/>
  <member type="way" ref="557298329" role=""/>
  <member type="way" ref="313265235" role=""/>
  <member type="way" ref="313265234" role=""/>
  <member type="way" ref="227318250" role="forward"/>
  <member type="way" ref="697635115" role="forward"/>
  <member type="way" ref="697635605" role="forward"/>
  <member type="way" ref="261871096" role="forward"/>
  <member type="way" ref="214300651" role="forward"/>
  <member type="way" ref="1150271487" role="forward"/>
  <member type="way" ref="697710242" role="forward"/>
  <member type="way" ref="1190566031" role="forward"/>
  <member type="way" ref="697636451" role="forward"/>
  <member type="way" ref="214394846" role="forward"/>
  <member type="way" ref="1190566032" role="forward"/>
  <member type="way" ref="1308857248" role="forward"/>
  <member type="way" ref="214300649" role="forward"/>
  <member type="way" ref="699665800" role="forward"/>
  <member type="way" ref="1150271489" role="forward"/>
  <member type="way" ref="1150271488" role="forward"/>
  <member type="way" ref="214300648" role="forward"/>
  <member type="way" ref="428617199" role=""/>
  <member type="way" ref="1261481776" role=""/>
  <member type="way" ref="45064156" role=""/>
  <member type="way" ref="1016304778" role=""/>
  <member type="way" ref="35429757" role=""/>
  <member type="way" ref="1192653954" role=""/>
  <member type="way" ref="34637492" role=""/>
  <member type="way" ref="1016666735" role=""/>
  <member type="way" ref="42067040" role=""/>
  <member type="way" ref="44866582" role=""/>
  <member type="way" ref="697572673" role="forward"/>
  <member type="way" ref="425412225" role="forward"/>
  <member type="way" ref="1488527588" role="forward"/>
  <member type="way" ref="697298580" role="forward"/>
  <member type="way" ref="1018557189" role=""/>
  <member type="way" ref="39418519" role=""/>
  <member type="way" ref="1018557188" role=""/>
  <member type="way" ref="39418521" role=""/>
  <member type="way" ref="39418520" role=""/>
  <member type="way" ref="164506608" role=""/>
  <member type="way" ref="164506610" role=""/>
  <member type="way" ref="164506607" role=""/>
  <member type="way" ref="941465862" role=""/>
  <member type="way" ref="941465863" role=""/>
  <member type="way" ref="164506609" role=""/>
  <member type="way" ref="1023628982" role=""/>
  <member type="way" ref="39373117" role=""/>
  <member type="way" ref="1018557187" role=""/>
  <member type="way" ref="1240206353" role=""/>
  <member type="way" ref="1023628980" role=""/>
  <member type="way" ref="316695667" role=""/>
  <member type="way" ref="393500777" role=""/>
  <member type="way" ref="68338504" role="forward"/>
  <member type="way" ref="12764066" role="forward"/>
  <member type="way" ref="68338510" role="forward"/>
  <member type="way" ref="118607900" role="forward"/>
  <member type="way" ref="194163682" role="forward"/>
  <member type="way" ref="83687773" role="forward"/>
  <member type="way" ref="1381349072" role="forward"/>
  <member type="way" ref="64595865" role=""/>
  <member type="way" ref="27107042" role=""/>
  <member type="way" ref="317130966" role=""/>
  <member type="way" ref="26945309" role=""/>
  <member type="way" ref="297225622" role=""/>
  <member type="way" ref="1076319549" role=""/>
  <member type="way" ref="915457925" role=""/>
  <member type="way" ref="1166063272" role="forward"/>
  <member type="way" ref="915457926" role="forward"/>
  <member type="way" ref="193651473" role=""/>
  <member type="way" ref="193651474" role=""/>
  <member type="way" ref="38850993" role=""/>
  <member type="way" ref="38850994" role=""/>
  <member type="way" ref="724108867" role=""/>
  <member type="way" ref="724108868" role=""/>
  <member type="way" ref="83705029" role=""/>
  <member type="way" ref="724108866" role=""/>
  <member type="way" ref="724108865" role=""/>
  <member type="way" ref="1177325093" role=""/>
  <member type="way" ref="1177325092" role=""/>
  <member type="way" ref="724108864" role=""/>
  <member type="way" ref="38851001" role=""/>
  <member type="way" ref="38851176" role=""/>
  <member type="way" ref="744149764" role=""/>
  <member type="way" ref="702153087" role=""/>
  <member type="way" ref="788956679" role=""/>
  <member type="way" ref="30249754" role=""/>
  <member type="way" ref="287097048" role=""/>
  <member type="way" ref="1012086135" role="forward"/>
  <member type="way" ref="718174272" role="forward"/>
  <member type="way" ref="718174273" role="forward"/>
  <member type="way" ref="718174270" role="forward"/>
  <member type="way" ref="718174269" role="forward"/>
  <member type="way" ref="591649143" role="forward"/>
  <member type="way" ref="653868295" role="forward"/>
  <member type="way" ref="235173291" role="forward"/>
  <member type="way" ref="272548903" role="forward"/>
  <member type="way" ref="480285577" role="backward"/>
  <member type="way" ref="1305606810" role="backward"/>
  <member type="way" ref="549336716" role="forward"/>
  <member type="way" ref="1012132859" role="forward"/>
  <member type="way" ref="499096106" role="forward"/>
  <member type="way" ref="98356329" role="forward"/>
  <member type="way" ref="261871523" role="forward"/>
  <member type="way" ref="1149764944" role=""/>
  <member type="way" ref="102809787" role=""/>
  <member type="way" ref="102809760" role=""/>
  <member type="way" ref="316573659" role=""/>
  <member type="relation" ref="7426112" role=""/>
  <tag k="description" v="Radverkehrsnetz Lüneburg"/>
  <tag k="network" v="lcn"/>
  <tag k="note" v="Radverkehrsnetz Lüneburg (im Aufbau)"/>
  <tag k="route" v="bicycle"/>
  <tag k="type" v="route"/>
 </relation>
 <relation id="17704507" visible="true" version="2" changeset="152540543" timestamp="2024-06-11T12:14:08Z" user="aseidel" uid="9616280">
  <member type="way" ref="102814872" role="to"/>
  <member type="way" ref="1291295175" role="from"/>
  <member type="node" ref="11971902067" role="via"/>
  <tag k="name" v="Verbot der Einfahrt"/>
  <tag k="restriction" v="no_entry"/>
  <tag k="type" v="restriction"/>
 </relation>
 <relation id="18307703" visible="true" version="1" changeset="159365067" timestamp="2024-11-20T13:03:26Z" user="aseidel" uid="9616280">
  <member type="way" ref="1335953163" role="from"/>
  <member type="node" ref="6844341257" role="via"/>
  <member type="way" ref="733884386" role="to"/>
  <tag k="restriction" v="only_left_turn"/>
  <tag k="type" v="restriction"/>
 </relation>
 <relation id="18869634" visible="true" version="2" changeset="175187442" timestamp="2025-11-27T08:47:41Z" user="Ræume" uid="21522606">
  <member type="way" ref="319937341" role="outer"/>
  <member type="way" ref="1369764571" role="outer"/>
  <member type="way" ref="92658191" role="outer"/>
  <member type="way" ref="25093619" role="outer"/>
  <tag k="addr:city" v="Lüneburg"/>
  <tag k="addr:country" v="DE"/>
  <tag k="addr:housenumber" v="1"/>
  <tag k="addr:postcode" v="21335"/>
  <tag k="addr:street" v="Universitätsallee"/>
  <tag k="alt_name" v="Universität Lüneburg"/>
  <tag k="amenity" v="university"/>
  <tag k="contact:email" v="info@leuphana.de"/>
  <tag k="contact:phone" v="+49 4131 677-0"/>
  <tag k="contact:website" v="https://www.leuphana.de/"/>
  <tag k="education" v="university"/>
  <tag k="name" v="Leuphana Universität Lüneburg"/>
  <tag k="old_name" v="Pädagogische Hochschule Lüneburg"/>
  <tag k="operator" v="Leuphana Universität Lüneburg"/>
  <tag k="operator:type" v="public"/>
  <tag k="short_name" v="Leuphana"/>
  <tag k="start_date" v="1946"/>
  <tag k="toilets:wheelchair" v="yes"/>
  <tag k="type" v="multipolygon"/>
  <tag k="wheelchair" v="yes"/>
  <tag k="wikidata" v="Q505170"/>
  <tag k="wikipedia" v="de:Leuphana Universität Lüneburg"/>
 </relation>
</osm>
